1;1401;261;699;1;Alpnach;Obwalden;Zürich;Zürich;;46.9380412,8.2701754;47.3768866,8.541694
2;1507;261;712;1;Hergiswil (NW);Nidwalden;Zürich;Zürich;;46.9905821,8.3083735;47.3768866,8.541694
3;3943;261;1347;1;Mastrils;Graubünden;Zürich;Zürich;;46.96628,9.54229;47.3768866,8.541694
4;5236;261;1802;1;Collina d'Oro;Tessin;Zürich;Zürich;;45.9821607,8.917103;47.3768866,8.541694
5;5192;261;1837;1;Lugano;Tessin;Zürich;Zürich;;46.0036778,8.951052;47.3768866,8.541694
6;5606;261;2119;1;Lutry;Waadt;Zürich;Zürich;;46.5088803,6.6827638;47.3768866,8.541694
7;5611;261;2228;1;Savigny;Waadt;Zürich;Zürich;;46.5383864,6.7321079;47.3768866,8.541694
8;5890;261;2258;1;Vevey;Waadt;Zürich;Zürich;;46.4628333,6.8419192;47.3768866,8.541694
9;6645;261;2529;1;Veyrier;Genf;Zürich;Zürich;;46.1660489,6.178397;47.3768866,8.541694
10;2;112;6;21;Affoltern am Albis;Zürich;Bubikon;Bubikon;;47.2795081,8.4540083;47.2682174,8.8191356
11;9;25;91;25;Mettmenstetten;Zürich;Dachsen;Dachsen;;47.2437032,8.4628831;47.6660626,8.6160024
12;2903;25;1142;25;Löhningen;Schaffhausen;Dachsen;Dachsen;;48.6592022,8.940526;47.6660626,8.6160024
13;2937;25;1144;25;Neuhausen am Rheinfall;Schaffhausen;Dachsen;Dachsen;;47.6837423,8.6126098;47.6660626,8.6160024
14;261;85;1;28;Zürich;Zürich;Dänikon;Dänikon;;47.3768866,8.541694;47.3052592,8.6915859
15;261;243;1;31;Zürich;Zürich;Dietikon;Dietikon;;47.3768866,8.541694;47.4053885,8.39977
16;5586;54;1914;32;Lausanne;Waadt;Dietlikon;Dietlikon;;46.5196535,6.6322734;47.4251986,8.6162283
17;261;217;1;39;Zürich;Zürich;Elgg;Elgg;;47.3768866,8.541694;47.4910721,8.8665461
18;217;217;39;39;Elgg;Zürich;Elgg;Elgg;;47.4910721,8.8665461;47.4910721,8.8665461
19;261;27;1;46;Zürich;Zürich;Feuerthalen;Feuerthalen;;47.3768866,8.541694;47.6885343,8.6497285
20;221;27;61;46;Hettlingen;Zürich;Feuerthalen;Feuerthalen;;47.5470158,8.7087902;47.6885343,8.6497285
21;9;27;91;46;Mettmenstetten;Zürich;Feuerthalen;Feuerthalen;;47.2437032,8.4628831;47.6885343,8.6497285
22;261;29;1;49;Zürich;Zürich;Flurlingen;Flurlingen;;47.3768866,8.541694;47.685357,8.6294367
23;221;29;61;49;Hettlingen;Zürich;Flurlingen;Flurlingen;;47.5470158,8.7087902;47.685357,8.6294367
24;9;29;91;49;Mettmenstetten;Zürich;Flurlingen;Flurlingen;;47.2437032,8.4628831;47.685357,8.6294367
25;2903;29;1142;49;Löhningen;Schaffhausen;Flurlingen;Flurlingen;;48.6592022,8.940526;47.685357,8.6294367
26;2937;29;1144;49;Neuhausen am Rheinfall;Schaffhausen;Flurlingen;Flurlingen;;47.6837423,8.6126098;47.685357,8.6294367
27;57;57;50;50;Freienstein-Teufen;Zürich;Freienstein-Teufen;Freienstein-Teufen;;47.5313791,8.5851744;47.5313791,8.5851744
28;230;57;168;50;Winterthur;Zürich;Freienstein-Teufen;Freienstein-Teufen;;47.4988196,8.7236889;47.5313791,8.5851744
29;216;220;33;56;Dinhard;Zürich;Hagenbuch;Hagenbuch;;47.5551167,8.7695628;47.5213595,8.8890608
30;230;220;168;56;Winterthur;Zürich;Hagenbuch;Hagenbuch;;47.4988196,8.7236889;47.5213595,8.8890608
31;261;134;1;72;Zürich;Zürich;Hütten;Hütten;;47.3768866,8.541694;47.174274,8.666808
32;1322;134;674;72;Freienbach;Schwyz;Hütten;Hütten;;47.2064107,8.7565933;47.174274,8.666808
33;1323;134;697;72;Wollerau;Schwyz;Hütten;Hütten;;47.19717,8.71338;47.174274,8.666808
34;1704;134;743;72;Menzingen;Zug;Hütten;Hütten;;47.1778831,8.5912483;47.174274,8.666808
35;6297;134;2424;72;Visp;Wallis;Hütten;Hütten;;46.2947277,7.8821204;47.174274,8.666808
36;261;87;1;73;Zürich;Zürich;Hüttikon;Hüttikon;;47.3768866,8.541694;47.4445367,8.3868213
37;371;174;201;74;Biel (BE);Bern;Illnau-Effretikon;Illnau-Effretikon;;47.1367785,7.2467909;47.4272742,8.6903376
38;5757;174;2160;74;Orbe;Waadt;Illnau-Effretikon;Illnau-Effretikon;;46.7293301,6.5323588;47.4272742,8.6903376
39;261;6;1;75;Zürich;Zürich;Kappel am Albis;Kappel am Albis;;47.3768866,8.541694;47.2273614,8.5268129
40;55;6;38;75;Eglisau;Zürich;Kappel am Albis;Kappel am Albis;;47.5762223,8.5219809;47.2273614,8.5268129
41;67;6;114;75;Rafz;Zürich;Kappel am Albis;Kappel am Albis;;47.6114723,8.5402379;47.2273614,8.5268129
42;2703;6;1042;75;Riehen;Basel;Kappel am Albis;Kappel am Albis;;47.5848274,7.6499111;47.2273614,8.5268129
43;5890;6;2258;75;Vevey;Waadt;Kappel am Albis;Kappel am Albis;;46.4628333,6.8419192;47.2273614,8.5268129
44;5586;62;1914;78;Lausanne;Waadt;Kloten;Kloten;;46.5196535,6.6322734;47.4495116,8.5821648
45;1067;7;638;79;Udligenswil;Luzern;Knonau;Knonau;;47.0905768,8.4016959;47.22365,8.46278
46;1708;7;747;79;Steinhausen;Zug;Knonau;Knonau;;47.197193,8.4850173;47.22365,8.46278
47;3901;7;1267;79;Chur;Graubünden;Knonau;Knonau;;46.8507835,9.5319859;47.22365,8.46278
48;4236;7;1568;79;Muri (AG);Aargau;Knonau;Knonau;;47.2735792,8.3415566;47.22365,8.46278
49;9;34;91;83;Mettmenstetten;Zürich;Laufen-Uhwiesen;Laufen-Uhwiesen;;47.2437032,8.4628831;47.6700922,8.6362791
50;2903;34;1142;83;Löhningen;Schaffhausen;Laufen-Uhwiesen;Laufen-Uhwiesen;;48.6592022,8.940526;47.6700922,8.6362791
51;2937;34;1144;83;Neuhausen am Rheinfall;Schaffhausen;Laufen-Uhwiesen;Laufen-Uhwiesen;;47.6837423,8.6126098;47.6700922,8.6362791
52;3276;155;1259;86;Wartau;Sankt Gallen;Männedorf;Männedorf;;47.09181,9.47739;47.2574625,8.6946733
53;3722;155;1303;86;Domat/Ems;Graubünden;Männedorf;Männedorf;;46.8336355,9.4473545;47.2574625,8.6946733
54;1067;8;638;88;Udligenswil;Luzern;Maschwanden;Maschwanden;;47.0905768,8.4016959;47.2348501,8.425838
55;1703;8;742;88;Hünenberg;Zug;Maschwanden;Maschwanden;;47.1771936,8.4271865;47.2348501,8.425838
56;1708;8;747;88;Steinhausen;Zug;Maschwanden;Maschwanden;;47.197193,8.4850173;47.2348501,8.425838
57;3901;8;1267;88;Chur;Graubünden;Maschwanden;Maschwanden;;46.8507835,9.5319859;47.2348501,8.425838
58;4021;8;1455;88;Baden;Aargau;Maschwanden;Maschwanden;;47.47288,8.30809;47.2348501,8.425838
59;4236;8;1568;88;Muri (AG);Aargau;Maschwanden;Maschwanden;;47.2735792,8.3415566;47.2348501,8.425838
60;5855;195;2036;89;Dully;Waadt;Maur;Maur;;46.4322894,6.2971136;47.3404954,8.6696688
61;4026;91;1497;97;Ennetbaden;Aargau;Niederweningen;Niederweningen;;47.4795038,8.3143249;47.5077974,8.3788864
62;261;246;1;107;Zürich;Zürich;Oetwil an der Limmat;Oetwil an der Limmat;;47.3768866,8.541694;47.4274949,8.394824
63;1102;66;635;108;Sempach;Luzern;Opfikon;Opfikon;;47.1341481,8.1933634;47.4346801,8.5671098
64;3231;66;1186;108;Au (SG);Sankt Gallen;Opfikon;Opfikon;;47.431055,9.6343097;47.4346801,8.5671098
65;261;67;1;114;Zürich;Zürich;Rafz;Rafz;;47.3768866,8.541694;47.6114723,8.5402379
66;217;67;39;114;Elgg;Zürich;Rafz;Rafz;;47.4910721,8.8665461;47.6114723,8.5402379
67;261;138;1;118;Zürich;Zürich;Richterswil;Richterswil;;47.3768866,8.541694;47.2053892,8.7070691
68;6297;138;2424;118;Visp;Wallis;Richterswil;Richterswil;;46.2947277,7.8821204;47.2053892,8.7070691
69;6153;247;2364;128;Monthey;Wallis;Schlieren;Schlieren;;46.2521873,6.9469598;47.3982611,8.448795
70;261;140;1;130;Zürich;Zürich;Schönenberg (ZH);Schönenberg (ZH);;47.3768866,8.541694;47.1932312,8.644027
71;1322;140;674;130;Freienbach;Schwyz;Schönenberg (ZH);Schönenberg (ZH);;47.2064107,8.7565933;47.1932312,8.644027
72;1323;140;697;130;Wollerau;Schwyz;Schönenberg (ZH);Schönenberg (ZH);;47.19717,8.71338;47.1932312,8.644027
73;1704;140;743;130;Menzingen;Zug;Schönenberg (ZH);Schönenberg (ZH);;47.1778831,8.5912483;47.1932312,8.644027
74;197;197;131;131;Schwerzenbach;Zürich;Schwerzenbach;Schwerzenbach;;47.3825634,8.6577503;47.3825634,8.6577503
75;230;158;168;135;Winterthur;Zürich;Stäfa;Stäfa;;47.4988196,8.7236889;40.9676093,29.1044417
76;2888;250;1083;148;Langenbruck;Basel Land;Urdorf;Urdorf;;47.3483495,7.7686817;47.3867071,8.420693
77;158;198;135;149;Stäfa;Zürich;Uster;Uster;;40.9676093,29.1044417;47.3482747,8.7178739
78;5635;198;2043;149;Ecublens (VD);Waadt;Uster;Uster;;46.5296363,6.5615252;47.3482747,8.7178739
79;9;199;91;151;Mettmenstetten;Zürich;Volketswil;Volketswil;;47.2437032,8.4628831;47.3895115,8.6874496
80;198;120;149;153;Uster;Zürich;Wald (ZH);Wald (ZH);;47.3482747,8.7178739;47.2771375,8.9155608
81;120;120;153;153;Wald (ZH);Zürich;Wald (ZH);Wald (ZH);;47.2771375,8.9155608;47.2771375,8.9155608
82;261;251;1;159;Zürich;Zürich;Weiningen (ZH);Weiningen (ZH);;47.3768866,8.541694;47.4197021,8.4344485
83;1407;121;698;162;Sarnen;Obwalden;Wetzikon (ZH);Wetzikon (ZH);;46.8959313,8.2456758;47.3270602,8.801356
84;115;230;53;168;Gossau (ZH);Zürich;Winterthur;Winterthur;;47.3064531,8.7586121;47.4988196,8.7236889
85;261;231;1;169;Zürich;Zürich;Zell (ZH);Zell (ZH);;47.3768866,8.541694;47.4442589,8.7984569
86;247;231;128;169;Schlieren;Zürich;Zell (ZH);Zell (ZH);;47.3982611,8.448795;47.4442589,8.7984569
87;194;351;54;172;Greifensee;Zürich;Bern;Bern;;47.3665785,8.6794982;46.9479739,7.4474468
88;2701;351;1040;172;Basel;Basel;Bern;Bern;;47.5595986,7.5885761;46.9479739,7.4474468
89;4255;351;1565;172;Mumpf;Aargau;Bern;Bern;;47.5461315,7.9196279;46.9479739,7.4474468
90;1702;404;741;222;Cham;Zug;Burgdorf;Burgdorf;;47.181225,8.4592089;47.0559357,7.6272243
91;2895;690;1121;233;Waldenburg;Basel Land;Court;Court;;47.3815278,7.7469396;46.189908,9.0195414
92;6453;494;2449;266;Enges;Neuchâtel;Gals;Gals;;47.0566208,7.012101;47.0281883,7.050374
93;6453;495;2449;267;Enges;Neuchâtel;Gampelen;Gampelen;;47.0566208,7.012101;47.014664,7.0578947
94;351;929;172;299;Bern;Bern;Hilterfingen;Hilterfingen;;46.9479739,7.4474468;46.7439605,7.6472306
95;929;929;299;299;Hilterfingen;Bern;Hilterfingen;Hilterfingen;;46.7439605,7.6472306;46.7439605,7.6472306
96;351;739;172;312;Bern;Bern;Ipsach;Ipsach;;46.9479739,7.4474468;47.1143109,7.232491
97;354;739;330;312;Kirchlindach;Bern;Ipsach;Ipsach;;46.9997652,7.4140521;47.1143109,7.232491
98;6741;435;2565;338;Le Bémont;Jura;La Ferrière;La Ferrière;;46.5202721,6.678129;47.1418557,6.8931182
99;6742;435;2567;338;Les Bois;Jura;La Ferrière;La Ferrière;;47.1774878,6.9052937;47.1418557,6.8931182
100;2895;387;1121;351;Waldenburg;Basel Land;Lengnau (BE);Lengnau (BE);;47.3815278,7.7469396;47.18076,7.3692807
101;785;785;372;372;Meiringen;Bern;Meiringen;Meiringen;;46.7251614,8.1909081;46.7251614,8.1909081
102;5269;785;1770;372;Breggia;Tessin;Meiringen;Meiringen;;45.866667,9.033333;46.7251614,8.1909081
103;306;356;363;391;Lyss;Bern;Muri bei Bern;Muri bei Bern;;47.0746504,7.3077022;46.9350521,7.4984728
104;2895;442;1121;446;Waldenburg;Basel Land;Romont (BE);Romont (BE);;47.3815278,7.7469396;47.1889747,7.3392264
105;939;939;493;493;Steffisburg;Bern;Steffisburg;Steffisburg;;46.7788438,7.6347832;46.7788438,7.6347832
106;5890;939;2258;493;Vevey;Waadt;Steffisburg;Steffisburg;;46.4628333,6.8419192;46.7788438,7.6347832
107;942;942;504;504;Thun;Bern;Thun;Thun;;46.7579868,7.6279881;46.7579868,7.6279881
108;2196;942;750;504;Fribourg;Fribourg;Thun;Thun;;46.8064773,7.1619719;46.7579868,7.6279881
109;6453;501;2449;513;Enges;Neuchâtel;Tschugg;Tschugg;;47.0566208,7.012101;47.0259262,7.0782281
110;3953;359;1342;524;Maienfeld;Graubünden;Vechigen;Vechigen;;47.00571,9.530813;46.9470299,7.5614952
111;3943;359;1347;524;Mastrils;Graubünden;Vechigen;Vechigen;;46.96628,9.54229;46.9470299,7.5614952
112;1051;1061;562;561;Adligenswil;Luzern;Luzern;Luzern;;47.071186,8.3647405;47.0501682,8.3093072
113;2601;1061;918;561;Solothurn;Solothurn;Luzern;Luzern;;47.2088348,7.532291;47.0501682,8.3093072
114;6608;1061;2493;561;Carouge (GE);Genf;Luzern;Luzern;;46.1829674,6.1378539;47.0501682,8.3093072
115;6630;1061;2514;561;Meyrin;Genf;Luzern;Luzern;;46.2283204,6.070988;47.0501682,8.3093072
116;261;1123;1;566;Zürich;Zürich;Altishofen;Altishofen;;47.3768866,8.541694;47.2022847,7.9669609
117;5046;1123;1894;566;Semione;Tessin;Altishofen;Altishofen;;46.4075638,8.9702528;47.2022847,7.9669609
118;1331;1055;680;590;Küssnacht am Rigi;Schwyz;Gisikon;Gisikon;;47.0843237,8.4431621;47.1276261,8.4012374
119;1703;1055;742;590;Hünenberg;Zug;Gisikon;Gisikon;;47.1771936,8.4271865;47.1276261,8.4012374
120;1331;1057;680;600;Küssnacht am Rigi;Schwyz;Honau;Honau;;47.0843237,8.4431621;47.1306454,8.4063308
121;1703;1057;742;600;Hünenberg;Zug;Honau;Honau;;47.1771936,8.4271865;47.1306454,8.4063308
122;261;1058;1;601;Zürich;Zürich;Horw;Horw;;47.3768866,8.541694;47.0184461,8.3079399
123;246;1058;107;601;Oetwil an der Limmat;Zürich;Horw;Horw;;47.4274949,8.394824;47.0184461,8.3079399
124;5586;1058;1914;601;Lausanne;Waadt;Horw;Horw;;46.5196535,6.6322734;47.0184461,8.3079399
125;261;1059;1;604;Zürich;Zürich;Kriens;Kriens;;47.3768866,8.541694;47.0341978,8.2772552
126;246;1059;107;604;Oetwil an der Limmat;Zürich;Kriens;Kriens;;47.4274949,8.394824;47.0341978,8.2772552
127;5586;1059;1914;604;Lausanne;Waadt;Kriens;Kriens;;46.5196535,6.6322734;47.0341978,8.2772552
128;4323;1063;1454;609;Bad Zurzach;Aargau;Meggen;Meggen;;47.5877895,8.2933248;47.0458287,8.3724158
129;1331;1064;680;610;Küssnacht am Rigi;Schwyz;Meierskappel;Meierskappel;;47.0843237,8.4431621;47.1244436,8.4432688
130;1703;1064;742;610;Hünenberg;Zug;Meierskappel;Meierskappel;;47.1771936,8.4271865;47.1244436,8.4432688
131;2701;1065;1040;626;Basel;Basel;Root;Root;;47.5595986,7.5885761;47.1149422,8.3900853
132;6297;1065;2424;626;Visp;Wallis;Root;Root;;46.2947277,7.8821204;47.1149422,8.3900853
133;4227;1041;1464;631;Bettwil;Aargau;Schongau;Schongau;;47.2903281,8.2693321;47.8150246,10.8942968
134;1063;1069;609;642;Meggen;Luzern;Weggis;Weggis;;47.0458287,8.3724158;47.0338792,8.425278
135;1213;1201;660;648;Schattdorf;Uri;Altdorf (UR);Altdorf (UR);;46.8642346,8.6481594;46.8821272,8.6428436
136;2701;1201;1040;648;Basel;Basel;Altdorf (UR);Altdorf (UR);;47.5595986,7.5885761;46.8821272,8.6428436
137;4095;1341;1478;670;Brugg;Aargau;Altendorf;Altendorf;;47.4867355,8.2109103;47.1914822,8.8299043
138;4121;1341;1641;670;Villigen;Aargau;Altendorf;Altendorf;;47.5262164,8.2147881;47.1914822,8.8299043
139;1301;1301;672;672;Einsiedeln;Schwyz;Einsiedeln;Einsiedeln;;47.127353,8.7451537;47.127353,8.7451537
140;2701;1321;1040;673;Basel;Basel;Feusisberg;Feusisberg;;47.5595986,7.5885761;47.1869781,8.7469796
141;6297;1321;2424;673;Visp;Wallis;Feusisberg;Feusisberg;;46.2947277,7.8821204;47.1869781,8.7469796
142;161;1322;170;674;Zollikon;Zürich;Freienbach;Freienbach;;47.3412096,8.5772146;47.2064107,8.7565933
143;4021;1322;1455;674;Baden;Aargau;Freienbach;Freienbach;;47.47288,8.30809;47.2064107,8.7565933
144;4082;1322;1654;674;Wohlen (AG);Aargau;Freienbach;Freienbach;;47.3493653,8.2768762;47.2064107,8.7565933
145;5586;1375;1914;694;Lausanne;Waadt;Unteriberg;Unteriberg;;46.5196535,6.6322734;47.0593246,8.8019535
146;261;1323;1;697;Zürich;Zürich;Wollerau;Wollerau;;47.3768866,8.541694;47.19717,8.71338
147;1710;1407;749;698;Walchwil;Zug;Sarnen;Sarnen;;47.100183,8.5162335;46.8959313,8.2456758
148;4021;1407;1455;698;Baden;Aargau;Sarnen;Sarnen;;47.47288,8.30809;46.8959313,8.2456758
149;5586;1407;1914;698;Lausanne;Waadt;Sarnen;Sarnen;;46.5196535,6.6322734;46.8959313,8.2456758
150;5646;1407;2221;698;Saint-Prex;Waadt;Sarnen;Sarnen;;46.4829113,6.4583435;46.8959313,8.2456758
151;5648;1407;2224;698;Saint-Sulpice (VD);Waadt;Sarnen;Sarnen;;46.510114,6.5581951;46.8959313,8.2456758
152;5586;1402;1914;700;Lausanne;Waadt;Engelberg;Engelberg;;46.5196535,6.6322734;46.8200266,8.4069918
153;1404;1404;702;702;Kerns;Obwalden;Kerns;Kerns;;46.9022606,8.2763586;46.9022606,8.2763586
154;261;1509;1;705;Zürich;Zürich;Stans;Stans;;47.3768866,8.541694;46.9571926,8.3659672
155;191;1509;35;705;Dübendorf;Zürich;Stans;Stans;;47.3971476,8.6180128;46.9571926,8.3659672
156;1509;1505;705;710;Stans;Nidwalden;Ennetbürgen;Ennetbürgen;;46.9571926,8.3659672;46.9851573,8.413513
157;246;1507;107;712;Oetwil an der Limmat;Zürich;Hergiswil (NW);Hergiswil (NW);;47.4274949,8.394824;46.9905821,8.3083735
158;5586;1507;1914;712;Lausanne;Waadt;Hergiswil (NW);Hergiswil (NW);;46.5196535,6.6322734;46.9905821,8.3083735
159;5635;1507;2043;712;Ecublens (VD);Waadt;Hergiswil (NW);Hergiswil (NW);;46.5296363,6.5615252;46.9905821,8.3083735
160;1703;1510;742;714;Hünenberg;Zug;Stansstad;Stansstad;;47.1771936,8.4271865;46.977594,8.3374207
161;2765;1510;1053;714;Binningen;Basel Land;Stansstad;Stansstad;;47.5378697,7.5709878;46.977594,8.3374207
162;4166;1510;1521;714;Herznach;Aargau;Stansstad;Stansstad;;47.4742674,8.0507173;46.977594,8.3374207
163;4253;1613;1549;725;Magden;Aargau;Linthal;Linthal;;47.5266505,7.814835;46.9218287,8.9996438
164;351;1711;172;739;Bern;Bern;Zug;Zug;;46.9479739,7.4474468;47.1661672,8.5154946
165;2254;1711;790;739;Courtepin;Fribourg;Zug;Zug;;46.8653104,7.1238213;47.1661672,8.5154946
166;2782;1711;1059;739;Brislach;Basel Land;Zug;Zug;;47.41885,7.5427693;47.1661672,8.5154946
167;3231;1711;1186;739;Au (SG);Sankt Gallen;Zug;Zug;;47.431055,9.6343097;47.1661672,8.5154946
168;3276;1711;1259;739;Wartau;Sankt Gallen;Zug;Zug;;47.09181,9.47739;47.1661672,8.5154946
169;3238;1711;1262;739;Widnau;Sankt Gallen;Zug;Zug;;47.4055145,9.6375563;47.1661672,8.5154946
170;2701;1701;1040;740;Basel;Basel;Baar;Baar;;47.5595986,7.5885761;47.1953729,8.526087
171;2703;1701;1042;740;Riehen;Basel;Baar;Baar;;47.5848274,7.6499111;47.1953729,8.526087
172;3954;1701;1344;740;Malans;Graubünden;Baar;Baar;;46.9816699,9.5758945;47.1953729,8.526087
173;5890;1701;2258;740;Vevey;Waadt;Baar;Baar;;46.4628333,6.8419192;47.1953729,8.526087
174;6153;1701;2364;740;Monthey;Wallis;Baar;Baar;;46.2521873,6.9469598;47.1953729,8.526087
175;2701;1702;1040;741;Basel;Basel;Cham;Cham;;47.5595986,7.5885761;47.181225,8.4592089
176;3901;1702;1267;741;Chur;Graubünden;Cham;Cham;;46.8507835,9.5319859;47.181225,8.4592089
177;3722;1702;1303;741;Domat/Ems;Graubünden;Cham;Cham;;46.8336355,9.4473545;47.181225,8.4592089
178;4021;1703;1455;742;Baden;Aargau;Hünenberg;Hünenberg;;47.47288,8.30809;47.1771936,8.4271865
179;141;1710;140;749;Thalwil;Zürich;Walchwil;Walchwil;;47.2949282,8.5644799;47.100183,8.5162335
180;2321;2321;753;753;Attalens;Fribourg;Attalens;Attalens;;46.5103309,6.8485685;46.5103309,6.8485685
181;5886;2321;2142;753;Montreux;Waadt;Attalens;Attalens;;46.4312213,6.9106799;46.5103309,6.8485685
182;2701;2061;1040;754;Basel;Basel;Auboranges;Auboranges;;47.5595986,7.5885761;46.5822239,6.8052223
183;2701;2066;1040;773;Basel;Basel;Chapelle;Chapelle;;47.5595986,7.5885761;46.5857175,6.8392134
184;2223;2096;836;874;Le Glèbe;Fribourg;Romont;Romont;;46.2339777,6.0557663;46.691887,6.9118086
185;2765;2471;1053;926;Binningen;Basel Land;Bättwil;Bättwil;;47.5378697,7.5709878;47.491449,7.509510
186;4253;2471;1549;926;Magden;Aargau;Bättwil;Bättwil;;47.5266505,7.814835;47.491449,7.509510
187;5611;2471;2228;926;Savigny;Waadt;Bättwil;Bättwil;;46.5383864,6.7321079;47.491449,7.509510
188;5890;2471;2258;926;Vevey;Waadt;Bättwil;Bättwil;;46.4628333,6.8419192;47.491449,7.509510
189;261;2473;1;942;Zürich;Zürich;Dornach;Dornach;;47.3768866,8.541694;47.4790491,7.6170412
190;158;2473;135;942;Stäfa;Zürich;Dornach;Dornach;;40.9676093,29.1044417;47.4790491,7.6170412
191;4172;2473;1566;942;Münchwilen (AG);Aargau;Dornach;Dornach;;47.5399234,7.9667513;47.4790491,7.6170412
192;4021;2401;1455;944;Baden;Aargau;Egerkingen;Egerkingen;;47.47288,8.30809;47.3214014,7.7936947
193;5586;2401;1914;944;Lausanne;Waadt;Egerkingen;Egerkingen;;46.5196535,6.6322734;47.3214014,7.7936947
194;2581;2574;1013;945;Olten;Solothurn;Eppenberg-Wöschnau;Eppenberg-Wöschnau;;47.3499624,7.9037034;47.3758233,8.02418
195;4005;2574;1499;945;Erlinsbach;Aargau;Eppenberg-Wöschnau;Eppenberg-Wöschnau;;47.4067819,8.0111999;47.3758233,8.02418
196;2701;2546;1040;957;Basel;Basel;Grenchen;Grenchen;;47.5595986,7.5885761;47.1922876,7.3958907
197;261;2402;1;964;Zürich;Zürich;Härkingen;Härkingen;;47.3768866,8.541694;51.7102808,4.0879282
198;141;2402;140;964;Thalwil;Zürich;Härkingen;Härkingen;;47.2949282,8.5644799;51.7102808,4.0879282
199;2772;2618;1101;970;Pfeffingen;Basel Land;Himmelried;Himmelried;;47.4586328,7.5900291;47.42219,7.59808
200;4172;2618;1566;970;Münchwilen (AG);Aargau;Himmelried;Himmelried;;47.5399234,7.9667513;47.42219,7.59808
201;4172;2475;1566;971;Münchwilen (AG);Aargau;Hochwald;Hochwald;;47.5399234,7.9667513;47.4574646,7.6431883
202;4253;2476;1549;972;Magden;Aargau;Hofstetten-Flüh;Hofstetten-Flüh;;47.5266505,7.814835;47.4769723,7.5117799
203;4253;2477;1549;997;Magden;Aargau;Metzerlen-Mariastein;Metzerlen-Mariastein;;47.5266505,7.814835;47.46586,7.46494
204;2701;2478;1040;1005;Basel;Basel;Nuglar-St.Pantaleon;Nuglar-St.Pantaleon;;47.5595986,7.5885761;47.4713115,7.6928374
205;2829;2478;1043;1005;Liestal;Basel Land;Nuglar-St.Pantaleon;Nuglar-St.Pantaleon;;47.4866143,7.7334272;47.4713115,7.6928374
206;5130;2581;1902;1013;Tegna;Tessin;Olten;Olten;;46.186706,8.7443382;47.3499624,7.9037034
207;2581;2583;1013;1021;Olten;Solothurn;Schönenwerd;Schönenwerd;;47.3499624,7.9037034;47.3736954,8.0023269
208;4005;2583;1499;1021;Erlinsbach;Aargau;Schönenwerd;Schönenwerd;;47.4067819,8.0111999;47.3736954,8.0023269
209;230;2701;168;1040;Winterthur;Zürich;Basel;Basel;;47.4988196,8.7236889;47.5595986,7.5885761
210;5422;2703;1924;1042;Aubonne;Waadt;Riehen;Riehen;;46.4953291,6.3918325;47.5848274,7.6499111
211;261;2761;1;1044;Zürich;Zürich;Aesch (BL);Aesch (BL);;47.3768866,8.541694;47.4672734,7.5979344
212;261;2763;1;1049;Zürich;Zürich;Arlesheim;Arlesheim;;47.3768866,8.541694;47.499576,7.6192212
213;5611;2764;2228;1052;Savigny;Waadt;Biel-Benken (BL);Biel-Benken (BL);;46.5383864,6.7321079;47.506272,7.5255321
214;2765;2765;1053;1053;Binningen;Basel Land;Binningen;Binningen;;47.5378697,7.5709878;47.5378697,7.5709878
215;3251;2765;1183;1053;Altstätten;Sankt Gallen;Binningen;Binningen;;47.3774633,9.5469133;47.5378697,7.5709878
216;4021;2765;1455;1053;Baden;Aargau;Binningen;Binningen;;47.47288,8.30809;47.5378697,7.5709878
217;5586;2765;1914;1053;Lausanne;Waadt;Binningen;Binningen;;46.5196535,6.6322734;47.5378697,7.5709878
218;4253;2781;1549;1055;Magden;Aargau;Blauen;Blauen;;47.5266505,7.814835;47.4501556,7.5187797
219;5611;2781;2228;1055;Savigny;Waadt;Blauen;Blauen;;46.5383864,6.7321079;47.4501556,7.5187797
220;2782;2782;1059;1059;Brislach;Basel Land;Brislach;Brislach;;47.41885,7.5427693;47.41885,7.5427693
221;261;2785;1;1067;Zürich;Zürich;Duggingen;Duggingen;;47.3768866,8.541694;47.4527468,7.6050304
222;5611;2768;2228;1069;Savigny;Waadt;Ettingen;Ettingen;;46.5383864,6.7321079;47.4819119,7.5448507
223;2782;2786;1059;1074;Brislach;Basel Land;Grellingen;Grellingen;;47.41885,7.5427693;47.4409994,7.5905459
224;4021;2888;1455;1083;Baden;Aargau;Langenbruck;Langenbruck;;47.47288,8.30809;47.3483495,7.7686817
225;2782;2787;1059;1085;Brislach;Basel Land;Laufen;Laufen;;47.41885,7.5427693;47.4204213,7.5004874
226;1058;2853;601;1091;Horw;Luzern;Maisprach;Maisprach;;47.0184461,8.3079399;47.5238529,7.8468307
227;261;2769;1;1092;Zürich;Zürich;Münchenstein;Münchenstein;;47.3768866,8.541694;47.5226485,7.6150661
228;2782;2789;1059;1094;Brislach;Basel Land;Nenzlingen;Nenzlingen;;47.41885,7.5427693;47.447616,7.5619487
229;5611;2771;2228;1098;Savigny;Waadt;Oberwil (BL);Oberwil (BL);;46.5383864,6.7321079;47.5159745,7.5582003
230;261;2772;1;1101;Zürich;Zürich;Pfeffingen;Pfeffingen;;47.3768866,8.541694;47.4586328,7.5900291
231;2701;2772;1040;1101;Basel;Basel;Pfeffingen;Pfeffingen;;47.5595986,7.5885761;47.4586328,7.5900291
232;2772;2772;1101;1101;Pfeffingen;Basel Land;Pfeffingen;Pfeffingen;;47.4586328,7.5900291;47.4586328,7.5900291
233;4172;2772;1566;1101;Münchwilen (AG);Aargau;Pfeffingen;Pfeffingen;;47.5399234,7.9667513;47.4586328,7.5900291
234;5611;2774;2228;1112;Savigny;Waadt;Schönenbuch;Schönenbuch;;46.5383864,6.7321079;47.5372246,7.5020252
235;5611;2775;2228;1117;Savigny;Waadt;Therwil;Therwil;;46.5383864,6.7321079;47.4990611,7.5532808
236;2782;2792;1059;1120;Brislach;Basel Land;Wahlen;Wahlen;;47.41885,7.5427693;47.4012701,7.5156451
237;2782;2793;1059;1128;Brislach;Basel Land;Zwingen;Zwingen;;47.41885,7.5427693;47.4371566,7.5308866
238;121;2939;162;1129;Wetzikon (ZH);Zürich;Schaffhausen;Schaffhausen;;47.3270602,8.801356;47.6958897,8.6380489
239;55;2933;38;1134;Eglisau;Zürich;Buchberg;Buchberg;;47.5762223,8.5219809;47.5732503,8.5627138
240;217;2933;39;1134;Elgg;Zürich;Buchberg;Buchberg;;47.4910721,8.8665461;47.5732503,8.5627138
241;57;2933;50;1134;Freienstein-Teufen;Zürich;Buchberg;Buchberg;;47.5313791,8.5851744;47.5732503,8.5627138
242;55;2938;38;1148;Eglisau;Zürich;Rüdlingen;Rüdlingen;;47.5762223,8.5219809;48.8508157,10.4894906
243;217;2938;39;1148;Elgg;Zürich;Rüdlingen;Rüdlingen;;47.4910721,8.8665461;48.8508157,10.4894906
244;3236;3033;1248;1162;St. Margrethen;Sankt Gallen;Lutzenberg;Lutzenberg;;47.4496088,9.6376089;47.4591355,9.5798361
245;1341;3035;670;1164;Altendorf;Schwyz;Reute;Reute;;47.1914822,8.8299043;47.419751,9.5760652
246;261;3024;1;1169;Zürich;Zürich;Teufen;Teufen;;47.3768866,8.541694;47.390742,9.3892463
247;2601;3024;918;1169;Solothurn;Solothurn;Teufen;Teufen;;47.2088348,7.532291;47.390742,9.3892463
248;4501;3024;1705;1169;Kradolf-Schönenberg;Thurgau;Teufen;Teufen;;47.5213353,9.1987635;47.390742,9.3892463
249;4671;3024;1706;1169;Kreuzlingen;Thurgau;Teufen;Teufen;;47.6447397,9.1707858;47.390742,9.3892463
250;1341;3037;670;1174;Altendorf;Schwyz;Walzenhausen;Walzenhausen;;47.1914822,8.8299043;47.4513643,9.6023288
251;3231;3037;1186;1174;Au (SG);Sankt Gallen;Walzenhausen;Walzenhausen;;47.431055,9.6343097;47.4513643,9.6023288
252;3236;3037;1248;1174;St. Margrethen;Sankt Gallen;Walzenhausen;Walzenhausen;;47.4496088,9.6376089;47.4513643,9.6023288
253;1341;3038;670;1175;Altendorf;Schwyz;Wolfhalden;Wolfhalden;;47.1914822,8.8299043;47.45371,9.55054
254;1341;3111;670;1178;Altendorf;Schwyz;Oberegg;Oberegg;;47.1914822,8.8299043;47.4228209,9.5498523
255;191;3203;35;1182;Dübendorf;Zürich;St. Gallen;St. Gallen;;47.3971476,8.6180128;47.4244818,9.3767173
256;1702;3203;741;1182;Cham;Zug;St. Gallen;St. Gallen;;47.181225,8.4592089;47.4244818,9.3767173
257;2601;3203;918;1182;Solothurn;Solothurn;St. Gallen;St. Gallen;;47.2088348,7.532291;47.4244818,9.3767173
258;4671;3203;1706;1182;Kreuzlingen;Thurgau;St. Gallen;St. Gallen;;47.6447397,9.1707858;47.4244818,9.3767173
259;2196;3251;750;1183;Fribourg;Fribourg;Altstätten;Altstätten;;46.8064773,7.1619719;47.3774633,9.5469133
260;1341;3233;670;1191;Altendorf;Schwyz;Berneck;Berneck;;47.1914822,8.8299043;47.4255058,9.6135168
261;1322;3233;674;1191;Freienbach;Schwyz;Berneck;Berneck;;47.2064107,8.7565933;47.4255058,9.6135168
262;141;3271;140;1193;Thalwil;Zürich;Buchs (SG);Buchs (SG);;47.2949282,8.5644799;47.1655403,9.4708594
263;1711;3271;739;1193;Zug;Zug;Buchs (SG);Buchs (SG);;47.1661672,8.5154946;47.1655403,9.4708594
264;120;3332;153;1201;Wald (ZH);Zürich;Eschenbach (SG);Eschenbach (SG);;47.2771375,8.9155608;47.2406093,8.9220805
265;3275;3272;1246;1205;Sevelen;Sankt Gallen;Gams;Gams;;47.1218764,9.486948;47.2039131,9.4413218
266;3276;3272;1259;1205;Wartau;Sankt Gallen;Gams;Gams;;47.09181,9.47739;47.2039131,9.4413218
267;120;3333;153;1208;Wald (ZH);Zürich;Goldingen;Goldingen;;47.2771375,8.9155608;47.2629383,8.9663634
268;3212;3392;1198;1216;Eggersriet;Sankt Gallen;Kirchberg (SG);Kirchberg (SG);;47.4426685,9.4719247;47.4113533,9.0401819
269;3392;3392;1216;1216;Kirchberg (SG);Sankt Gallen;Kirchberg (SG);Kirchberg (SG);;47.4113533,9.0401819;47.4113533,9.0401819
270;261;3256;1;1241;Zürich;Zürich;Rüthi (SG);Rüthi (SG);;47.3768866,8.541694;47.1456254,9.3504332
271;9;3256;91;1241;Mettmenstetten;Zürich;Rüthi (SG);Rüthi (SG);;47.2437032,8.4628831;47.1456254,9.3504332
272;3203;3236;1182;1248;St. Gallen;Sankt Gallen;St. Margrethen;St. Margrethen;;47.4244818,9.3767173;47.4496088,9.6376089
273;2196;3298;750;1258;Fribourg;Fribourg;Walenstadt;Walenstadt;;46.8064773,7.1619719;47.12398,9.31603
274;5724;3298;2154;1258;Nyon;Waadt;Walenstadt;Walenstadt;;46.3832683,6.2347852;47.12398,9.31603
275;261;3238;1;1262;Zürich;Zürich;Widnau;Widnau;;47.3768866,8.541694;47.4055145,9.6375563
276;3251;3238;1183;1262;Altstätten;Sankt Gallen;Widnau;Widnau;;47.3774633,9.5469133;47.4055145,9.6375563
277;3238;3238;1262;1262;Widnau;Sankt Gallen;Widnau;Widnau;;47.4055145,9.6375563;47.4055145,9.6375563
278;3212;3901;1198;1267;Eggersriet;Sankt Gallen;Chur;Chur;;47.4426685,9.4719247;46.8507835,9.5319859
279;3392;3901;1216;1267;Kirchberg (SG);Sankt Gallen;Chur;Chur;;47.4113533,9.0401819;46.8507835,9.5319859
280;3901;3901;1267;1267;Chur;Graubünden;Chur;Chur;;46.8507835,9.5319859;46.8507835,9.5319859
281;230;3921;168;1274;Winterthur;Zürich;Arosa;Arosa;;47.4988196,8.7236889;46.7823704,9.6799111
282;2939;3921;1129;1274;Schaffhausen;Schaffhausen;Arosa;Arosa;;47.6958897,8.6380489;46.7823704,9.6799111
283;2257;3851;791;1300;Cressier;Fribourg;Davos;Davos;;47.050861,7.0373624;46.8027453,9.8359701
284;3276;3953;1259;1342;Wartau;Sankt Gallen;Maienfeld;Maienfeld;;47.09181,9.47739;47.00571,9.530813
285;3953;3953;1342;1342;Maienfeld;Graubünden;Maienfeld;Maienfeld;;47.00571,9.530813;47.00571,9.530813
286;3943;3953;1347;1342;Mastrils;Graubünden;Maienfeld;Maienfeld;;46.96628,9.54229;47.00571,9.530813
287;154;3787;80;1405;Küsnacht (ZH);Zürich;St. Moritz;St. Moritz;;47.3189227,8.5844705;46.4907973,9.8355079
288;1063;3787;609;1405;Meggen;Luzern;St. Moritz;St. Moritz;;47.0458287,8.3724158;46.4907973,9.8355079
289;1707;4001;746;1445;Risch;Zug;Aarau;Aarau;;47.1410511,8.4298274;47.390434,8.0457015
290;5130;4271;1902;1446;Tegna;Tessin;Aarburg;Aarburg;;46.186706,8.7443382;47.3205914,7.9066923
291;4021;4323;1455;1454;Baden;Aargau;Bad Zurzach;Bad Zurzach;;47.47288,8.30809;47.5877895,8.2933248
292;4315;4323;1590;1454;Rekingen (AG);Aargau;Bad Zurzach;Bad Zurzach;;47.56982,8.32183;47.5877895,8.2933248
293;243;4022;31;1459;Dietikon;Zürich;Bellikon;Bellikon;;47.4053885,8.39977;47.3891984,8.3440277
294;243;4023;31;1461;Dietikon;Zürich;Bergdietikon;Bergdietikon;;47.4053885,8.39977;47.3934257,8.390457
295;2888;4023;1083;1461;Langenbruck;Basel Land;Bergdietikon;Bergdietikon;;47.3483495,7.7686817;47.3934257,8.390457
296;2888;4062;1083;1462;Langenbruck;Basel Land;Berikon;Berikon;;47.3483495,7.7686817;47.352,8.37021
297;1021;4227;563;1464;Aesch (LU);Luzern;Bettwil;Bettwil;;47.2559244,8.2411615;47.2903281,8.2693321
298;4227;4227;1464;1464;Bettwil;Aargau;Bettwil;Bettwil;;47.2903281,8.2693321;47.2903281,8.2693321
299;1331;4231;680;1486;Küssnacht am Rigi;Schwyz;Dietwil;Dietwil;;47.0843237,8.4431621;47.1488021,8.3920498
300;1703;4231;742;1486;Hünenberg;Zug;Dietwil;Dietwil;;47.1771936,8.4271865;47.1488021,8.3920498
301;6297;4231;2424;1486;Visp;Wallis;Dietwil;Dietwil;;46.2947277,7.8821204;47.1488021,8.3920498
302;1701;4097;740;1495;Baar;Zug;Elfingen;Elfingen;;47.1953729,8.526087;47.5084111,8.0994405
303;4083;4097;1663;1495;Zufikon;Aargau;Elfingen;Elfingen;;47.3455892,8.3577623;47.5084111,8.0994405
304;4021;4026;1455;1497;Baden;Aargau;Ennetbaden;Ennetbaden;;47.47288,8.30809;47.4795038,8.3143249
305;4026;4026;1497;1497;Ennetbaden;Aargau;Ennetbaden;Ennetbaden;;47.4795038,8.3143249;47.4795038,8.3143249
306;2831;4252;1102;1529;Pratteln;Basel Land;Kaiseraugst;Kaiseraugst;;47.5183198,7.6919889;47.5380277,7.7289624
307;243;4030;31;1533;Dietikon;Zürich;Killwangen;Killwangen;;47.4053885,8.39977;47.4326177,8.3484353
308;1702;4310;741;1536;Cham;Zug;Koblenz;Koblenz;;47.181225,8.4592089;50.3569429,7.5889959
309;4312;4310;1543;1536;Lengnau (AG);Aargau;Koblenz;Koblenz;;47.5204237,8.3296194;50.3569429,7.5889959
310;2546;4204;957;1570;Grenchen;Solothurn;Niederlenz;Niederlenz;;47.1922876,7.3958907;47.4015698,8.1761165
311;4671;4204;1706;1570;Kreuzlingen;Thurgau;Niederlenz;Niederlenz;;47.6447397,9.1707858;47.4015698,8.1761165
312;1331;4237;680;1581;Küssnacht am Rigi;Schwyz;Oberrüti;Oberrüti;;47.0843237,8.4431621;47.1659772,8.3944487
313;1703;4237;742;1581;Hünenberg;Zug;Oberrüti;Oberrüti;;47.1771936,8.4271865;47.1659772,8.3944487
314;4021;4237;1455;1581;Baden;Aargau;Oberrüti;Oberrüti;;47.47288,8.30809;47.1659772,8.3944487
315;261;4038;1;1582;Zürich;Zürich;Obersiggenthal;Obersiggenthal;;47.3768866,8.541694;47.4869944,8.2918057
316;2701;4038;1040;1582;Basel;Basel;Obersiggenthal;Obersiggenthal;;47.5595986,7.5885761;47.4869944,8.2918057
317;2702;4038;1041;1582;Bettingen;Basel;Obersiggenthal;Obersiggenthal;;47.5709866,7.6651414;47.4869944,8.2918057
318;2765;4038;1053;1582;Binningen;Basel Land;Obersiggenthal;Obersiggenthal;;47.5378697,7.5709878;47.4869944,8.2918057
319;4021;4038;1455;1582;Baden;Aargau;Obersiggenthal;Obersiggenthal;;47.47288,8.30809;47.4869944,8.2918057
320;4095;4038;1478;1582;Brugg;Aargau;Obersiggenthal;Obersiggenthal;;47.4867355,8.2109103;47.4869944,8.2918057
321;4038;4038;1582;1582;Obersiggenthal;Aargau;Obersiggenthal;Obersiggenthal;;47.4869944,8.2918057;47.4869944,8.2918057
322;5130;4280;1902;1585;Tegna;Tessin;Oftringen;Oftringen;;46.186706,8.7443382;47.3129528,7.9198655
323;243;4039;31;1591;Dietikon;Zürich;Remetschwil;Remetschwil;;47.4053885,8.39977;47.4083745,8.3266242
324;1058;4258;601;1593;Horw;Luzern;Rheinfelden;Rheinfelden;;47.0184461,8.3079399;47.55219,7.7922914
325;5586;4258;1914;1593;Lausanne;Waadt;Rheinfelden;Rheinfelden;;46.5196535,6.6322734;47.55219,7.7922914
326;141;4282;140;1596;Thalwil;Zürich;Rothrist;Rothrist;;47.2949282,8.5644799;47.302214,7.8774496
327;243;4075;31;1598;Dietikon;Zürich;Rudolfstetten-Friedlisberg;Rudolfstetten-Friedlisberg;;47.4053885,8.39977;47.3690655,8.3807414
328;2888;4075;1083;1598;Langenbruck;Basel Land;Rudolfstetten-Friedlisberg;Rudolfstetten-Friedlisberg;;47.3483495,7.7686817;47.3690655,8.3807414
329;1703;4239;742;1617;Hünenberg;Zug;Sins;Sins;;47.1771936,8.4271865;47.1914437,8.3956737
330;4021;4239;1455;1617;Baden;Aargau;Sins;Sins;;47.47288,8.30809;47.1914437,8.3956737
331;261;4040;1;1619;Zürich;Zürich;Spreitenbach;Spreitenbach;;47.3768866,8.541694;47.4221702,8.3638854
332;243;4040;31;1619;Dietikon;Zürich;Spreitenbach;Spreitenbach;;47.4053885,8.39977;47.4221702,8.3638854
333;158;4040;135;1619;Stäfa;Zürich;Spreitenbach;Spreitenbach;;40.9676093,29.1044417;47.4221702,8.3638854
334;243;4081;31;1649;Dietikon;Zürich;Widen;Widen;;47.4053885,8.39977;47.3680474,8.3630648
335;1702;4566;741;1665;Cham;Zug;Frauenfeld;Frauenfeld;;47.181225,8.4592089;47.5535997,8.8987541
336;217;4551;39;1666;Elgg;Zürich;Aadorf;Aadorf;;47.4910721,8.8665461;47.4884348,8.9035411
337;5586;4641;1914;1668;Lausanne;Waadt;Altnau;Altnau;;46.5196535,6.6322734;47.6106454,9.2573197
338;371;4643;201;1679;Biel (BE);Bern;Bottighofen;Bottighofen;;47.1367785,7.2467909;47.6356004,9.2095187
339;4643;4643;1679;1679;Bottighofen;Thurgau;Bottighofen;Bottighofen;;47.6356004,9.2095187;47.6356004,9.2095187
340;4683;4671;1708;1706;Lengwil;Thurgau;Kreuzlingen;Kreuzlingen;;47.6185527,9.1931347;47.6447397,9.1707858
341;4851;4671;1722;1706;Salenstein;Thurgau;Kreuzlingen;Kreuzlingen;;47.6689605,9.058747;47.6447397,9.1707858
342;3212;4831;1198;1713;Eggersriet;Sankt Gallen;Müllheim;Müllheim;;47.4426685,9.4719247;47.8091623,7.6180353
343;4831;4831;1713;1713;Müllheim;Thurgau;Müllheim;Müllheim;;47.8091623,7.6180353;47.8091623,7.6180353
344;3392;4751;1216;1719;Kirchberg (SG);Sankt Gallen;Rickenbach (TG);Rickenbach (TG);;47.4113533,9.0401819;47.4493246,9.0498296
345;4651;4696;1693;1731;Gottlieben;Thurgau;Tägerwilen;Tägerwilen;;47.6635399,9.1348964;47.655571,9.1312081
346;3392;4786;1216;1742;Kirchberg (SG);Sankt Gallen;Wilen (TG);Wilen (TG);;47.4113533,9.0401819;47.4515396,9.0343854
347;5130;5130;1902;1902;Tegna;Tessin;Tegna;Tegna;;46.186706,8.7443382;46.186706,8.7443382
348;371;5586;201;1914;Biel (BE);Bern;Lausanne;Lausanne;;47.1367785,7.2467909;46.5196535,6.6322734
349;2703;5586;1042;1914;Riehen;Basel;Lausanne;Lausanne;;47.5848274,7.6499111;46.5196535,6.6322734
350;5632;5586;2030;1914;Denges;Waadt;Lausanne;Lausanne;;46.5248345,6.5414283;46.5196535,6.6322734
351;5643;5586;2189;1914;Préverenges;Waadt;Lausanne;Lausanne;;46.5175835,6.5252682;46.5196535,6.6322734
352;5648;5586;2224;1914;Saint-Sulpice (VD);Waadt;Lausanne;Lausanne;;46.510114,6.5581951;46.5196535,6.6322734
353;5586;5581;1914;1933;Lausanne;Waadt;Belmont-sur-Lausanne;Belmont-sur-Lausanne;;46.5196535,6.6322734;46.5191267,6.6789123
354;5581;5581;1933;1933;Belmont-sur-Lausanne;Waadt;Belmont-sur-Lausanne;Belmont-sur-Lausanne;;46.5191267,6.6789123;46.5191267,6.6789123
355;6136;5581;2355;1933;Martigny;Wallis;Belmont-sur-Lausanne;Belmont-sur-Lausanne;;46.1049798,7.0755334;46.5191267,6.6789123
356;5586;5881;1914;1942;Lausanne;Waadt;Blonay;Blonay;;46.5196535,6.6322734;46.4647104,6.8946536
357;5646;5881;2221;1942;Saint-Prex;Waadt;Blonay;Blonay;;46.4829113,6.4583435;46.4647104,6.8946536
358;2223;5811;836;1966;Le Glèbe;Fribourg;Cerniaz (VD);Cerniaz (VD);;46.2339777,6.0557663;46.7265588,6.8955942
359;2321;5884;753;2011;Attalens;Fribourg;Corsier-sur-Vevey;Corsier-sur-Vevey;;46.5103309,6.8485685;46.4725243,6.8482854
360;2223;5671;836;2033;Le Glèbe;Fribourg;Dompierre (VD);Dompierre (VD);;46.2339777,6.0557663;46.7082946,6.8831226
361;5890;5518;2258;2037;Vevey;Waadt;Echallens;Echallens;;46.4628333,6.8419192;46.6410996,6.6344508
362;5633;5633;2038;2038;Echandens;Waadt;Echandens;Echandens;;46.5352022,6.5418995;46.5352022,6.5418995
363;2321;5787;753;2042;Attalens;Fribourg;Ecoteaux;Ecoteaux;;46.5103309,6.8485685;46.5457329,6.86271
364;5641;5635;2134;2043;Monnaz;Waadt;Ecublens (VD);Ecublens (VD);;46.528668,6.4790064;46.5296363,6.5615252
365;5648;5635;2224;2043;Saint-Sulpice (VD);Waadt;Ecublens (VD);Ecublens (VD);;46.510114,6.5581951;46.5296363,6.5615252
366;5503;5635;2278;2043;Vufflens-la-Ville;Waadt;Ecublens (VD);Ecublens (VD);;46.5787989,6.539418;46.5296363,6.5615252
367;5586;5721;1914;2073;Lausanne;Waadt;Gland;Gland;;46.5196535,6.6322734;46.4203001,6.2698809
368;5635;5721;2043;2073;Ecublens (VD);Waadt;Gland;Gland;;46.5296363,6.5615252;46.4203001,6.2698809
369;2321;5885;753;2088;Attalens;Fribourg;Jongny;Jongny;;46.5103309,6.8485685;46.4826453,6.8470796
370;2321;5801;753;2107;Attalens;Fribourg;Les Thioleyres;Les Thioleyres;;46.5103309,6.8485685;46.5396202,6.8118613
371;2223;5674;836;2113;Le Glèbe;Fribourg;Lovatens;Lovatens;;46.2339777,6.0557663;46.6917509,6.8639494
372;5582;5606;1988;2119;Cheseaux-sur-Lausanne;Waadt;Lutry;Lutry;;46.585452,6.6047712;46.5088803,6.6827638
373;5890;5606;2258;2119;Vevey;Waadt;Lutry;Lutry;;46.4628333,6.8419192;46.5088803,6.6827638
374;5484;5886;2074;2142;Gollion;Waadt;Montreux;Montreux;;46.5852808,6.5067932;46.4312213,6.9106799
375;5409;5886;2157;2142;Ollon;Waadt;Montreux;Montreux;;46.2957462,6.9916269;46.4312213,6.9106799
376;5410;5886;2162;2142;Ormont-Dessous;Waadt;Montreux;Montreux;;46.3616617,7.0515386;46.4312213,6.9106799
377;6458;5886;2432;2142;Neuchâtel;Neuchâtel;Montreux;Montreux;;46.9899874,6.9292732;46.4312213,6.9106799
378;3788;5642;1385;2145;S-chanf;Graubünden;Morges;Morges;;46.6114275,9.9829535;46.5088127,6.4961301
379;5642;5642;2145;2145;Morges;Waadt;Morges;Morges;;46.5088127,6.4961301;46.5088127,6.4961301
380;5886;5724;2142;2154;Montreux;Waadt;Nyon;Nyon;;46.4312213,6.9106799;46.3832683,6.2347852
381;6266;5724;2289;2154;Sion;Wallis;Nyon;Nyon;;46.2331221,7.360626;46.3832683,6.2347852
382;2321;5795;753;2171;Attalens;Fribourg;Palézieux;Palézieux;;46.5103309,6.8485685;46.5547204,6.8297563
383;5586;5643;1914;2189;Lausanne;Waadt;Préverenges;Préverenges;;46.5196535,6.6322734;46.5175835,6.5252682
384;5643;5643;2189;2189;Préverenges;Waadt;Préverenges;Préverenges;;46.5175835,6.5252682;46.5175835,6.5252682
385;2223;5683;836;2190;Le Glèbe;Fribourg;Prévonloup;Prévonloup;;46.2339777,6.0557663;46.6997998,6.8814659
386;5582;5590;1988;2194;Cheseaux-sur-Lausanne;Waadt;Pully;Pully;;46.585452,6.6047712;46.5092681,6.6654949
387;5606;5590;2119;2194;Lutry;Waadt;Pully;Pully;;46.5088803,6.6827638;46.5092681,6.6654949
388;5627;5591;1981;2196;Chavannes-près-Renens;Waadt;Renens (VD);Renens (VD);;46.5316376,6.5749696;46.53381,6.59137
389;2321;5888;753;2218;Attalens;Fribourg;Saint-Légier-La Chiésaz;Saint-Légier-La Chiésaz;;46.5103309,6.8485685;46.4717185,6.8767709
390;2223;5826;836;2229;Le Glèbe;Fribourg;Seigneux;Seigneux;;46.2339777,6.0557663;46.728,6.87861
391;2701;5799;1040;2232;Basel;Basel;Servion;Servion;;47.5595986,7.5885761;46.57147,6.77879
392;5422;5729;1924;2241;Aubonne;Waadt;Tannay;Tannay;;46.4953291,6.3918325;46.310046,6.1735347
393;5729;5729;2241;2241;Tannay;Waadt;Tannay;Tannay;;46.310046,6.1735347;46.310046,6.1735347
394;6621;5729;2485;2241;Genève;Genf;Tannay;Tannay;;46.2043907,6.1431577;46.310046,6.1735347
395;5484;5890;2074;2258;Gollion;Waadt;Vevey;Vevey;;46.5852808,6.5067932;46.4628333,6.8419192
396;2223;5829;836;2261;Le Glèbe;Fribourg;Villars-Bramard;Villars-Bramard;;46.2339777,6.0557663;46.71921,6.89887
397;2223;5830;836;2272;Le Glèbe;Fribourg;Villarzel;Villarzel;;46.2339777,6.0557663;46.7484013,6.9129687
398;5648;5938;2224;2286;Saint-Sulpice (VD);Waadt;Yverdon-les-Bains;Yverdon-les-Bains;;46.510114,6.5581951;46.7784736,6.641183
399;6436;5938;2465;2286;Le Locle;Neuchâtel;Yverdon-les-Bains;Yverdon-les-Bains;;47.0577195,6.7487354;46.7784736,6.641183
400;5586;6152;1914;2317;Lausanne;Waadt;Collombey-Muraz;Collombey-Muraz;;46.5196535,6.6322734;46.2710282,6.9459483
401;2701;6023;1040;2319;Basel;Basel;Conthey;Conthey;;47.5595986,7.5885761;46.2244777,7.303512
402;6191;6023;2295;2319;Ausserberg;Wallis;Conthey;Conthey;;46.31444,7.8507;46.2244777,7.303512
403;2701;6458;1040;2432;Basel;Basel;Neuchâtel;Neuchâtel;;47.5595986,7.5885761;46.9899874,6.9292732
404;5583;6458;2017;2432;Crissier;Waadt;Neuchâtel;Neuchâtel;;46.5518687,6.5743458;46.9899874,6.9292732
405;5914;6458;2045;2432;Ependes (VD);Waadt;Neuchâtel;Neuchâtel;;46.7428093,6.6081451;46.9899874,6.9292732
406;739;6407;312;2444;Ipsach;Bern;Corcelles-Cormondrèche;Corcelles-Cormondrèche;;47.1143109,7.232491;46.98504,6.8723478
407;6458;6407;2432;2444;Neuchâtel;Neuchâtel;Corcelles-Cormondrèche;Corcelles-Cormondrèche;;46.9899874,6.9292732;46.98504,6.8723478
408;261;6421;1;2458;Zürich;Zürich;La Chaux-de-Fonds;La Chaux-de-Fonds;;47.3768866,8.541694;47.1034892,6.8327838
409;191;6421;35;2458;Dübendorf;Zürich;La Chaux-de-Fonds;La Chaux-de-Fonds;;47.3971476,8.6180128;47.1034892,6.8327838
410;5254;6512;1850;2482;Mendrisio;Tessin;Val-de-Travers;Val-de-Travers;;45.8713339,8.9841329;46.90449,6.5841256
411;5203;6512;1860;2482;Morcote;Tessin;Val-de-Travers;Val-de-Travers;;45.9278156,8.9078997;46.90449,6.5841256
412;6608;6512;2493;2482;Carouge (GE);Genf;Val-de-Travers;Val-de-Travers;;46.1829674,6.1378539;46.90449,6.5841256
413;6741;6512;2565;2482;Le Bémont;Jura;Val-de-Travers;Val-de-Travers;;46.5202721,6.678129;46.90449,6.5841256
414;351;6621;172;2485;Bern;Bern;Genève;Genève;;46.9479739,7.4474468;46.2043907,6.1431577
415;4021;6621;1455;2485;Baden;Aargau;Genève;Genève;;47.47288,8.30809;46.2043907,6.1431577
416;4095;6621;1478;2485;Brugg;Aargau;Genève;Genève;;47.4867355,8.2109103;46.2043907,6.1431577
417;5635;6621;2043;2485;Ecublens (VD);Waadt;Genève;Genève;;46.5296363,6.5615252;46.2043907,6.1431577
418;5606;6621;2119;2485;Lutry;Waadt;Genève;Genève;;46.5088803,6.6827638;46.2043907,6.1431577
419;5888;6621;2218;2485;Saint-Légier-La Chiésaz;Waadt;Genève;Genève;;46.4717185,6.8767709;46.2043907,6.1431577
420;5647;6621;2223;2485;Saint-Saphorin-sur-Morges;Waadt;Genève;Genève;;46.5460528,6.4883645;46.2043907,6.1431577
421;6800;6621;2579;2485;Porrentruy;Jura;Genève;Genève;;47.416647,7.0765657;46.2043907,6.1431577
422;6621;6608;2485;2493;Genève;Genf;Carouge (GE);Carouge (GE);;46.2043907,6.1431577;46.1829674,6.1378539
423;6628;6608;2511;2493;Lancy;Genf;Carouge (GE);Carouge (GE);;46.1885168,6.1144546;46.1829674,6.1378539
424;5886;6610;2142;2495;Montreux;Waadt;Céligny;Céligny;;46.4312213,6.9106799;46.352208,6.196334
425;5725;6610;2187;2495;Prangins;Waadt;Céligny;Céligny;;46.3943352,6.2492927;46.352208,6.196334
426;6621;6615;2485;2500;Genève;Genf;Collex-Bossy;Collex-Bossy;;46.2043907,6.1431577;46.2715983,6.125981
427;6633;6617;2517;2502;Plan-les-Ouates;Genf;Cologny;Cologny;;46.1668075,6.1145793;46.224552,6.1827372
428;5586;6625;1914;2508;Lausanne;Waadt;Hermance;Hermance;;46.5196535,6.6322734;46.3006983,6.2449688
429;5503;6625;2278;2508;Vufflens-la-Ville;Waadt;Hermance;Hermance;;46.5787989,6.539418;46.3006983,6.2449688
430;2762;6626;1045;2509;Allschwil;Basel Land;Jussy;Jussy;;47.5528925,7.5433615;46.2347656,6.2652187
431;6621;6626;2485;2509;Genève;Genf;Jussy;Jussy;;46.2043907,6.1431577;46.2347656,6.2652187
432;6621;6628;2485;2511;Genève;Genf;Lancy;Lancy;;46.2043907,6.1431577;46.1885168,6.1144546
433;6628;6628;2511;2511;Lancy;Genf;Lancy;Lancy;;46.1885168,6.1144546;46.1885168,6.1144546
434;5635;6630;2043;2514;Ecublens (VD);Waadt;Meyrin;Meyrin;;46.5296363,6.5615252;46.2283204,6.070988
435;6621;6632;2485;2516;Genève;Genf;Perly-Certoux;Perly-Certoux;;46.2043907,6.1431577;46.1553483,6.0945809
436;6615;6643;2500;2527;Collex-Bossy;Genf;Vernier;Vernier;;46.2715983,6.125981;46.2122638,6.1052686
437;6608;6742;2493;2567;Carouge (GE);Genf;Les Bois;Les Bois;;46.1829674,6.1378539;47.1774878,6.9052937
438;6741;6742;2565;2567;Le Bémont;Jura;Les Bois;Les Bois;;46.5202721,6.678129;47.1774878,6.9052937
