cod_mod,ltimoden_metaatencion,cuentadeid_postulante_procesoadm,sumaden_flagingresante,sumaden_flagmatriculado,ratio,ratio1,dif,dif1,nlat_ie,nlong_ie,population_ccpp,altitude,Dblock1km,Dblock2km,Dblock3km,Dblock5km,Dblock10km,Dblock20km,Dblock30km,_merge
207597,307,481,302,301,.98045605,1.5667752,-6,174,-13.52107,-71.97748,106400,3386,14840369,742184,494123,296073,148036,7418,4912,matched (3)
207613,240,502,204,204,.85000002,2.0916667,-36,262,-13.63997,-72.88261,45864,2342,14970470,748235,499156,299094,149047,7423,4915,matched (3)
239970,537,1047,484,476,.88640594,1.9497206,-61,510,-15.47827,-70.12756,216716,3831,17000163,850081,566054,340032,170016,8508,5605,matched (3)
262311,423,526,353,349,.82505912,1.2434988,-74,103,-6.23041,-77.86942999999999,23202,2358,6781025,339512,226341,135205,67102,3351,2234,matched (3)
273979,425,544,411,405,.95294118,1.28,-20,119,-6.49004,-76.36539000000001,67362,309,7070857,353428,235285,141171,70085,3542,2328,matched (3)
276188,570,461,426,406,.71228069,.80877191,-164,-109,-14.05115,-75.75387000000001,124789,409,15430789,771394,514263,308157,154078,7739,5126,matched (3)
290924,415,813,391,390,.93975902,1.9590361,-25,398,-9.9344,-76.23690000000001,57596,1896,10870843,543421,362281,217168,108084,5442,3628,matched (3)
310656,327,520,327,326,.99694192,1.590214,-1,193,-18.01575,-70.24829,86095,579,19810176,990088,660058,396035,198017,9908,6605,matched (3)
356972,480,430,316,316,.65833336,.89583331,-164,-50,-5.18106,-80.66289,0,39,5621336,281668,187445,112267,56133,2866,1844,matched (3)
380501,180,112,112,110,.6111111,.62222224,-70,-68,-11.2539,-74.637,,,12330665,616332,411221,246133,123066,6133,4122,matched (3)
391151,992,1311,932,929,.93649191,1.3215725,-63,319,-7.16051,-78.512,150197,2715,7811096,390548,260365,156219,78109,3954,2636,matched (3)
391169,629,1170,580,580,.92209858,1.8600954,-49,541,-6.85847,-78.1452,16721,2609,7471056,373528,249352,149211,74105,3752,2435,matched (3)
412189,803,1630,754,740,.92154419,2.0298879,-63,827,-9.521179999999999,-77.52506,47581,3069,10420986,521493,347328,208197,104098,5249,3432,matched (3)
419937,540,1152,516,516,.95555556,2.1333334,-24,612,-13.16993,-74.19741000000001,97390,2749,14450616,722308,481205,289123,144061,7230,4820,matched (3)
421412,525,1357,525,472,.89904761,2.5847619,-53,832,-12.78588,-74.97243,30918,3676,14030702,701351,467234,280140,140070,7035,4623,matched (3)
453761,860,897,804,800,.93023258,1.0430232,-60,37,-6.76202,-79.83548999999999,161110,30,7371244,368622,245414,147248,73124,3662,2441,matched (3)
453787,338,967,328,324,.9585799,2.8609467,-14,629,-6.5636,-78.6485,16531,2389,7151112,357556,238370,143222,71111,3555,2337,matched (3)
474320,510,792,463,455,.89215684,1.5529412,-55,282,-15.87551,-69.99554000000001,160,3833,17440148,872074,581049,348029,174014,8707,5804,matched (3)
512855,360,360,276,276,.76666665,1,-84,0,-4.912,-80.6947,0,65,5321339,266669,177446,106267,53133,2666,1744,matched (3)
567784,298,300,268,254,.85234898,1.0067114,-44,2,-17.21399,-70.94074000000001,29312,712,18920254,946127,630084,378050,189025,9412,6308,matched (3)
575126,447,1140,444,444,.99328858,2.5503356,-3,693,-13.66356,-73.34892000000001,0,3091,15000522,750261,500174,300104,150052,7526,5017,matched (3)
575308,180,275,177,177,.98333335,1.5277778,-3,95,-14.1019,-72.7019,2612,3262,15480450,774225,516150,309090,154045,7722,5115,matched (3)
575779,460,570,378,369,.80217391,1.2391304,-91,110,-10.66411,-76.25261999999999,24105,4361,11680845,584422,389281,233169,116084,5842,3828,matched (3)
576553,397,550,372,371,.9345088,1.3853904,-26,153,-6.03121,-76.96302,39250,885,6560924,328462,218308,131184,65092,3246,2130,matched (3)
584755,427,769,382,375,.87822014,1.8009368,-52,342,-8.38598,-74.5686,75953,155,9160657,458328,305219,183131,91065,4532,3021,matched (3)
586669,516,1047,515,544,1.0542636,2.0290697,28,531,-14.1424,-71.40813,2574,3476,15530306,776153,517102,310061,155030,7715,5110,matched (3)
591859,330,367,308,307,.93030304,1.1121212,-23,37,-14.68809,-74.12099000000001,0,3195,16130608,806304,537202,322121,161060,8030,5320,matched (3)
591909,180,297,169,169,.93888891,1.65,-11,117,-13.30178,-72.12163,11817,3364,14600385,730192,486128,292077,146038,7319,4812,matched (3)
595090,378,437,345,343,.9074074,1.1560847,-35,59,-5.8982,-76.1294,45348,148,6410831,320415,213277,128166,64083,3241,2127,matched (3)
597278,542,584,491,482,.88929892,1.0774908,-60,42,-9.140940000000001,-77.74014,6074,2540,10001010,500505,333336,200202,100101,5050,3333,matched (3)
598367,366,692,350,350,.95628417,1.8907104,-16,326,-8.822699999999999,-77.46272,13,829,9650980,482490,321326,193196,96098,4849,3232,matched (3)
604371,300,734,300,300,1,2.4466667,0,434,-12.9344,-74.2487,26026,2665,14190622,709311,473207,283124,141062,7031,4720,matched (3)
607366,1383,218,197,72,.052060738,.15762834,-1311,-1165,-12.04935,-77.03283999999999,299493,157,13210932,660466,440310,264186,132093,6646,4431,matched (3)
608299,300,320,271,271,.90333331,1.0666667,-29,20,-13.4285,-76.13222,0,88,14740831,737415,491277,294166,147083,7341,4927,matched (3)
609370,502,501,399,394,.78486055,.99800795,-108,-1,-11.38346,-75.68850999999999,546,3003,12480782,624391,416260,249156,124078,6239,4126,matched (3)
610519,363,514,335,335,.92286503,1.415978,-28,151,-9.829599999999999,-76.80370000000001,2278,3202,10760906,538453,358302,215181,107090,5345,3530,matched (3)
611525,431,784,431,431,1,1.8190255,0,353,-6.38208,-78.81929,16728,2618,6951131,347565,231377,139226,69113,3456,2337,matched (3)
622936,366,257,235,228,.62295079,.70218581,-138,-109,-7.9025,-78.56570000000001,11489,2652,8631102,431551,287367,172220,86110,4355,2836,matched (3)
622969,391,554,391,391,1,1.4168798,0,163,-7.8179,-78.0395,0,3179,8531044,426522,284348,170208,85104,4252,2834,matched (3)
623025,300,411,294,294,.98000002,1.37,-6,111,-8.2742,-77.2963,3536,3198,9040961,452480,301320,180192,90096,4548,3032,matched (3)
630558,330,1031,297,295,.89393938,3.1242423,-35,701,-14.91316,-70.20224,16035,3866,16380171,819085,546057,327034,163017,8108,5405,matched (3)
630616,300,616,300,300,1,2.0533333,0,316,-15.3627,-70.36279999999999,4949,3871,16880189,844094,562063,337037,168018,8409,5606,matched (3)
634659,706,763,603,575,.81444758,1.0807365,-131,57,-8.12524,-79.02797,294730,26,8871154,443577,295384,177230,88115,4457,2938,matched (3)
636811,496,1221,439,438,.88306451,2.4616935,-58,725,-5.05796,-73.85096,22055,113,5480577,274288,182192,109115,54057,2728,1819,matched (3)
637116,420,417,342,335,.79761904,.99285716,-85,-3,-15.00902,-73.77972,0,3145,16490570,824285,549190,329114,164057,8228,5419,matched (3)
642090,255,251,246,244,.95686275,.98431373,-11,-4,-7.6217,-78.05019,14528,2630,8321045,416522,277348,166209,83104,4152,2734,matched (3)
642348,469,512,317,317,.67590618,1.0916845,-152,43,-5.7045,-78.80580000000001,63208,721,6201129,310564,206376,124225,62112,3156,2037,matched (3)
644807,90,78,60,60,.66666669,.86666667,-30,-12,-10.15305,-77.15257,3321,3384,11120945,556472,370315,222189,111094,5547,3731,matched (3)
653584,110,110,104,99,.89999998,1,-11,0,-7.36391,-78.80364,3221,2672,8031129,401564,267376,160225,80112,4056,2637,matched (3)
653592,179,189,174,173,.96648043,1.0558659,-6,10,-7.11742,-78.83001,3185,15,7761132,388566,258377,155226,77113,3856,2537,matched (3)
666479,260,299,241,238,.91538459,1.15,-22,39,-8.348940000000001,-74.58647000000001,0,96,9120659,456329,304219,182131,91065,4532,3021,matched (3)
676312,235,402,235,234,.99574471,1.7106383,-1,167,-6.4202,-76.51600000000001,8883,801,6990874,349437,233291,139174,69087,3443,2329,matched (3)
681627,281,305,265,264,.93950176,1.0854093,-17,24,-9.353210000000001,-77.17287,4406,3118,10230947,511473,341315,204189,102094,5147,3431,matched (3)
686618,377,350,291,288,.76392573,.92838198,-89,-27,-9.12415,-78.51390000000001,112254,39,9981097,499548,332365,199219,99109,4954,3336,matched (3)
688069,180,337,180,174,.96666664,1.8722222,-6,157,-12.78581,-74.97895,0,3675,14030703,701351,467234,280140,140070,7035,4623,matched (3)
688341,292,307,257,266,.91095889,1.0513699,-26,15,-12.5927,-69.1888,56382,204,13810058,690029,460019,276011,138005,6902,4601,matched (3)
690388,270,223,213,210,.77777779,.82592595,-60,-47,-7.4216,-79.5064,12171,46,8101207,405603,270402,162241,81120,4060,2740,matched (3)
695452,880,1523,791,787,.89431816,1.7306818,-93,643,-16.3605,-71.5437,0,2506,17980321,899160,599107,359064,179032,8916,5910,matched (3)
696385,142,150,130,130,.91549295,1.0563381,-12,8,-7.0003,-78.8485,3124,2581,7631134,381567,254378,152226,76113,3856,2537,matched (3)
697235,570,826,525,521,.91403508,1.4491228,-49,256,-12.06349,-75.2841,13519,3257,13230737,661368,441245,264147,132073,6636,4424,matched (3)
702902,449,450,323,202,.44988865,1.0022272,-247,1,-3.73515,-73.25191,155029,98,4020511,201255,134170,80102,40051,2025,1317,matched (3)
708164,293,453,248,244,.83276451,1.5460751,-49,160,-5.6541,-78.49979999999999,406,475,6141095,307547,204365,122219,61109,3054,2036,matched (3)
713099,325,516,306,306,.94153845,1.5876923,-19,191,-9.552429999999999,-76.82738000000001,4308,3436,10450909,522454,348303,209181,104090,5245,3430,matched (3)
714725,317,503,274,274,.8643533,1.5867507,-43,186,-6.66928,-78.53131999999999,15632,2568,7261098,363549,242366,145219,72109,3654,2436,matched (3)
721951,270,342,247,245,.9074074,1.2666667,-25,72,-13.6309,-74.14270000000001,2280,2552,14960610,748305,498203,299122,149061,7430,4920,matched (3)
726414,341,375,307,306,.89736068,1.0997068,-35,34,-7.18157,-76.73829000000001,23441,293,7830899,391449,261299,156179,78089,3944,2629,matched (3)
732370,427,636,400,400,.93676817,1.4894613,-27,209,-12.216,-76.9306,381790,191,13400920,670460,446306,268184,134092,6746,4430,matched (3)
751800,76,87,66,66,.86842108,1.1447369,-10,11,-8.93074,-76.10332,14028,573,9770828,488414,325276,195165,97082,4841,3227,matched (3)
759217,359,419,359,357,.99442899,1.1671309,-2,60,-6.61574,-78.94949,4660,22,7211145,360572,240381,144229,72114,3657,2438,matched (3)
768630,210,74,72,72,.34285715,.35238096,-138,-136,-5.6304,-78.53830000000001,406,436,6121099,306549,204366,122219,61109,3054,2036,matched (3)
783399,220,404,198,198,.89999998,1.8363637,-22,184,-14.28296,-71.22042,41352,3565,15680285,784142,522095,313057,156028,7814,5209,matched (3)
784561,210,56,56,34,.16190477,.26666668,-176,-154,-14.05135,-75.7525,0,445,15430789,771394,514263,308157,154078,7739,5126,matched (3)
811489,75,83,75,73,.97333336,1.1066667,-2,8,-8.09564,-78.15067999999999,2234,2864,8841056,442528,294352,176211,88105,4452,2935,matched (3)
815084,185,210,174,172,.9297297,1.1351352,-13,25,-7.33141,-78.17118000000001,43,2290,8001058,400529,266352,160211,80105,4052,2635,matched (3)
817544,220,132,131,131,.59545457,.60000002,-89,-88,-8.37618,-74.56950999999999,75953,157,9150657,457328,305219,183131,91065,4532,3021,matched (3)
886556,390,21,20,20,.051282052,.053846154,-370,-369,-14.0628,-75.73437,124789,410,15440787,772393,514262,308157,154078,7739,5126,matched (3)
886564,542,116,107,105,.19372694,.21402214,-437,-426,-14.06224,-75.73125,124789,417,15440787,772393,514262,308157,154078,7739,5126,matched (3)
886572,60,0,0,0,0,0,-60,-60,-14.07306,-75.72703,124789,30,15450786,772393,515262,309157,154078,7739,5126,matched (3)
891770,440,285,270,248,.56363636,.64772725,-192,-155,-16.60199,-72.70256000000001,692,37,18250450,912225,608150,365090,182045,9122,6015,matched (3)
891952,110,139,110,107,.9727273,1.2636364,-3,29,-16.38784,-71.54900000000001,74766,2366,18010321,900160,600107,360064,180032,9016,6010,matched (3)
892109,467,180,159,159,.34047109,.38543898,-308,-287,-16.39935,-71.52288,61519,2397,18020318,901159,600106,360063,180031,9015,6010,matched (3)
898429,90,76,72,71,.78888887,.84444445,-19,-14,-15.77308,-73.36253000000001,3708,1758,17330523,866261,577174,346104,173052,8626,5717,matched (3)
920207,930,762,519,514,.55268818,.81935483,-416,-168,-12.06796,-75.21005,,,13230729,661364,441243,264145,132072,6636,4424,matched (3)
920231,150,92,74,74,.49333334,.61333334,-76,-58,-12.04845,-75.20177,139380,3295,13210728,660364,440242,264145,132072,6636,4424,matched (3)
920264,120,100,93,90,.75,.83333331,-30,-20,-12.06796,-75.21005,110303,3256,13230729,661364,441243,264145,132072,6636,4424,matched (3)
920298,300,57,57,55,.18333334,.19,-245,-243,-12.0644,-75.21445,139380,3253,13230729,661364,441243,264145,132072,6636,4424,matched (3)
920322,560,450,362,322,.57499999,.8035714,-238,-110,-12.05921,-75.22029000000001,139380,3255,13220730,661365,440243,264146,132073,6636,4424,matched (3)
920330,600,232,210,184,.30666667,.38666666,-416,-368,-12.06796,-75.21005,,,13230729,661364,441243,264145,132072,6636,4424,matched (3)
920363,150,159,131,125,.83333331,1.0599999,-25,9,-12.05417,-75.22092000000001,139380,3265,13220730,661365,440243,264146,132073,6636,4424,matched (3)
920421,180,110,95,75,.41666666,.6111111,-105,-70,-12.06087,-75.21489,139380,3261,13230729,661364,441243,264145,132072,6636,4424,matched (3)
920454,90,46,46,44,.48888889,.51111114,-46,-44,-12.06304,-75.21519000000001,139380,3258,13230729,661364,441243,264145,132072,6636,4424,matched (3)
926840,287,293,252,252,.87804878,1.020906,-35,6,-5.75167,-78.44438,25930,437,6251089,312544,208363,125217,62108,3154,2036,matched (3)
926865,130,193,130,128,.98461539,1.4846153,-2,63,-5.14397,-78.99681,11266,1254,5581150,279575,186383,111230,55115,2757,1838,matched (3)
928655,322,342,290,284,.88198757,1.0621119,-38,20,-13.51273,-71.97511,106400,3461,14830369,741184,494123,296073,148036,7418,4912,matched (3)
928846,210,221,204,204,.97142857,1.0523809,-6,11,-13.63684,-72.88091,45864,2388,14970469,748234,499156,299093,149046,7423,4915,matched (3)
930057,90,146,90,90,1,1.6222222,0,56,-14.28821,-73.2581,0,1723,15690511,784255,523170,313102,156051,7825,5217,matched (3)
931014,190,282,190,185,.97368419,1.4842105,-5,92,-13.2565,-71.62390000000001,552,2828,14550330,727165,485110,291066,145033,7216,4811,matched (3)
931519,240,244,199,199,.82916665,1.0166667,-41,4,-14.27621,-71.22353,41352,3554,15680285,784142,522095,313057,156028,7814,5209,matched (3)
931550,644,364,324,315,.48913044,.56521738,-329,-280,-14.79923,-71.41132,23867,346,16250306,812153,541102,325061,162030,8115,5410,matched (3)
932368,150,373,143,143,.95333332,2.4866667,-7,223,-13.94416,-72.1756,3154,3838,15310391,765195,510130,306078,153039,7619,5113,matched (3)
932392,150,206,119,119,.79333335,1.3733333,-31,56,-13.8398,-72.4301,1025,3142,15190419,759209,506139,303083,151041,7520,5013,matched (3)
932475,91,110,82,82,.90109891,1.2087913,-9,19,-13.9217,-71.6845,2154,3211,15280336,764168,509112,305067,152033,7616,5011,matched (3)
933168,555,349,316,260,.46846846,.62882882,-295,-206,-13.51953,-71.98321,106400,3422,14840370,742185,494123,296074,148037,7418,4912,matched (3)
933218,137,209,137,137,1,1.5255475,0,72,-12.85686,-72.69482000000001,26573,1034,14110449,705224,470149,282089,141044,7022,4714,matched (3)
933242,740,476,464,464,.62702703,.64324325,-276,-264,-12.8665,-72.68892,26573,1033,14120448,706224,470149,282089,141044,7022,4714,matched (3)
933622,727,706,639,639,.87895459,.97111416,-88,-21,-13.53143,-71.93196,89648,3290,14850364,742182,495121,297072,148036,7418,4912,matched (3)
933788,98,138,98,94,.95918369,1.4081633,-4,40,-13.8197,-71.54859999999999,0,3205,15170321,758160,505107,303064,151032,7516,5010,matched (3)
934158,500,510,390,383,.76599997,1.02,-117,10,-13.52528,-71.95493,59134,3345,14850366,742183,495122,297073,148036,7418,4912,matched (3)
1000694,30,38,30,30,1,1.2666667,0,8,-9.1304,-78.50703,112254,48,9991096,499548,333365,199219,99109,4954,3336,matched (3)
1016328,100,191,97,97,.97000003,1.91,-3,91,-5.2407,-79.4502,6852,1890,5681201,284600,189400,113240,56120,2860,1840,matched (3)
1025683,270,331,260,258,.95555556,1.2259259,-12,61,-15.19937,-69.76868,114,3849,16700123,835061,556041,334024,167012,8306,5504,matched (3)
1027093,30,0,0,0,0,0,-30,-30,-16.08824,-69.63882,0,3860,17680109,884054,589036,353021,176010,8805,5803,matched (3)
1027473,155,119,104,84,.5419355,.76774192,-71,-36,-15.49004,-70.12688,0,3831,17020163,851081,567054,340032,170016,8508,5605,matched (3)
1027564,90,130,90,90,1,1.4444444,0,40,-15.3635,-69.4936,4262,3842,16880092,844046,562030,337018,168009,8404,5603,matched (3)
1027754,180,237,163,162,.89999998,1.3166667,-18,57,-16.20651,-69.46038,8157,3840,17810089,890044,593029,356017,178008,8904,5902,matched (3)
1029305,870,246,236,231,.26551723,.28275862,-639,-624,-16.24867,-69.09839,11934,3830,17860048,893024,595016,357009,178004,8902,5901,matched (3)
1029313,180,22,21,21,.11666667,.12222222,-159,-158,-16.24427,-69.09257,11934,3845,17850048,892024,595016,357009,178004,8902,5901,matched (3)
1029909,250,141,120,118,.472,.56400001,-132,-109,-15.83865,-70.02428000000001,0,3831,17400151,870075,580050,348030,174015,8707,5805,matched (3)
1041961,220,166,149,142,.64545453,.75454545,-78,-54,-9.04599,-77.80868,13330,2264,9891018,494509,329339,197203,98101,4950,3233,matched (3)
1061498,164,166,120,120,.73170733,1.0121951,-44,2,-14.0374,-71.5731,3563,3696,15410324,770162,513108,308064,154032,7716,5110,matched (3)
1065374,200,227,186,186,.93000001,1.135,-14,27,-13.0833,-76.3892,26730,24,14360860,718430,478286,287172,143086,7143,4728,matched (3)
1065416,270,310,257,252,.93333334,1.1481482,-18,40,-12.05721,-77.07199,299493,88,13220936,661468,440312,264187,132093,6646,4431,matched (3)
1066216,716,436,426,361,.50418997,.60893857,-355,-280,-12.05871,-77.04595999999999,81909,127,13220933,661466,440311,264186,132093,6646,4431,matched (3)
1066414,963,158,156,136,.14122534,.16407061,-827,-805,-12.0653,-77.03665,81909,136,13230932,661466,441310,264186,132093,6646,4431,matched (3)
1067057,1053,980,923,865,.82146251,.93067425,-188,-73,-12.07673,-77.04389999999999,66171,115,13240933,662466,441311,264186,132093,6646,4431,matched (3)
1067131,549,109,101,101,.18397085,.1985428,-448,-440,-12.07691,-77.03529,299493,3397,13240932,662466,441310,264186,132093,6646,4431,matched (3)
1078880,176,184,162,162,.92045456,1.0454545,-14,8,-8.4465,-76.46169999999999,6841,544,9230868,461434,307289,184173,92086,4643,3028,matched (3)
1093152,240,241,208,208,.86666667,1.0041667,-32,1,-14.82383,-74.93259999999999,21993,599,16280698,814349,542232,325139,162069,8134,5423,matched (3)
1096924,173,272,173,171,.98843932,1.5722543,-2,99,-6.91515,-76.33224,5860,228,7540854,377427,251284,150170,75085,3742,2528,matched (3)
1101716,260,164,145,145,.55769229,.63076925,-115,-96,-9.16349,-77.36660999999999,2082,3362,10020969,501484,334323,200193,100096,5048,3332,matched (3)
1112044,420,430,384,366,.87142855,1.0238096,-54,10,-9.929550000000001,-76.23965,71707,1899,10870843,543421,362281,217168,108084,5442,3628,matched (3)
1113224,532,343,317,308,.57894737,.64473683,-224,-189,-6.67954,-78.51915,15632,2532,7281097,364548,242365,145219,72109,3654,2436,matched (3)
1114081,1392,776,669,509,.36566091,.55747128,-883,-616,-12.06415,-77.10044000000001,129107,48,13230939,661469,441313,264187,132093,6646,4431,matched (3)
1114131,830,76,62,62,.074698798,.091566265,-768,-754,-12.09069,-77.03816000000001,55242,108,13260932,663466,442310,265186,132093,6646,4431,matched (3)
1114362,1017,500,418,417,.4100295,.49164209,-600,-517,-11.97355,-77.00792,898443,243,13130929,656464,437309,262185,131092,6546,4330,matched (3)
1114404,1112,436,406,394,.35431653,.39208633,-718,-676,-11.92636,-77.05503,486977,130,13080934,654467,436311,261186,130093,6546,4331,matched (3)
1114446,210,108,87,87,.41428572,.51428574,-123,-102,-11.95373,-77.05768000000001,486977,94,13110934,655467,437311,262186,131093,6546,4331,matched (3)
1114644,684,125,114,113,.16520467,.18274854,-571,-559,-11.97857,-77.0763,318140,60,13140937,657468,438312,262187,131093,6546,4331,matched (3)
1114735,360,93,77,77,.21388888,.25833333,-283,-267,-12.0095,-77.00905,898443,214,13170929,658464,439309,263185,131092,6546,4330,matched (3)
1115088,120,0,0,0,0,0,-120,-120,-12.08973,-77.01833000000001,,,13260930,663465,442310,265186,132093,6646,4431,matched (3)
1115120,390,257,117,29,.074358977,.65897435,-361,-133,-12.11111,-76.87488999999999,67553,371,13280914,664457,442304,265182,132091,6645,4430,matched (3)
1115138,300,69,63,63,.20999999,.23,-237,-231,-12.09646,-76.77598999999999,132498,354,13270903,663451,442301,265180,132090,6645,4430,matched (3)
1115245,481,309,281,230,.47817048,.64241165,-251,-172,-12.21321,-76.93709,381790,174,13390921,669460,446307,267184,133092,6646,4430,matched (3)
1115328,600,360,309,288,.47999999,.60000002,-312,-240,-12.21856,-76.93808,381790,154,13400921,670460,446307,268184,134092,6746,4430,matched (3)
1116136,170,196,152,152,.89411765,1.1529412,-18,26,-17.02406,-72.00455,105,85,18710372,935186,623124,374074,187037,9318,6212,matched (3)
1122993,60,0,0,0,0,0,-60,-60,-12.05871,-77.04595999999999,,,13220933,661466,440311,264186,132093,6646,4431,matched (3)
1123249,1068,264,236,182,.17041199,.24719101,-886,-804,-12.01393,-77.07534,579561,69,13170936,658468,439312,263187,131093,6546,4331,matched (3)
1123397,649,409,321,305,.46995378,.63020033,-344,-240,-11.86678,-77.07771,233602,186,13010937,650468,433312,260187,130093,6546,4331,matched (3)
1123488,630,241,233,205,.32539684,.38253969,-425,-389,-12.06794,-76.98795,478278,210,13230927,661463,441309,264185,132092,6646,4430,matched (3)
1124247,750,330,295,222,.296,.44,-528,-420,-12.01667,-77.00467999999999,898443,211,13180929,659464,439309,263185,131092,6546,4330,matched (3)
1124270,255,76,76,0,0,.29803923,-255,-179,-13.07775,-76.38743,26730,42,14350860,717430,478286,287172,143086,7143,4728,matched (3)
1124395,282,124,96,86,.30496454,.43971631,-196,-158,-12.65776,-76.63236000000001,,,13890887,694443,463295,277177,138088,6944,4629,matched (3)
1124635,289,227,191,109,.37716264,.78546715,-180,-62,-11.49541,-77.20719,,,12600951,630475,420317,252190,126095,6347,4231,matched (3)
1124726,560,336,269,268,.47857141,.60000002,-292,-224,-12.04174,-76.93053000000001,478278,318,13200920,660460,440306,264184,132092,6646,4430,matched (3)
1125079,60,19,19,19,.31666666,.31666666,-41,-41,-12.02962,-77.00997,,,13190929,659464,439309,263185,131092,6546,4330,matched (3)
1125111,60,42,38,38,.63333333,.69999999,-22,-18,-13.07775,-76.38743,26730,42,14350860,717430,478286,287172,143086,7143,4728,matched (3)
1125764,313,223,199,199,.63578272,.71246004,-114,-90,-18.01777,-70.25185000000001,86095,566,19810177,990088,660059,396035,198017,9908,6605,matched (3)
1135292,300,236,221,219,.73000002,.78666669,-81,-64,-7.15737,-78.51537,150197,2719,7801097,390548,260365,156219,78109,3954,2636,matched (3)
1140102,60,0,0,0,0,0,-60,-60,-13.1592,-74.22828,,,14440619,722309,481206,288123,144061,7230,4820,matched (3)
1140144,770,394,364,364,.47272727,.51168829,-406,-376,-13.15878,-74.22736999999999,97390,2764,14440619,722309,481206,288123,144061,7230,4820,matched (3)
1141167,270,14,14,10,.037037037,.05185185,-260,-256,-13.70938,-76.20868,50477,15,15050840,752420,501280,301168,150084,7542,5028,matched (3)
1141795,150,222,146,145,.96666664,1.48,-5,72,-13.68212,-76.16076,18849,66,15020835,751417,500278,300167,150083,7541,5027,matched (3)
1148485,214,197,194,187,.87383175,.92056078,-27,-17,-3.74177,-73.25091999999999,155029,94,4030511,201255,134170,80102,40051,2025,1317,matched (3)
1150739,150,229,150,150,1,1.5266666,0,79,-4.83014,-76.5517,6532,4196,5230878,261439,174292,104175,52087,2643,1729,matched (3)
1154210,600,214,213,161,.26833335,.35666665,-439,-386,-15.49249,-70.1284,216716,3833,17020163,851081,567054,340032,170016,8508,5605,matched (3)
1157916,257,228,214,213,.82879376,.88715953,-44,-29,-6.6459,-79.7856,31777,41,7241238,362619,241412,144247,72123,3661,2441,matched (3)
1158187,30,30,30,30,1,1,0,0,-6.50623,-79.85809,,,7081246,354623,236415,141249,70124,3562,2341,matched (3)
1158294,624,280,241,238,.38141027,.44871795,-386,-344,-6.7715,-79.83866,260794,35,7381244,369622,246414,147248,73124,3662,2441,matched (3)
1158484,420,309,298,290,.69047618,.73571426,-130,-111,-6.77233,-79.83116,260794,33,7381243,369621,246414,147248,73124,3662,2441,matched (3)
1160191,342,394,314,311,.90935671,1.1520468,-31,52,-10.3007,-74.9449,3243,251,11280699,564349,376233,225139,112069,5634,3723,matched (3)
1164177,80,48,48,35,.4375,.60000002,-45,-32,-7.84955,-79.14462,,,8571167,428583,285389,171233,85116,4258,2838,matched (3)
1164698,110,22,22,22,.2,.2,-88,-88,-7.79007,-79.22205,4910,108,8501175,425587,283391,170235,85117,4258,2839,matched (3)
1165265,150,145,135,135,.89999998,.96666664,-15,-5,-8.14315,-78.17375,5881,3104,8891059,444529,296353,177211,88105,4452,2935,matched (3)
1167006,208,74,10,10,.048076924,.35576922,-198,-134,-7.90226,-78.56625,,,8631102,431551,287367,172220,86110,4355,2836,matched (3)
1174424,90,130,90,90,1,1.4444444,0,40,-8.11528,-79.02495999999999,294730,37,8861153,443576,295384,177230,88115,4457,2938,matched (3)
1174465,240,248,1,1,.0041666669,1.0333333,-239,8,-8.124090000000001,-79.02226,,,8871153,443576,295384,177230,88115,4457,2938,matched (3)
1174507,450,308,307,307,.68222225,.68444443,-143,-142,-8.11665,-79.02464999999999,294730,32,8861153,443576,295384,177230,88115,4457,2938,matched (3)
1174580,240,96,82,82,.34166667,.40000001,-158,-144,-8.11863,-79.02392999999999,294730,30,8871153,443576,295384,177230,88115,4457,2938,matched (3)
1175447,200,0,0,0,0,0,-200,-200,-8.103770000000001,-79.03546,,,8851155,442577,295385,177231,88115,4457,2938,matched (3)
1176551,162,43,36,36,.22222222,.26543209,-126,-119,-8.11176,-79.02869,294730,37,8861154,443577,295384,177230,88115,4457,2938,matched (3)
1180769,70,113,70,66,.94285715,1.6142857,-4,43,-4.6332,-79.71489,6047,2742,5011230,250615,167410,100246,50123,2561,1641,matched (3)
1192293,120,23,10,10,.083333336,.19166666,-110,-97,-12.11074,-76.97906999999999,289597,85,13280926,664463,442308,265185,132092,6646,4430,matched (3)
1192830,300,304,242,242,.80666667,1.0133333,-58,4,-12.01212,-77.10460999999999,415888,31,13170940,658470,439313,263188,131094,6547,4331,matched (3)
1192954,480,285,267,264,.55000001,.59375,-216,-195,-12.07409,-77.16323,4370,6,13240946,662473,441315,264189,132094,6647,4431,matched (3)
1193259,345,636,344,343,.99420291,1.8434782,-2,291,-7.34123,-75.00797,15036,162,8010706,400353,267235,160141,80070,4035,2623,matched (3)
1196336,390,141,137,136,.34871796,.36153847,-254,-249,-6.85507,-79.30732,5518,201,7471185,373592,249395,149237,74118,3759,2439,matched (3)
1198019,417,418,329,307,.736211,1.0023981,-110,1,-12.94183,-74.25020000000001,26026,1063,14200622,710311,473207,284124,142062,7131,4720,matched (3)
1200591,390,66,40,40,.1025641,.16923077,-350,-324,-14.26576,-71.23002,41352,3541,15660286,783143,522095,313057,156028,7814,5209,matched (3)
1222124,575,396,387,383,.66608697,.68869567,-192,-179,-5.7088,-78.80783,,,6201129,310564,206376,124225,62112,3156,2037,matched (3)
1227982,532,595,452,437,.8214286,1.1184211,-95,63,-11.77368,-75.4923,16424,3371,12910760,645380,430253,258152,129076,6438,4325,matched (3)
1232891,165,53,48,44,.26666668,.32121211,-121,-112,-12.06367,-76.94851,,,13230922,661461,441307,264184,132092,6646,4430,matched (3)
1243211,925,361,300,257,.27783784,.39027026,-668,-564,-8.1157,-79.02005,294730,34,8861153,443576,295384,177230,88115,4457,2938,matched (3)
1255389,395,180,172,168,.42531645,.4556962,-227,-215,-16.4097,-71.53386,61519,2332,18030320,901160,601106,360064,180032,9016,6010,matched (3)
1255587,90,50,46,21,.23333333,.55555558,-69,-40,-11.98931,-76.8194,41110,663,13150908,657454,438302,263181,131090,6545,4330,matched (3)
1255629,74,79,46,46,.62162161,1.0675676,-28,5,-3.75564,-73.25579999999999,155029,99,4040511,202255,134170,80102,40051,2025,1317,matched (3)
1257013,630,373,323,323,.51269841,.59206349,-307,-257,-12.15437,-76.97779,362643,108,13330926,666463,444308,266185,133092,6646,4430,matched (3)
1260223,210,134,134,134,.63809526,.63809526,-76,-76,-16.40434,-71.53946999999999,61519,2328,18030320,901160,601106,360064,180032,9016,6010,matched (3)
1273911,153,188,153,147,.96078432,1.2287582,-6,35,-14.89719,-70.58796,11,4023,16360214,818107,545071,327042,163021,8110,5407,matched (3)
1275759,390,483,336,223,.57179487,1.2384615,-167,93,-3.55727,-80.44333,0,295,3821311,191655,127437,76262,38131,1965,1243,matched (3)
1321769,130,44,44,44,.33846155,.33846155,-86,-86,-12.10676,-77.03083,85065,104,13280931,664465,442310,265186,132093,6646,4431,matched (3)
1345081,238,116,116,115,.48319328,.48739496,-123,-122,-16.07656,-72.49262,3108,627,17670426,883213,589142,353085,176042,8821,5814,matched (3)
1386531,150,157,104,100,.66666669,1.0466666,-50,7,-13.5353,-71.98079,64075,3241,14860369,743184,495123,297073,148036,7418,4912,matched (3)
1394196,150,109,99,98,.65333331,.72666669,-52,-41,-12.86332,-72.69288,26573,1060,14110449,705224,470149,282089,141044,7022,4714,matched (3)
1396217,120,118,82,82,.68333334,.98333335,-38,-2,-13.77014,-71.84229999999999,1680,3036,15120354,756177,504118,302070,151035,7517,5011,matched (3)
1421106,150,0,0,0,0,0,-150,-150,-14.06394,-75.72920000000001,,,15440787,772393,514262,308157,154078,7739,5126,matched (3)
1445071,320,162,55,55,.171875,.50625002,-265,-158,-8.11176,-79.02869,,,8861154,443577,295384,177230,88115,4457,2938,matched (3)
1450915,425,459,333,331,.77882355,1.08,-94,34,-7.22809,-79.43002,36770,133,7881199,394599,262399,157239,78119,3959,2639,matched (3)
1461144,90,51,45,45,.5,.56666666,-45,-39,-6.76945,-79.83166,,,7381243,369621,246414,147248,73124,3662,2441,matched (3)
1468057,120,41,41,41,.34166667,.34166667,-79,-79,-12.16264,-76.94429,,,13340922,667461,444307,266184,133092,6646,4430,matched (3)
1468248,60,0,0,0,0,0,-60,-60,-11.95714,-77.04984,,,13110934,655467,437311,262186,131093,6546,4331,matched (3)
1468594,1566,250,241,202,.12899107,.1596424,-1364,-1316,-12.02987,-77.05831000000001,579561,125,13190935,659467,439311,263187,131093,6546,4331,matched (3)
1468610,284,74,71,71,.25,.26056337,-213,-210,-12.08215,-77.05295,66171,115,13250934,662467,441311,265186,132093,6646,4431,matched (3)
1545623,210,266,184,177,.84285712,1.2666667,-33,56,-16.1394,-70.5358,1175,3780,17740208,887104,591069,354041,177020,8810,5906,matched (3)
1595495,206,144,141,137,.66504854,.69902915,-69,-62,-18.0137,-70.2508,86095,577,19810177,990088,660059,396035,198017,9908,6605,matched (3)
1637859,180,134,125,125,.69444442,.74444443,-55,-46,-13.63631,-72.87916,45864,2392,14970469,748234,499156,299093,149046,7423,4915,matched (3)
