subreddit,title,score,num_comments,id,url
politics,"Jimmy Kimmel's show returning on Tuesday, ABC announces",42728,5790,1nnwaic,https://www.nbcnews.com/business/media/jimmy-kimmel-abc-return-tuesday-rcna232335
politics,"Trump, 79, Says Cuba and the Amish Have No Autism in Bonkers Speech",7428,761,1no0nem,https://www.thedailybeast.com/trump-79-says-cuba-and-the-amish-have-no-autism-in-bonkers-speech/
politics,Leavitt Twists Herself to Explain Why Trump’s OK to ‘Hate’,4019,286,1no2zga,https://www.thedailybeast.com/karoline-leavitt-twists-herself-to-explain-why-donald-trumps-ok-to-hate/
politics,"The flimsy evidence behind Trump’s big autism announcement, explained",5589,630,1no0hpb,https://www.vox.com/health/462311/trump-tylenol-autism-announcement-leucovorin
politics,"Elena Kagan warns Supreme Court ""overriding"" Congress to give Trump a win",8844,362,1nnxatz,https://www.newsweek.com/kagan-supreme-court-congress-trump-win-ftc-2133934?utm_source=reddit&utm_campaign=reddit_influencers
politics,"Trump, 79, Struggles to Say Word for Tylenol in His Dumb Autism Speech",3270,286,1no3mat,https://newrepublic.com/post/200772/donald-trump-tylenol-pregnancy-autism-rant
politics,A Trump appointee confirmed that Project 2025 was the plan all along,38699,2296,1nnq4bg,https://www.msnbc.com/opinion/msnbc-opinion/brendan-carr-project-2025-tweet-trump-agenda-rcna232517
politics,GOP Rep Accuses Trump of Protecting His “Friends” With Epstein Coverup,11443,241,1nnsz1p,https://newrepublic.com/post/200750/gop-rep-thomas-massie-donald-trump-kash-patel-epstein-coverup
politics,Disney Says ‘Jimmy Kimmel Live!’ to Return Following Backlash,6917,996,1nnwa7q,https://www.bloomberg.com/news/articles/2025-09-22/disney-says-jimmy-kimmel-live-to-return-following-backlash
politics,It’s Happened: The United States of America Is No Longer a Democracy | Trump’s prosecution order to Bondi gives up the pretense. And the country is headed swiftly into unknown territory.,10556,357,1nnrymm,https://newrepublic.com/article/200724/trump-bondi-homan-corruption-democracy
politics,Leavitt's Bonkers Meltdown at Being Confronted With Trump Weaponizing DOJ,4371,186,1nnxnh9,https://www.thedailybeast.com/leavitt-bonkers-meltdown-at-being-confronted-with-trump-weaponizing-doj/
politics,ICE Barbie Dropped F-Bombs on ‘Screaming’ Call With DHS Officials After Embarrassing Stories,10159,486,1nnqnvz,https://www.thedailybeast.com/kristi-noem-dropped-f-bombs-on-screaming-call-with-dhs-officials-after-embarrassing-stories/
politics,Mamdani pulls out of event with ABC station after Kimmel suspension,5031,132,1nnuloq,https://www.washingtonpost.com/politics/2025/09/22/mamdani-abc-kimmel-town-hall/
politics,The Supreme Court Just Knocked Down One of the Final Guardrails Against Dictatorship,1736,238,1no1ymj,https://slate.com/news-and-politics/2025/09/supreme-court-ruling-trump-dictatorship.html
politics,"Trump orders attorney general to prosecute his political enemies straight away: ‘We can’t delay any longer’ - 'Imagine if Richard Nixon had just tweeted out the Watergate scandal rather than putting it on secret tapes,' says Hillary Clinton",7368,151,1nnpy3o,https://www.independent.co.uk/news/world/americas/us-politics/trump-bondi-prosecutions-james-comey-adam-schiff-doj-b2831016.html
politics,Trump Shits All Over Message of Charlie Kirk’s Widow at His Memorial,10274,570,1nnn8hk,https://newrepublic.com/post/200728/trump-message-charlie-kirk-widow-memorial
politics,"Trump’s border czar who promised to bring “hell” to Boston, caught taking $50K in cash from undercover FBI agents, media reports say",10737,186,1nnmqp6,https://www.masslive.com/politics/2025/09/trumps-border-czar-who-promised-to-bring-hell-to-boston-caught-taking-50k-in-cash-from-undercover-fbi-agents-media-reports-say.html
politics,"Donald Trump Claims Charlie Kirk's Last Request Was 'Please, Sir, Save Chicago' During 40-Minute Eulogy",18061,1524,1nnk98b,http://people.com/donald-trump-claims-charlie-kirk-s-last-request-for-him-was-save-chicago-11813929?utm_campaign=peoplemagazine&utm_medium=social&utm_source=reddit.com&utm_content=post
politics,"Trump, 79, So Desperate to Win Nobel Prize He Makes Up a War He’s ‘Solved’ - The president falsely claimed he’d brokered peace between Cambodia and Armenia—countries 4,000 miles apart.",11162,584,1nnlpxo,https://www.thedailybeast.com/donald-trump-79-so-desperate-to-win-nobel-prize-he-makes-up-a-war-hes-solved/
politics,Why Trump’s directive to AG Bondi should be seen as an impeachment-level scandal,7311,217,1nno1wo,https://www.msnbc.com/rachel-maddow-show/maddowblog/trumps-directive-ag-bondi-seen-impeachment-level-scandal-rcna232888
PoliticalDiscussion,Casual Questions Thread,91,8518,1bwbuka,https://www.reddit.com/r/PoliticalDiscussion/comments/1bwbuka/casual_questions_thread/
PoliticalDiscussion,"Why is the government about to announce guidance tying prenatal Tylenol use to autism, a move reportedly championed by HHS Secretary Robert F. Kennedy Jr. ?",143,131,1nnuiew,https://www.reddit.com/r/PoliticalDiscussion/comments/1nnuiew/why_is_the_government_about_to_announce_guidance/
PoliticalDiscussion,"Why are American conservatives (Trump) so popular in Israel, whereas American Jews are predominantly Democrat?",70,65,1nnpbbf,https://www.reddit.com/r/PoliticalDiscussion/comments/1nnpbbf/why_are_american_conservatives_trump_so_popular/
PoliticalDiscussion,Trump says the tariffs are working and the US is getting richer from it. Is that true?,248,351,1nn6k1v,https://www.reddit.com/r/PoliticalDiscussion/comments/1nn6k1v/trump_says_the_tariffs_are_working_and_the_us_is/
PoliticalDiscussion,"UK, Canada, and Australia formally recognize Palestine — what does this mean for global diplomacy?",64,195,1nmzepf,https://www.reddit.com/r/PoliticalDiscussion/comments/1nmzepf/uk_canada_and_australia_formally_recognize/
PoliticalDiscussion,Do you think Democrats should change their federal platform?,0,30,1nnu2r8,https://www.reddit.com/r/PoliticalDiscussion/comments/1nnu2r8/do_you_think_democrats_should_change_their/
PoliticalDiscussion,"Do oppressed groups have a duty, not just a right, to resist systemic threats, and if so, what methods are justified?",0,56,1nmo35z,https://www.reddit.com/r/PoliticalDiscussion/comments/1nmo35z/do_oppressed_groups_have_a_duty_not_just_a_right/
PoliticalDiscussion,Is using military force against suspected drug-trafficking boats constitutional or an overreach of presidential power?,135,275,1nlal7x,https://www.reddit.com/r/PoliticalDiscussion/comments/1nlal7x/is_using_military_force_against_suspected/
PoliticalDiscussion,"What are your thoughts on the FCC's crackdown on Jimmy Kimmel, Stephen Colbert and free speech in general?",158,267,1nl6nez,https://www.reddit.com/r/PoliticalDiscussion/comments/1nl6nez/what_are_your_thoughts_on_the_fccs_crackdown_on/
PoliticalDiscussion,"When Putin came to power in the 2000s his administration critiqued a puppet show mocking politicians openly. 2 years later the puppet show was taken down, do you see parallels with the events we are currently on?",140,21,1nl0uwa,https://www.reddit.com/r/PoliticalDiscussion/comments/1nl0uwa/when_putin_came_to_power_in_the_2000s_his/
PoliticalDiscussion,"Do you think the majority of Americans aren't hyper-partisan/tribal, or has that ship sailed?",56,183,1nl4px7,https://www.reddit.com/r/PoliticalDiscussion/comments/1nl4px7/do_you_think_the_majority_of_americans_arent/
PoliticalDiscussion,"Has US political support for Israel become a kind of cult, and how does Reagan’s 1982 diary entry highlight the difference between then and now?",40,66,1nl71xy,https://www.reddit.com/r/PoliticalDiscussion/comments/1nl71xy/has_us_political_support_for_israel_become_a_kind/
PoliticalDiscussion,"What is ""fair"" for taxes?",0,211,1nm2c8v,https://www.reddit.com/r/PoliticalDiscussion/comments/1nm2c8v/what_is_fair_for_taxes/
PoliticalDiscussion,Current Leaders Of The Democratic Party?,73,190,1nkroke,https://www.reddit.com/r/PoliticalDiscussion/comments/1nkroke/current_leaders_of_the_democratic_party/
PoliticalDiscussion,Americas Reichstag fire?,328,392,1nkeu1q,https://www.reddit.com/r/PoliticalDiscussion/comments/1nkeu1q/americas_reichstag_fire/
PoliticalDiscussion,What explains why personal storytelling might outperform data-heavy messaging in political advocacy?,9,21,1nkwxla,https://www.reddit.com/r/PoliticalDiscussion/comments/1nkwxla/what_explains_why_personal_storytelling_might/
PoliticalDiscussion,"How did the Nazi regime censor satire, cabaret, and art — and what does that tell us about silencing political humor today?",75,29,1nk58ui,https://www.reddit.com/r/PoliticalDiscussion/comments/1nk58ui/how_did_the_nazi_regime_censor_satire_cabaret_and/
PoliticalDiscussion,Are we in a new “Migration Period” that could reshape global politics?,23,41,1nkdp4f,https://www.reddit.com/r/PoliticalDiscussion/comments/1nkdp4f/are_we_in_a_new_migration_period_that_could/
PoliticalDiscussion,Can democracies survive disinformation if truth loses the numbers game?,338,261,1njl34j,https://www.reddit.com/r/PoliticalDiscussion/comments/1njl34j/can_democracies_survive_disinformation_if_truth/
PoliticalDiscussion,"For people who volunteer on campaigns: if we could fix ONE pain this cycle, what should it be?",6,4,1nk7lml,https://www.reddit.com/r/PoliticalDiscussion/comments/1nk7lml/for_people_who_volunteer_on_campaigns_if_we_could/
worldnews,"/r/WorldNews Live Thread: Russian Invasion of Ukraine Day 1307, Part 1 (Thread #1454)",107,5,1no7kkb,https://www.reddit.com/live/18hnzysb1elcs
worldnews,"France recognizes State of Palestine, Macron declares at UN",24791,1459,1nnwa9e,https://www.lemonde.fr/en/international/article/2025/09/22/macron-recognizes-state-of-palestine-for-peace-vows-to-keep-up-existential-fight-against-antisemitism_6745641_4.html
worldnews,Poland to Russia: ‘You have been warned’ so don’t ‘whine’ if your jets are shot down in NATO airspace,5498,165,1no28ha,https://www.politico.eu/article/radoslaw-sikorski-poland-russia-un-security-council-nato/
worldnews,"Moscow comes under drone attack, explosions reported in nine districts",6447,284,1nnwxnm,https://www.ukrinform.net/amp/rubric-ato/4039280-moscow-comes-under-drone-attack-explosions-reported-in-nine-districts.html
worldnews,"Drones detected in Denmark and Norway, airport closed and arrests made",1707,67,1no3wn7,https://newsukraine.rbc.ua/news/drones-detected-in-denmark-and-norway-airport-1758575866.html
worldnews,'We lack manpower to hold every meter of the front': Interview with Ukraine's drone battalion commander,1616,100,1no3asg,https://newsukraine.rbc.ua/interview/we-lack-manpower-to-hold-every-meter-of-the-1757574564.html
worldnews,"Ukraine Destroys Russian Ammo Depot With Over 19,000 Drones and Rare ZUBK14 Tank Missiles",30370,755,1nniede,https://united24media.com/latest-news/ukraine-destroys-russian-ammo-depot-with-over-19000-drones-and-rare-zubk14-tank-missiles-11834
worldnews,Tusk Threatens to Shoot Down Russian Jets Crossing Into Poland,5445,148,1nnp61w,https://www.bloomberg.com/news/articles/2025-09-22/tusk-threatens-to-shoot-down-russian-jets-crossing-into-poland
worldnews,"Poland will shoot down objects in clear-cut airspace violations, prime minister says",11387,242,1nnja64,https://www.reuters.com/world/poland-will-shoot-down-objects-clear-cut-airspace-violations-prime-minister-says-2025-09-22/
worldnews,US Sanctions Wife of Brazil Justice After Bolsonaro Verdict,1726,132,1nnv3ac,https://www.bloomberg.com/news/articles/2025-09-22/us-sanctions-brazilian-justice-moraes-wife-under-magnitsky-act-mfv8nsar
worldnews,Moldova arrests 74 over alleged Russia-backed plot for unrest around election,1009,23,1nny7k8,https://www.abc.net.au/news/2025-09-23/moldova-election-arrests-russia-backed-plot/105804776?utm_source=abc_news_app&utm_medium=content_shared&utm_campaign=abc_news_app&utm_content=other
worldnews,"Ukraine Takes Out Russian Warehouses in Donbas, Destroys Tens of Thousands of UAVs, Ammo",5037,48,1nnkrlb,https://www.kyivpost.com/post/60621
worldnews,Israeli opposition forms bloc to defeat Benjamin Netanyahu gov't,651,37,1no0yxb,https://www.jpost.com/israel-news/politics-and-diplomacy/article-868173
worldnews,UK proposes using billions in frozen Russian cash for Ukraine loans,940,54,1nnxnyh,https://www.politico.eu/article/russia-vladimir-putin-rachel-reeves-uk-proposes-billions-frozen-cash-ukraine-loans/
worldnews,Russian jets over Estonia ignored signals from NATO pilots: officials,4032,189,1nnkioj,https://www.ctvnews.ca/world/article/russian-jets-over-estonia-ignored-signals-from-nato-pilots-officials-say/
worldnews,"Ukraine hits Russian drone hub, ammunition depot, S-400 air defense system in series of strikes, military says",1688,14,1nnqne6,https://kyivindependent.com/kyiv-strikes-russian-drone-storage-ammunition-depot-in-eastern-ukraine-military-says/
worldnews,"Hundreds of species facing extinction in Canada, World Wildlife Fund warns",319,19,1no3pch,https://www.ctvnews.ca/climate-and-environment/article/canada-wildlife-decline-most-severe-in-decades-wwf/
worldnews,ICC charges ex-Philippines leader Rodrigo Duterte with crimes against humanity,271,23,1no4kkf,https://www.bbc.com/news/articles/cg5e1v85lrdo
worldnews,Rifts in Gaza flotilla? Greta Thunberg removed from leadership committee,202,46,1no80qb,https://www.jpost.com/diaspora/antisemitism/article-868231
worldnews,"Kremlin says Putin will make ""important statements"" at key security meeting",4008,319,1nnjcaq,https://www.newsweek.com/putin-russia-security-council-nato-ukraine-war-2133568?utm_source=reddit&utm_campaign=reddit_influencers
