publicado,puesto,empresa,ubicacion,modalidad,url,busqueda
Publicado ayer,Analista de Datos,FRACTAL SOLUCIONES IT,"Lima, Lima",Híbrido,https://www.bumeran.com.pe/empleos/analista-de-datos-fractal-soluciones-it-1118447809.html,analista de datos
Publicado hace 5 días,Analista de Datos,Confidencial,"Cercado De Lima, Lima",Presencial,https://www.bumeran.com.pe/empleos/analista-de-datos-1118440330.html,analista de datos
Publicado ayer,430 Analista de Datos,INFORMATICA DELTA S.A.C.,"Lima, Lima",Híbrido,https://www.bumeran.com.pe/empleos/430-analista-de-datos-informatica-delta-s.a.c.-1118448331.html,analista de datos
Publicado ayer,Analista de Explotación de Datos,Hitss Perú,"La Victoria, Lima",Presencial,https://www.bumeran.com.pe/empleos/analista-de-explotacion-de-datos-hitss-peru-1118447643.html,analista de datos
Actualizado hace 2 días,Analista de Datos,IBT GROUP,"San Isidro, Lima",Presencial,https://www.bumeran.com.pe/empleos/analista-de-datos-ibt-group-1118432292.html,analista de datos
Actualizado ayer,Analista de datos junior,Inetum Perú,"San Isidro, Lima",Presencial,https://www.bumeran.com.pe/empleos/analista-de-datos-junior-inetum-peru-1118442441.html,analista de datos
Publicado hace más de 15 días,Analista de Datos,IBT GROUP,"Callao, Lima",Presencial,https://www.bumeran.com.pe/empleos/analista-de-datos-ibt-group-1118425837.html,analista de datos
Publicado ayer,Analista de Gestión de Datos Maestros,CL SELECTION/DIVISION IT,"Lima, Lima",Presencial,https://www.bumeran.com.pe/empleos/analista-de-gestion-de-datos-maestros-cl-selection-division-it-1118447276.html,analista de datos
Actualizado ayer,Analista de Datos Junior. (Hibrido),CSTI Corp,"Miraflores, Lima",Híbrido,https://www.bumeran.com.pe/empleos/analista-de-datos-junior.-hibrido-csti-corp-1118446068.html,analista de datos
Actualizado ayer,Analista de Datos Jr. (hibrido),CSTI Corp,"Miraflores, Lima",Híbrido,https://www.bumeran.com.pe/empleos/analista-de-datos-jr.-hibrido-csti-corp-1118446024.html,analista de datos
Actualizado ayer,Analista de Datos Comerciales bi,Peru Productos Agricolas,"Carabayllo, Lima",Presencial,https://www.bumeran.com.pe/empleos/analista-de-datos-comerciales-bi-peru-productos-agricolas-1118445349.html,analista de datos
Publicado hace 3 días,Analista de Datos BI - Hibrido,UNIVERSIDAD TECNOLOGICA DEL PERU,"Cercado De Lima, Lima",Híbrido,https://www.bumeran.com.pe/empleos/analista-de-datos-bi-hibrido-universidad-tecnologica-del-peru-1118444813.html,analista de datos
Actualizado ayer,Analista de Datos Jr. (hibrido),CSTI Corp,"Miraflores, Lima",Híbrido,https://www.bumeran.com.pe/empleos/analista-de-datos-jr.-hibrido-csti-corp-1118444560.html,analista de datos
Actualizado hace 12 días,Analista de Datos,TRUPAL S.A.,"El Agustino, Lima",Híbrido,https://www.bumeran.com.pe/empleos/analista-de-datos-trupal-s.a.-1118425265.html,analista de datos
Publicado hace 5 días,Analista Funcional de Datos-Banca,INDRA PERU,"San Isidro, Lima",Híbrido,https://www.bumeran.com.pe/empleos/analista-funcional-de-datos-banca-indra-peru-1118441402.html,analista de datos
Publicado ayer,Analista de Base de Datos / Contact Center,QUANTIA SOLUCIONES S.A.C.,"San Isidro, Lima",Presencial,https://www.bumeran.com.pe/empleos/analista-de-base-de-datos-contact-center-quantia-soluciones-s.a.c.-1118447409.html,analista de datos
Publicado hace 3 días,Analista de Inteligencia de Datos- Sede Arequipa,Caja Arequipa,"Arequipa, Arequipa",Presencial,https://www.bumeran.com.pe/empleos/analista-de-inteligencia-de-datos-sede-arequipa-caja-arequipa-1118445255.html,analista de datos
Actualizado ayer,Analista de Datos Junior,CSTI Corp,"Miraflores, Lima",Híbrido,https://www.bumeran.com.pe/empleos/analista-de-datos-junior-csti-corp-1118426629.html,analista de datos
Actualizado hace 11 días,Analista de Datos Jr.,CSTI Corp,"Miraflores, Lima",Híbrido,https://www.bumeran.com.pe/empleos/analista-de-datos-jr.-csti-corp-1118426628.html,analista de datos
Actualizado hace 5 días,Analista de Datos,COBEX,"Cerro Colorado, Arequipa",Presencial,https://www.bumeran.com.pe/empleos/analista-de-datos-cobex-1118412271.html,analista de datos
Actualizado ayer,Analista de Datos / Business Intelligence,Grupo Lucky,"Miraflores, Lima",Presencial,https://www.bumeran.com.pe/empleos/analista-de-datos-business-intelligence-grupo-lucky-1118432489.html,analista de datos
Publicado hace 8 días,Analista Senior de Arquitectura y Seguridad de Datos,GRUPO ELECTRODATA SAC,"Surquillo, Lima",Presencial,https://www.bumeran.com.pe/empleos/analista-senior-de-arquitectura-y-seguridad-de-datos-grupo-electrodata-sac-1118439479.html,analista de datos
Publicado hace 2 días,Analista de Datos de Talento (Data Analyst de Talento),SERVICIOS COMPARTIDOS DE RESTAURANTES S.A.C.,"Miraflores, Lima",Presencial,https://www.bumeran.com.pe/empleos/analista-de-datos-de-talento-data-analyst-de-talento-servicios-compartidos-de-restaurantes-s.a.c.-1118446497.html,analista de datos
Actualizado hace 2 días,ANALISTA DE DATOS | SECTOR AUTOMOTRIZ,ADECCO PERU S.A.,"San Borja, Lima",Presencial,https://www.bumeran.com.pe/empleos/analista-de-datos-%7C-sector-automotriz-adecco-peru-s.a.-1118427797.html,analista de datos
Actualizado hace más de 15 días,Analista de Datos - Semipresencial,ManpowerGroup Perú,"San Isidro, Lima",Híbrido,https://www.bumeran.com.pe/empleos/analista-de-datos-semipresencial-manpowergroup-peru-1118419023.html,analista de datos
Actualizado hace 4 días,Analista de Gobierno de Datos,"SUPERINTENDENCIA DE BANCA, SEGUROS Y AFP","San Isidro, Lima",Presencial,https://www.bumeran.com.pe/empleos/analista-de-gobierno-de-datos-superintendencia-de-banca-seguros-y-afp-1118418476.html,analista de datos
Actualizado hace 8 días,Analista de Datos QA - Semi Senior,CSTI Corp,"La Victoria, Lima",Presencial,https://www.bumeran.com.pe/empleos/analista-de-datos-qa-semi-senior-csti-corp-1118432129.html,analista de datos
Actualizado hace 8 días,Analista de Datos y Planeamiento,VIETTEL PERU SAC,"San Isidro, Lima",Presencial,https://www.bumeran.com.pe/empleos/analista-de-datos-y-planeamiento-viettel-peru-sac-1118417187.html,analista de datos
Actualizado hace más de 15 días,Analista de datos,R&E INNOVA SAC,"Cerro Colorado, Arequipa",Presencial,https://www.bumeran.com.pe/empleos/analista-de-datos-re-innova-sac-1118403077.html,analista de datos
Actualizado hace 5 días,Analista de Datos / Business Intelligence,Grupo Lucky,"Miraflores, Lima",Presencial,https://www.bumeran.com.pe/empleos/analista-de-datos-business-intelligence-grupo-lucky-1118420221.html,analista de datos
Actualizado hace 11 días,Analista de Integración de Datos/ Analista de Datos Presencial en Planilla,IBR PERU S.A.,"Lima, Lima",Presencial,https://www.bumeran.com.pe/empleos/analista-de-integracion-de-datos-analista-de-datos-presencial-en-planilla-ibr-peru-s.a.-1118410494.html,analista de datos
Actualizado hace más de 15 días,Analista de Calidad de Datos (Banca),INDRA PERU,"San Isidro, Lima",Remoto,https://www.bumeran.com.pe/empleos/analista-de-calidad-de-datos-banca-indra-peru-1118416312.html,analista de datos
Actualizado hace más de 15 días,Analista de Gestión de Datos,Bigmond Group,"Lima, Lima",Presencial,https://www.bumeran.com.pe/empleos/analista-de-gestion-de-datos-bigmond-group-1118408997.html,analista de datos
Actualizado hace 6 días,P7498 Analista NOC Junior- Monitoreo de Base de Datos,METRICA PERU,"San Isidro, Lima",Híbrido,https://www.bumeran.com.pe/empleos/p7498-analista-noc-junior-monitoreo-de-base-de-datos-metrica-peru-1118346386.html,analista de datos
Actualizado hace más de 15 días,ANALISTA DE DATOS JUNIOR,UNIVERSIDAD CATÓLICA SAN PABLO,"Arequipa, Arequipa",Presencial,https://www.bumeran.com.pe/empleos/analista-de-datos-junior-universidad-catolica-san-pablo-1118404773.html,analista de datos
Actualizado hace 4 días,Analista de Control Interno I Power BI Análisis de Datos,GRUPO EFE,"Santiago de Surco, Lima",Presencial,https://www.bumeran.com.pe/empleos/analista-de-control-interno-i-power-bi-analisis-de-datos-grupo-efe-1118437421.html,analista de datos
Actualizado hace 3 días,Analista de Base de Datos – Calidad | Contact Center,UTP CONTACT CENTER,"Cercado De Lima, Lima",Presencial,https://www.bumeran.com.pe/empleos/analista-de-base-de-datos--calidad-%7C-contact-center-utp-contact-center-1118422574.html,analista de datos
Actualizado hace 3 días,ANALISTA SENIOR DE PROCESAMIENTO DE DATOS/EXPERIENCIA RETAIL / INGLÉS AVANZADO,Grupo Tawa,"San Isidro, Lima",Presencial,https://www.bumeran.com.pe/empleos/analista-senior-de-procesamiento-de-datos-experiencia-retail-ingles-avanzado-grupo-tawa-1118434680.html,analista de datos
Actualizado hace 8 días,Analista de datos - Analista BI,DELPILZONE,"Pueblo Libre, Lima",Presencial,https://www.bumeran.com.pe/empleos/analista-de-datos-analista-bi-delpilzone-1118208902.html,analista de datos
Actualizado ayer,Analista de Datos/BI y Operaciones – Contact Center (Performance),Prosegur,"Surquillo, Lima",Presencial,https://www.bumeran.com.pe/empleos/analista-de-datos-bi-y-operaciones--contact-center-performance-prosegur-1118428568.html,analista de datos
Actualizado hace más de 15 días,Analista de Planificación Académica - Analisis de datos,UNIVERSIDAD TECNOLOGICA DEL PERU,"Lima, Lima",Presencial,https://www.bumeran.com.pe/empleos/analista-de-planificacion-academica-analisis-de-datos-universidad-tecnologica-del-peru-1118400974.html,analista de datos
Actualizado hace 5 días,Analista de Base de Datos de Marketing,Confidencial,"Jesús María, Lima",Presencial,https://www.bumeran.com.pe/empleos/analista-de-base-de-datos-de-marketing-1118408824.html,analista de datos
Actualizado hace más de 15 días,Analista de Gestión en Tiempo Real y Análisis de Datos,Ampliffica Perú,"Cercado De Lima, Lima",Presencial,https://www.bumeran.com.pe/empleos/analista-de-gestion-en-tiempo-real-y-analisis-de-datos-ampliffica-peru-1118420642.html,analista de datos
Actualizado ayer,Analista Ingeniería de Datos,America Movil Peru SAC,"La Victoria, Lima",Presencial,https://www.bumeran.com.pe/empleos/analista-ingenieria-de-datos-america-movil-peru-sac-1118403418.html,analista de datos
Actualizado hace más de 15 días,Analista de Migración de Datos - Presencial,INDRA PERU,"San Isidro, Lima",Presencial,https://www.bumeran.com.pe/empleos/analista-de-migracion-de-datos-presencial-indra-peru-1118406712.html,analista de datos
Actualizado hace 3 días,Analista de Ingeniería Logística - Datos,FARMACIAS PERUANAS,"La Victoria, Lima",Presencial,https://www.bumeran.com.pe/empleos/analista-de-ingenieria-logistica-datos-farmacias-peruanas-1118404984.html,analista de datos
Actualizado hace más de 15 días,Analista de Gestión de Datos,Corporación FONAFE,"San Isidro, Lima",Presencial,https://www.bumeran.com.pe/empleos/analista-de-gestion-de-datos-corporacion-fonafe-1118398531.html,analista de datos
Actualizado hace 4 días,ANALISTA SENIOR DE PROCESAMIENTO DE DATOS/EXPERIENCIA RETAIL / INGLÉS AVANZADO,Grupo Tawa,"San Isidro, Lima",Presencial,https://www.bumeran.com.pe/empleos/analista-senior-de-procesamiento-de-datos-experiencia-retail-ingles-avanzado-grupo-tawa-1118425008.html,analista de datos
Actualizado hace más de 15 días,Analista de Base de Datos,Confidencial,"Santa Anita, Lima",Presencial,https://www.bumeran.com.pe/empleos/analista-de-base-de-datos-1118396851.html,analista de datos
Actualizado hace más de 15 días,Analista de base de datos (call center ventas),TCONTAKTO SAC,"Cercado De Lima, Lima",Presencial,https://www.bumeran.com.pe/empleos/analista-de-base-de-datos-call-center-ventas-tcontakto-sac-1118410276.html,analista de datos
Actualizado hace más de 15 días,Analista de Datos/ Estudios de Mercado/ Inmobiliaria Corporativa,ADECCO PERU S.A.,"San Isidro, Lima",Presencial,https://www.bumeran.com.pe/empleos/analista-de-datos-estudios-de-mercado-inmobiliaria-corporativa-adecco-peru-s.a.-1118407434.html,analista de datos
Actualizado hace 5 días,Analista JR de datos y automatización (facturación),Prosegur,"Surquillo, Lima",Presencial,https://www.bumeran.com.pe/empleos/analista-jr-de-datos-y-automatizacion-facturacion-prosegur-1118399322.html,analista de datos
Actualizado hace más de 15 días,Analista de Datos y Procesos - Temporal,Universidad de Ingeniería y Tecnología - UTEC,"Barranco, Lima",Híbrido,https://www.bumeran.com.pe/empleos/analista-de-datos-y-procesos-temporal-universidad-de-ingenieria-y-tecnologia-utec-1118394000.html,analista de datos
Actualizado hace 2 días,Analista de datos y mejora contínua (Área Transformación Digital),UNIVERSIDAD NORBERT WIENER,"Jesús María, Lima",Presencial,https://www.bumeran.com.pe/empleos/analista-de-datos-y-mejora-continua-area-transformacion-digital-universidad-norbert-wiener-1118404450.html,analista de datos
Actualizado hace más de 15 días,Analista de Administrativo/ Manejo de Bases de Datos/ Sector Educativo,Confidencial,"Lima, Lima",Presencial,https://www.bumeran.com.pe/empleos/analista-de-administrativo-manejo-de-bases-de-datos-sector-educativo-1118398744.html,analista de datos
Actualizado hace más de 15 días,Analista de Datos (10mo o recién egresado),INDRA PERU,"San Isidro, Lima",Híbrido,https://www.bumeran.com.pe/empleos/analista-de-datos-10mo-o-recien-egresado-indra-peru-1118385489.html,analista de datos
Actualizado hace más de 15 días,Analista de Conducta de Mercado - Analisis de Datos,Confidencial,"San Isidro, Lima",Presencial,https://www.bumeran.com.pe/empleos/analista-de-conducta-de-mercado-analisis-de-datos-1118384457.html,analista de datos
Actualizado ayer,Analista de Inteligencia de Datos,PANDERO S.A. EAFC,"San Isidro, Lima",Híbrido,https://www.bumeran.com.pe/empleos/analista-de-inteligencia-de-datos-pandero-s.a.-eafc-1118380388.html,analista de datos
Actualizado hace más de 15 días,ANALISTA DE DATOS Y GESTIÓN DE DASHBOARD EN LOGÍSTICA - SECTOR MINERO,INTERNATIONAL TESTING INSPECTION &amp; CERTIFICATION PERU S.A.C. - ITIC PERU S.A.C.,"Abancay, Apurimac",Presencial,https://www.bumeran.com.pe/empleos/analista-de-datos-y-gestion-de-dashboard-en-logistica-sector-minero-international-testing-inspection-amp-certification-peru-s.a.c.-itic-peru-s.a.c.-1118386114.html,analista de datos
Actualizado hace más de 15 días,Analista de datos y Business Intelligence,QENETO,"Trujillo, La Libertad",Presencial,https://www.bumeran.com.pe/empleos/analista-de-datos-y-business-intelligence-qeneto-1118374430.html,analista de datos
Publicado ayer,Practicante de Contabilidad,AXIO CONSULTING GROUP,"Lima, Lima",Presencial,https://www.bumeran.com.pe/empleos/practicante-de-contabilidad-axio-consulting-group-1118447431.html,contabilidad
Publicado ayer,Practicante de Contabilidad,PREFABRICADOS CALYTEC,"Puente Piedra, Lima",Presencial,https://www.bumeran.com.pe/empleos/practicante-de-contabilidad-prefabricados-calytec-1118445985.html,contabilidad
Publicado ayer,Practicante de Contabilidad,MOTIVA SOLUCIONES SAC,"Miraflores, Lima",Presencial,https://www.bumeran.com.pe/empleos/practicante-de-contabilidad-motiva-soluciones-sac-1118430084.html,contabilidad
Actualizado ayer,Auxiliar de contabilidad,VALDITEX S A,"Santiago de Surco, Lima",Presencial,https://www.bumeran.com.pe/empleos/auxiliar-de-contabilidad-valditex-s-a-1118446754.html,contabilidad
Publicado hace 2 días,Practicante de Contabilidad,MEXICHEM PERÚ S.A.,"El Agustino, Lima",Híbrido,https://www.bumeran.com.pe/empleos/practicante-de-contabilidad-mexichem-peru-s.a.-1118446543.html,contabilidad
Actualizado ayer,Practicante de Contabilidad,La Fiduciaria,"San Isidro, Lima",Híbrido,https://www.bumeran.com.pe/empleos/practicante-de-contabilidad-la-fiduciaria-1118446463.html,contabilidad
Publicado hace 2 días,Supervisor de Contabilidad,Confidencial,"Lima, Lima",Presencial,https://www.bumeran.com.pe/empleos/supervisor-de-contabilidad-1118446278.html,contabilidad
Publicado hace 3 días,Jefe(a) de Contabilidad,MARISOL ZEVALLOS PSICOLOGIA Y MANAGEMENT E.I.R.L.,"Puente Piedra, Lima",Presencial,https://www.bumeran.com.pe/empleos/jefea-de-contabilidad-marisol-zevallos-psicologia-y-management-e.i.r.l.-1118444824.html,contabilidad
Publicado hace 3 días,Asistente De Contabilidad,IAM GROUP,"Miraflores, Lima",Presencial,https://www.bumeran.com.pe/empleos/asistente-de-contabilidad-iam-group-1118292844.html,contabilidad
Actualizado ayer,Practicante de Contabilidad,La Fiduciaria,"San Isidro, Lima",Híbrido,https://www.bumeran.com.pe/empleos/practicante-de-contabilidad-la-fiduciaria-1118317277.html,contabilidad
Publicado hace 3 días,Asistente de Contabilidad,Panasonic,"San Isidro, Lima",Presencial,https://www.bumeran.com.pe/empleos/asistente-de-contabilidad-panasonic-1118444791.html,contabilidad
Actualizado hace 2 días,Practicante de Contabilidad,MEXICHEM PERÚ S.A.,"Cerro Colorado, Arequipa",Híbrido,https://www.bumeran.com.pe/empleos/practicante-de-contabilidad-mexichem-peru-s.a.-1118443557.html,contabilidad
Actualizado ayer,Jefe(a) de Contabilidad,LA TINKA S.A.,"Miraflores, Lima",Híbrido,https://www.bumeran.com.pe/empleos/jefea-de-contabilidad-la-tinka-s.a.-1118442451.html,contabilidad
Actualizado ayer,Auxiliar de Contabilidad,Confidencial,"Lima, Lima",Híbrido,https://www.bumeran.com.pe/empleos/auxiliar-de-contabilidad-1118441949.html,contabilidad
Actualizado hace 2 días,Asistente de Contabilidad,Confidencial,"Lima, Lima",Presencial,https://www.bumeran.com.pe/empleos/asistente-de-contabilidad-1118441934.html,contabilidad
Actualizado hace 4 días,Subgerente de contabilidad,Grupo Flesan,"Magdalena del Mar, Lima",Presencial,https://www.bumeran.com.pe/empleos/subgerente-de-contabilidad-grupo-flesan-1118439689.html,contabilidad
Publicado hace 8 días,Asistente de Contabilidad,Confidencial,"Santiago de Surco, Lima",Remoto,https://www.bumeran.com.pe/empleos/asistente-de-contabilidad-1118439628.html,contabilidad
Actualizado hace 3 días,Practicante de Contabilidad,Confidencial,"Ate Vitarte, Lima",Presencial,https://www.bumeran.com.pe/empleos/practicante-de-contabilidad-1118438709.html,contabilidad
Actualizado hace 5 días,Practicante de Contabilidad,Wigo Motors,"La Victoria, Lambayeque",Presencial,https://www.bumeran.com.pe/empleos/practicante-de-contabilidad-wigo-motors-1118438438.html,contabilidad
Actualizado hace 7 días,Asistente de Contabilidad,Roberto A. Torres S.A.,"Chorrillos, Lima",Presencial,https://www.bumeran.com.pe/empleos/asistente-de-contabilidad-roberto-a.-torres-s.a.-1118437673.html,contabilidad
Actualizado hace 3 días,Asistente de Contabilidad,BabyModas S.A.C,"San Juan De Lurigancho., Lima",Presencial,https://www.bumeran.com.pe/empleos/asistente-de-contabilidad-babymodas-s.a.c-1118436497.html,contabilidad
Actualizado hace 4 días,Analista de Contabilidad,ASOCIACIÓN AUTOMOTRIZ DEL PERÚ,"San Isidro, Lima",Híbrido,https://www.bumeran.com.pe/empleos/analista-de-contabilidad-asociacion-automotriz-del-peru-1118437876.html,contabilidad
Actualizado hace 5 días,Jefe de Contabilidad,Grupo Tawa,"Callao, Lima",Presencial,https://www.bumeran.com.pe/empleos/jefe-de-contabilidad-grupo-tawa-1118437193.html,contabilidad
Actualizado hace 2 días,Analista de Contabilidad,MANPOWERGROUP,"La Molina, Lima",Híbrido,https://www.bumeran.com.pe/empleos/analista-de-contabilidad-manpowergroup-1118436585.html,contabilidad
Actualizado hace 5 días,Asistente de contabilidad,Santa Natura,"Santiago de Surco, Lima",Presencial,https://www.bumeran.com.pe/empleos/asistente-de-contabilidad-santa-natura-1118434365.html,contabilidad
Actualizado ayer,Auxiliar de Contabilidad,GRUPO IGARASHI,"Lince, Lima",Presencial,https://www.bumeran.com.pe/empleos/auxiliar-de-contabilidad-grupo-igarashi-1118433947.html,contabilidad
Actualizado hace 5 días,Practicante de Contabilidad,PWC,"San Isidro, Lima",Híbrido,https://www.bumeran.com.pe/empleos/practicante-de-contabilidad-pwc-1118436061.html,contabilidad
Actualizado hace 4 días,PRACTICANTE DE CONTABILIDAD,SUDAMERICANA DE FIBRAS S.A,"Gobierno Regional del Callao, Gobierno Regional del Callao",Presencial,https://www.bumeran.com.pe/empleos/practicante-de-contabilidad-sudamericana-de-fibras-s.a-1118435680.html,contabilidad
Actualizado ayer,Analista de Contabilidad,BLUE PACIFIC OILS S.A.C.,"Miraflores, Lima",Presencial,https://www.bumeran.com.pe/empleos/analista-de-contabilidad-blue-pacific-oils-s.a.c.-1118434853.html,contabilidad
Publicado ayer,Controller de Contabilidad y Finanzas,Grupo Tawa,"Lurigancho, Lima",Presencial,https://www.bumeran.com.pe/empleos/controller-de-contabilidad-y-finanzas-grupo-tawa-1118448384.html,contabilidad
Publicado ayer,Auxiliar de Contabilidad y Finanzas,EDEN AGUA,"Miraflores, Lima",Presencial,https://www.bumeran.com.pe/empleos/auxiliar-de-contabilidad-y-finanzas-eden-agua-1118448350.html,contabilidad
Publicado ayer,Asistente de Contabilidad Temporal,UNIVERSIDAD NORBERT WIENER,"Jesús María, Lima",Presencial,https://www.bumeran.com.pe/empleos/asistente-de-contabilidad-temporal-universidad-norbert-wiener-1118448266.html,contabilidad
Publicado ayer,ANALISTA DE CONTABILIDAD (TEMPORAL),SOLEIL METALS S.A.,"Miraflores, Lima",Presencial,https://www.bumeran.com.pe/empleos/analista-de-contabilidad-temporal-soleil-metals-s.a.-1118447481.html,contabilidad
Publicado ayer,Asistente de Contabilidad - Constructora,URBAN arquitectos,"Miraflores, Lima",Presencial,https://www.bumeran.com.pe/empleos/asistente-de-contabilidad-constructora-urban-arquitectos-1118446194.html,contabilidad
Actualizado ayer,Practicante de Contabilidad y Finanzas,CORPORACION PERUANA DE AEROPUERTOS Y AVIACION COMERCIAL S.A - CORPAC S.A..,"Gobierno Regional del Callao, Gobierno Regional del Callao",Presencial,https://www.bumeran.com.pe/empleos/practicante-de-contabilidad-y-finanzas-corporacion-peruana-de-aeropuertos-y-aviacion-comercial-s.a-corpac-s.a..-1118446050.html,contabilidad
Publicado hace 2 días,Practicante Profesional de Contabilidad,Los Andes,"Santiago de Surco, Lima",Presencial,https://www.bumeran.com.pe/empleos/practicante-profesional-de-contabilidad-los-andes-1118139439.html,contabilidad
Actualizado hace 8 días,Practicante de Contabilidad,Quimpac SA,"Callao, Lima",Presencial,https://www.bumeran.com.pe/empleos/practicante-de-contabilidad-quimpac-sa-1118433739.html,contabilidad
Publicado hace 12 días,Asistente de Contabilidad,CINEPLANET,"Miraflores, Lima",Híbrido,https://www.bumeran.com.pe/empleos/asistente-de-contabilidad-cineplanet-1118432486.html,contabilidad
Publicado hace 12 días,Analista de Contabilidad,CINEPLANET,"Miraflores, Lima",Híbrido,https://www.bumeran.com.pe/empleos/analista-de-contabilidad-cineplanet-1118432463.html,contabilidad
Actualizado hace 2 días,Auxiliar de contabilidad,Confidencial,"Santiago de Surco, Lima",Presencial,https://www.bumeran.com.pe/empleos/auxiliar-de-contabilidad-1118432337.html,contabilidad
