,idx,travel_time_best_guess,travel_time_pessimistic,travel_time_optimistic,travel_distance_best_guess,travel_distance_pessimistic,travel_distance_optimistic
0,0.0,2299.0,2305.0,2276.0,17.3,17.3,17.3
1,1.0,2054.0,2047.0,2037.0,16.2,16.2,16.2
2,2.0,2235.0,2239.0,2210.0,17.2,17.2,17.2
3,3.0,2689.0,2791.0,2606.0,20.1,20.1,20.1
4,4.0,940.0,940.0,940.0,8.2,8.2,8.2
5,5.0,3809.0,3988.0,3671.0,35.8,35.8,35.8
6,6.0,6012.0,6018.0,5996.0,38.9,38.9,38.9
7,7.0,3776.0,3776.0,3776.0,40.6,40.6,40.6
8,8.0,4041.0,4041.0,4041.0,42.9,42.9,42.9
9,9.0,2369.0,2369.0,2369.0,25.9,25.9,25.9
10,10.0,1585.0,1585.0,1585.0,14.1,14.1,14.1
11,11.0,1460.0,1460.0,1460.0,10.8,10.8,10.8
12,12.0,3866.0,3871.0,3868.0,26.3,26.3,26.3
13,13.0,3713.0,3718.0,3715.0,25.8,25.8,25.8
14,14.0,2004.0,2004.0,2004.0,15.7,15.7,15.7
15,15.0,2980.0,3010.0,2947.0,20.6,20.6,20.6
16,16.0,2396.0,2392.0,2374.0,17.5,17.5,17.5
17,17.0,2097.0,2097.0,2077.0,16.5,16.5,16.5
18,18.0,4658.0,4846.0,4564.0,48.5,48.5,48.5
19,19.0,2243.0,2248.0,2218.0,17.1,17.1,17.1
20,20.0,2297.0,2303.0,2274.0,17.3,17.3,17.3
21,21.0,2190.0,2190.0,2181.0,16.9,16.9,16.9
22,22.0,8150.0,8152.0,8140.0,53.2,53.2,53.2
23,23.0,2176.0,2171.0,2154.0,16.8,16.8,16.8
24,24.0,2225.0,2230.0,2200.0,17.0,17.0,17.0
25,25.0,2109.0,2113.0,2083.0,16.5,16.5,16.5
26,26.0,2136.0,2136.0,2136.0,16.7,16.7,16.7
27,27.0,2291.0,2297.0,2267.0,17.3,17.3,17.3
28,28.0,2091.0,2091.0,2091.0,16.3,16.3,16.3
29,29.0,2278.0,2284.0,2255.0,17.2,17.2,17.2
30,30.0,2290.0,2296.0,2267.0,17.3,17.3,17.3
31,31.0,7683.0,7685.0,7673.0,48.9,48.9,48.9
32,32.0,2182.0,2174.0,2168.0,16.8,16.8,16.8
33,33.0,2041.0,2041.0,2041.0,16.2,16.2,16.2
34,34.0,2087.0,2080.0,2071.0,16.4,16.4,16.4
35,35.0,2268.0,2274.0,2244.0,17.2,17.2,17.2
36,36.0,,2372.0,2344.0,,17.6,17.6
37,37.0,2283.0,2289.0,2260.0,17.3,17.3,17.3
38,38.0,2385.0,2425.0,2369.0,18.1,18.1,18.1
39,39.0,2253.0,2247.0,2229.0,16.9,16.9,16.9
40,40.0,2226.0,2229.0,2225.0,17.0,17.0,17.0
41,41.0,2190.0,2190.0,2181.0,16.9,16.9,16.9
42,42.0,2383.0,2382.0,2370.0,17.7,17.7,17.7
43,43.0,2255.0,2256.0,2247.0,17.0,17.0,17.0
44,44.0,2141.0,2144.0,2115.0,16.7,16.7,16.7
45,45.0,2337.0,2348.0,2331.0,17.3,17.3,17.3
46,46.0,2138.0,2138.0,2138.0,16.6,16.6,16.6
47,47.0,2383.0,2382.0,2370.0,17.7,17.7,17.7
48,48.0,2365.0,2377.0,2339.0,17.7,17.7,17.7
49,49.0,2351.0,2360.0,2327.0,17.6,17.6,17.6
50,50.0,2278.0,2284.0,2255.0,17.2,17.2,17.2
51,51.0,2478.0,2493.0,2428.0,18.2,18.2,18.2
52,52.0,2155.0,2160.0,2127.0,16.7,16.7,16.7
53,53.0,2251.0,2256.0,2227.0,17.1,17.1,17.1
54,54.0,2177.0,2177.0,2167.0,16.8,16.8,16.8
55,55.0,2190.0,2193.0,2167.0,17.0,17.0,17.0
56,56.0,2173.0,2172.0,2164.0,16.8,16.8,16.8
57,57.0,2351.0,2362.0,2306.0,17.8,17.8,17.8
58,58.0,2089.0,,2089.0,16.5,,16.5
59,59.0,2338.0,2367.0,2340.0,17.6,17.6,17.6
60,60.0,2383.0,2382.0,2370.0,17.7,17.7,17.7
61,61.0,2200.0,2202.0,2197.0,16.8,16.8,16.8
62,62.0,2355.0,2355.0,2355.0,17.6,17.6,17.6
63,63.0,2219.0,2222.0,2218.0,17.0,17.0,17.0
64,64.0,2383.0,2382.0,2370.0,17.7,17.7,17.7
65,65.0,2185.0,2182.0,2182.0,16.8,16.8,16.8
66,66.0,,2190.0,2181.0,,16.9,16.9
67,67.0,2383.0,2382.0,2370.0,17.7,17.7,17.7
68,68.0,2092.0,2092.0,2092.0,16.3,16.3,16.3
69,69.0,2181.0,2173.0,2167.0,16.8,16.8,16.8
70,70.0,2241.0,2246.0,2216.0,17.1,17.1,17.1
71,71.0,2413.0,2437.0,2395.0,17.9,17.9,17.9
72,72.0,2351.0,2347.0,2328.0,17.4,17.4,17.4
73,73.0,2121.0,2121.0,2105.0,16.6,16.6,16.6
74,74.0,2177.0,2181.0,2152.0,16.8,16.8,16.8
75,75.0,2383.0,2382.0,2370.0,17.7,17.7,17.7
76,76.0,2383.0,2382.0,2370.0,17.7,17.7,17.7
77,77.0,2383.0,2382.0,2370.0,17.7,17.7,17.7
78,78.0,1977.0,1977.0,1977.0,16.0,16.0,16.0
79,79.0,2255.0,2260.0,2231.0,17.1,17.1,17.1
80,80.0,2383.0,2382.0,2370.0,17.7,17.7,17.7
81,81.0,2292.0,2298.0,2269.0,17.3,17.3,17.3
82,82.0,2351.0,2346.0,2328.0,17.4,17.4,17.4
83,83.0,2383.0,2382.0,2370.0,17.7,17.7,17.7
84,84.0,2152.0,2143.0,2142.0,16.5,16.5,16.5
85,85.0,2122.0,2123.0,2102.0,16.6,16.6,16.6
86,86.0,2383.0,2382.0,2370.0,17.7,17.7,17.7
87,87.0,2165.0,2167.0,2146.0,16.8,16.8,16.8
88,88.0,2183.0,2188.0,2156.0,16.8,16.8,16.8
89,89.0,2291.0,2297.0,2268.0,17.3,17.3,17.3
90,90.0,2218.0,2222.0,2217.0,17.0,17.0,17.0
91,91.0,2311.0,2318.0,2288.0,17.4,17.4,17.4
92,92.0,2292.0,2298.0,2268.0,17.3,17.3,17.3
93,93.0,2281.0,2286.0,,17.2,17.2,
94,94.0,2134.0,2134.0,2134.0,16.5,16.5,16.5
95,95.0,2221.0,2224.0,2220.0,17.0,17.0,17.0
96,96.0,2290.0,2296.0,2267.0,17.3,17.3,17.3
97,97.0,2289.0,2295.0,2265.0,17.3,17.3,17.3
98,98.0,2173.0,2164.0,2160.0,16.6,16.6,16.6
99,99.0,2120.0,2120.0,2120.0,16.6,16.6,16.6
100,100.0,2383.0,2382.0,2370.0,17.7,17.7,17.7
101,101.0,2383.0,2382.0,2370.0,17.7,17.7,17.7
102,102.0,2363.0,,2340.0,17.4,,17.4
103,103.0,2369.0,2376.0,2331.0,17.4,17.4,17.4
104,104.0,2170.0,2161.0,2159.0,16.8,16.8,16.8
105,105.0,2467.0,2501.0,2473.0,18.1,18.1,18.1
106,106.0,2320.0,2326.0,2297.0,17.4,17.4,17.4
107,107.0,2299.0,2303.0,2299.0,17.3,17.3,17.3
108,108.0,2257.0,2260.0,2256.0,17.2,17.2,17.2
109,109.0,2091.0,2092.0,2066.0,16.5,16.5,16.5
110,110.0,2182.0,2187.0,2157.0,16.8,16.8,16.8
111,111.0,2182.0,2181.0,2172.0,16.8,16.8,16.8
112,112.0,2145.0,2149.0,2119.0,16.7,16.7,16.7
113,113.0,1545.0,1551.0,1513.0,19.3,19.3,19.3
114,114.0,702.0,692.0,666.0,9.0,9.0,9.0
115,115.0,1540.0,1538.0,1501.0,22.4,22.4,22.4
116,116.0,2514.0,2527.0,2487.0,30.3,30.3,30.3
117,117.0,,,,,,
118,118.0,779.0,775.0,750.0,8.8,8.8,8.8
119,119.0,1970.0,1977.0,1929.0,19.8,19.8,19.8
120,120.0,423.0,420.0,404.0,4.9,4.9,4.9
121,121.0,4189.0,4226.0,4185.0,42.1,42.1,42.1
122,122.0,,,,,,
123,123.0,,,,,,
124,124.0,,,,,,
125,125.0,3275.0,3275.0,3275.0,24.7,24.7,24.7
126,126.0,6091.0,6106.0,6106.0,72.7,72.7,72.7
127,127.0,699.0,699.0,699.0,5.9,5.9,5.9
128,128.0,411.0,411.0,411.0,4.8,4.8,4.8
129,129.0,,6576.0,6549.0,,96.1,96.1
130,130.0,7656.0,7703.0,7678.0,108.0,108.0,108.0
131,131.0,7361.0,7376.0,7376.0,84.8,84.8,84.8
132,132.0,1195.0,1195.0,1195.0,9.4,9.4,9.4
133,133.0,2590.0,2590.0,2590.0,20.0,20.0,20.0
134,134.0,5351.0,5351.0,5351.0,52.7,52.7,52.7
135,135.0,,,,,,
136,136.0,,,,,,
137,137.0,,,,,,
138,138.0,,,,,,
139,139.0,,,,,,
140,140.0,,,,,,
141,141.0,,,,,,
142,142.0,,,,,,
143,143.0,,,,,,
144,144.0,,,,,,
145,145.0,,,,,,
146,146.0,,,,,,
147,147.0,,,,,,
148,148.0,,,,,,
149,149.0,,,,,,
150,150.0,,,,,,
151,151.0,,,,,,
152,152.0,,,,,,
153,153.0,,,,,,
154,154.0,167.0,167.0,167.0,1.2,1.2,1.2
155,155.0,1013.0,1013.0,1013.0,5.2,5.2,5.2
156,156.0,,,,,,
157,157.0,,,,,,
158,158.0,,,,,,
159,159.0,,,,,,
160,160.0,,,,,,
161,161.0,,,,,,
162,162.0,173.0,171.0,159.0,1.0,1.0,1.0
163,163.0,317.0,305.0,288.0,5.3,5.3,5.3
164,164.0,196.0,191.0,,1.0,1.0,
165,165.0,,,,,,
166,166.0,,,,,,
167,167.0,,,,,,
168,168.0,,,,,,
169,169.0,,,,,,
170,170.0,,,,,,
171,171.0,,,,,,
172,172.0,325.0,325.0,325.0,2.2,2.2,2.2
173,173.0,974.0,974.0,974.0,5.9,5.9,5.9
174,174.0,2362.0,2362.0,2362.0,15.3,15.3,15.3
175,175.0,,,,,,
176,176.0,0.0,0.0,0.0,1.0,1.0,1.0
177,177.0,,,,,,
178,178.0,11258.0,11318.0,11279.0,116.0,116.0,116.0
179,179.0,,,,,,
180,180.0,,,,,,
181,181.0,257.0,257.0,257.0,1.0,1.0,1.0
182,182.0,3821.0,3785.0,3785.0,38.0,38.0,38.0
183,183.0,2689.0,2689.0,2689.0,24.7,24.7,24.7
184,184.0,1277.0,1277.0,1277.0,15.2,15.2,15.2
185,185.0,415.0,415.0,415.0,2.5,2.5,2.5
186,186.0,1945.0,1945.0,1945.0,22.7,22.7,22.7
187,187.0,4992.0,4992.0,4992.0,33.5,33.5,33.5
188,188.0,4733.0,4733.0,4733.0,31.3,31.3,31.3
189,189.0,2524.0,2526.0,2526.0,16.2,16.2,16.2
190,190.0,1772.0,1772.0,1772.0,15.7,15.7,15.7
191,191.0,327.0,330.0,330.0,1.4,1.4,1.4
192,192.0,748.0,748.0,748.0,8.7,8.7,8.7
193,193.0,1048.0,1048.0,1048.0,11.5,11.5,11.5
194,194.0,4887.0,4851.0,4851.0,44.0,44.0,44.0
195,195.0,365.0,375.0,375.0,1.4,1.4,1.4
196,196.0,296.0,296.0,296.0,1.2,1.2,1.2
197,197.0,365.0,375.0,375.0,1.4,1.4,1.4
198,198.0,513.0,510.0,510.0,2.4,2.4,2.4
199,199.0,471.0,471.0,471.0,1.9,1.9,1.9
200,200.0,,,,,,
201,201.0,,,,,,
202,202.0,,,,,,
203,203.0,,,,,,
204,204.0,,,,,,
205,205.0,,,,,,
206,206.0,,,,,,
207,207.0,,,,,,
208,208.0,,,,,,
209,209.0,,,,,,
210,210.0,,242.0,242.0,,1.5,1.5
211,211.0,4224.0,4216.0,4216.0,53.7,53.7,53.7
212,212.0,3331.0,3339.0,3339.0,37.6,37.6,37.6
213,213.0,1347.0,1347.0,1347.0,11.6,11.6,11.6
214,214.0,7468.0,7430.0,7430.0,80.9,80.9,80.9
215,215.0,5990.0,5952.0,5952.0,70.3,70.3,70.3
216,216.0,1560.0,1560.0,1560.0,9.6,9.6,9.6
217,217.0,1545.0,1545.0,1545.0,11.8,11.8,11.8
218,218.0,,,,,,
219,219.0,,,,,,
220,220.0,,,,,,
221,221.0,,,,,,
222,222.0,,,,,,
223,223.0,,,,,,
224,224.0,,,,,,
225,225.0,,,,,,
226,226.0,,,,,,
227,227.0,,,,,,
228,228.0,,,,,,
229,229.0,,,,,,
230,230.0,,,,,,
231,231.0,,,,,,
232,232.0,,,,,,
233,233.0,,,,,,
234,234.0,,,,,,
235,235.0,,,,,,
236,236.0,,,,,,
237,237.0,,,,,,
238,238.0,,,,,,
239,239.0,,,,,,
240,240.0,,,,,,
241,241.0,,,,,,
242,242.0,,,,,,
243,243.0,,,,,,
244,244.0,,,,,,
245,245.0,,,,,,
246,246.0,,,,,,
247,247.0,,,,,,
248,248.0,,,,,,
249,249.0,,,,,,
250,250.0,,,,,,
251,251.0,,,,,,
252,252.0,,,,,,
253,253.0,,,,,,
254,254.0,,,,,,
255,255.0,,,,,,
256,256.0,,,,,,
257,257.0,,,,,,
258,258.0,,,,,,
259,259.0,,,,,,
260,260.0,,,,,,
261,261.0,,,,,,
262,262.0,,,,,,
263,263.0,1285.0,1285.0,1285.0,8.0,8.0,8.0
264,264.0,1443.0,1443.0,1443.0,9.5,9.5,9.5
265,265.0,2778.0,2778.0,2778.0,16.0,16.0,16.0
266,266.0,,,,,,
267,267.0,2205.0,2205.0,2205.0,13.3,13.3,13.3
268,268.0,2327.0,2327.0,2327.0,13.9,13.9,13.9
269,269.0,1738.0,1738.0,1738.0,11.3,11.3,11.3
270,270.0,4462.0,4462.0,4462.0,29.2,29.2,29.2
271,271.0,,1742.0,1742.0,,11.0,11.0
272,272.0,2343.0,2343.0,2343.0,14.8,14.8,14.8
273,273.0,0.0,0.0,0.0,1.0,1.0,1.0
274,274.0,1663.0,1663.0,1663.0,10.7,10.7,10.7
275,275.0,1594.0,1594.0,1594.0,10.2,10.2,10.2
276,276.0,1722.0,1722.0,1722.0,10.8,10.8,10.8
277,277.0,1539.0,1539.0,1539.0,10.0,10.0,10.0
278,278.0,1793.0,1793.0,1793.0,11.0,11.0,11.0
279,279.0,1726.0,1726.0,1726.0,10.8,10.8,10.8
280,280.0,1755.0,1755.0,,10.9,10.9,
281,281.0,1755.0,1755.0,1755.0,10.9,10.9,10.9
282,282.0,1663.0,1663.0,1663.0,10.7,10.7,10.7
283,283.0,1730.0,1730.0,1730.0,10.8,10.8,10.8
284,284.0,1798.0,1798.0,1798.0,11.1,11.1,11.1
285,285.0,1663.0,1663.0,1663.0,10.7,10.7,10.7
286,286.0,1736.0,1736.0,1736.0,10.9,10.9,10.9
287,287.0,1338.0,1322.0,1322.0,10.7,10.7,10.7
288,288.0,6629.0,6629.0,6629.0,50.0,50.0,50.0
289,289.0,5620.0,5620.0,5620.0,45.0,45.0,45.0
290,290.0,345.0,345.0,345.0,1.4,1.4,1.4
291,291.0,6703.0,6703.0,6703.0,46.5,46.5,46.5
292,292.0,4511.0,4511.0,4511.0,37.5,37.5,37.5
293,293.0,4389.0,4389.0,4389.0,36.7,36.7,36.7
294,294.0,6028.0,6028.0,6028.0,43.1,43.1,43.1
295,295.0,5870.0,5870.0,5870.0,42.7,42.7,42.7
296,296.0,377.0,365.0,365.0,2.4,2.4,2.4
297,297.0,2284.0,2254.0,2254.0,13.2,13.2,13.2
298,298.0,4167.0,4167.0,4167.0,30.1,30.1,30.1
299,299.0,2307.0,2282.0,2282.0,20.9,20.9,20.9
300,300.0,3833.0,3833.0,3833.0,24.4,24.4,24.4
301,301.0,6007.0,6007.0,6007.0,43.0,43.0,43.0
302,302.0,1920.0,1879.0,1879.0,13.5,13.5,13.5
303,303.0,5838.0,5838.0,5838.0,39.6,39.6,39.6
304,304.0,2555.0,2538.0,2538.0,19.0,19.0,19.0
305,305.0,2564.0,2529.0,2529.0,24.3,24.3,24.3
306,306.0,10.0,10.0,10.0,0.1,0.1,0.1
307,307.0,4767.0,4767.0,4767.0,43.0,43.0,43.0
308,308.0,5974.0,5974.0,5974.0,53.0,53.0,53.0
309,309.0,,,,,,
310,310.0,3805.0,3805.0,3805.0,36.3,36.3,36.3
311,311.0,1196.0,,1196.0,7.8,,7.8
312,312.0,2443.0,2443.0,2443.0,13.5,13.5,13.5
313,313.0,532.0,532.0,532.0,3.4,3.4,3.4
314,314.0,1613.0,1613.0,1613.0,9.6,9.6,9.6
315,315.0,4747.0,4747.0,4747.0,27.7,27.7,27.7
316,316.0,3819.0,3819.0,3819.0,22.0,22.0,22.0
317,317.0,1093.0,1093.0,1093.0,6.0,6.0,6.0
318,318.0,1739.0,1739.0,1739.0,9.6,9.6,9.6
319,319.0,2307.0,2307.0,2307.0,12.8,12.8,12.8
320,320.0,2576.0,2576.0,2576.0,19.7,19.7,19.7
321,321.0,1782.0,1782.0,1782.0,14.1,14.1,14.1
322,322.0,780.0,780.0,780.0,6.5,6.5,6.5
323,323.0,1082.0,1082.0,1082.0,8.2,8.2,8.2
324,324.0,367.0,367.0,367.0,3.1,3.1,3.1
325,325.0,1212.0,1212.0,1212.0,10.8,10.8,10.8
326,326.0,,,,,,
327,327.0,,,,,,
328,328.0,1788.0,1788.0,1788.0,10.7,10.7,10.7
329,329.0,504.0,504.0,504.0,2.5,2.5,2.5
330,330.0,1773.0,1773.0,1773.0,12.5,12.5,12.5
331,331.0,3813.0,3842.0,3842.0,39.7,39.7,39.7
332,332.0,1997.0,1997.0,1997.0,13.6,13.6,13.6
333,333.0,1907.0,1909.0,1909.0,19.3,19.3,19.3
334,334.0,2308.0,2304.0,2304.0,17.2,17.2,17.2
335,335.0,1248.0,1234.0,1234.0,9.7,9.7,9.7
336,336.0,3159.0,3159.0,3159.0,18.7,18.7,18.7
337,337.0,677.0,677.0,677.0,3.4,3.4,3.4
338,338.0,4266.0,4266.0,4266.0,26.5,26.5,26.5
339,339.0,1768.0,1768.0,1768.0,10.3,10.3,10.3
340,340.0,1577.0,1592.0,1592.0,18.5,18.5,18.5
341,341.0,1338.0,1323.0,1323.0,9.8,9.8,9.8
342,342.0,751.0,751.0,751.0,5.2,5.2,5.2
343,343.0,2513.0,,2527.0,17.0,,17.0
344,344.0,171.0,171.0,171.0,1.1,1.1,1.1
345,345.0,735.0,718.0,718.0,8.2,8.2,8.2
346,346.0,1887.0,1873.0,1873.0,16.9,16.9,16.9
347,347.0,1370.0,1370.0,1370.0,9.1,9.1,9.1
348,348.0,,1679.0,1679.0,,11.2,11.2
349,349.0,4511.0,4511.0,4511.0,31.7,31.7,31.7
350,350.0,1938.0,1938.0,1938.0,14.8,14.8,14.8
351,351.0,11356.0,11356.0,11356.0,87.3,87.3,87.3
352,352.0,949.0,949.0,949.0,7.4,7.4,7.4
353,353.0,21999.0,22037.0,22025.0,202.0,202.0,202.0
354,354.0,3305.0,3305.0,3305.0,23.8,23.8,23.8
355,355.0,219.0,222.0,212.0,1.1,1.1,1.1
356,356.0,1367.0,1377.0,1345.0,13.0,13.0,13.0
357,357.0,184.0,183.0,167.0,1.4,1.4,1.4
358,358.0,5313.0,5340.0,5340.0,37.8,37.8,37.8
359,359.0,295.0,311.0,300.0,1.3,1.3,1.3
360,360.0,166.0,163.0,153.0,1.0,1.0,1.0
361,361.0,166.0,163.0,153.0,1.0,1.0,1.0
362,362.0,573.0,578.0,567.0,3.2,3.2,3.2
363,363.0,5779.0,5779.0,5779.0,46.8,46.8,46.8
364,364.0,824.0,824.0,824.0,6.6,6.6,6.6
365,365.0,16314.0,16343.0,16310.0,114.0,114.0,114.0
366,366.0,14871.0,14937.0,14875.0,115.0,115.0,115.0
367,367.0,14378.0,14398.0,14371.0,101.0,101.0,101.0
368,368.0,6371.0,6371.0,6371.0,52.8,52.8,52.8
369,369.0,239.0,229.0,218.0,2.7,2.7,2.7
370,370.0,313.0,324.0,300.0,2.3,2.3,2.3
371,371.0,501.0,501.0,501.0,2.6,2.6,2.6
372,372.0,834.0,853.0,829.0,5.0,5.0,5.0
373,373.0,857.0,858.0,858.0,5.4,5.4,5.4
374,374.0,5.0,5.0,5.0,27.0,27.0,27.0
375,375.0,614.0,618.0,618.0,2.8,2.8,2.8
376,376.0,611.0,614.0,610.0,3.2,3.2,3.2
377,377.0,473.0,473.0,473.0,2.4,2.4,2.4
378,378.0,439.0,439.0,439.0,2.2,2.2,2.2
379,379.0,439.0,439.0,439.0,2.2,2.2,2.2
380,380.0,3833.0,3833.0,3833.0,26.7,26.7,26.7
381,381.0,1160.0,1160.0,1160.0,7.7,7.7,7.7
382,382.0,3463.0,3463.0,3463.0,23.2,23.2,23.2
383,383.0,5610.0,5610.0,5610.0,39.0,39.0,39.0
384,384.0,6786.0,6796.0,6795.0,51.2,51.2,51.2
385,385.0,9887.0,9898.0,9897.0,74.2,74.2,74.2
386,386.0,,,,,,
387,387.0,5554.0,5554.0,5554.0,38.3,38.3,38.3
388,388.0,2978.0,2978.0,2978.0,21.0,21.0,21.0
389,389.0,664.0,664.0,664.0,4.3,4.3,4.3
390,390.0,2300.0,2295.0,2295.0,14.9,14.9,14.9
391,391.0,1065.0,1065.0,1065.0,7.0,7.0,7.0
392,392.0,1979.0,1977.0,1953.0,15.3,15.3,15.3
393,393.0,3447.0,3477.0,3476.0,30.6,30.6,30.6
394,394.0,1461.0,1461.0,1461.0,9.5,9.5,9.5
395,395.0,0.0,0.0,0.0,1.0,1.0,1.0
396,396.0,8957.0,8957.0,8957.0,51.1,51.1,51.1
397,397.0,8038.0,8038.0,8038.0,45.1,45.1,45.1
398,398.0,5804.0,5804.0,5804.0,26.0,26.0,26.0
399,399.0,6925.0,6925.0,6925.0,51.8,51.8,51.8
400,400.0,7557.0,7557.0,7557.0,42.2,42.2,42.2
401,401.0,323.0,323.0,323.0,2.3,2.3,2.3
402,402.0,2316.0,2316.0,2316.0,16.5,16.5,16.5
403,403.0,235.0,235.0,235.0,1.5,1.5,1.5
404,404.0,952.0,952.0,952.0,5.9,5.9,5.9
405,405.0,1507.0,1474.0,1474.0,9.8,9.8,9.8
406,406.0,3006.0,2997.0,2997.0,18.6,18.6,18.6
407,407.0,2135.0,2058.0,2058.0,16.4,16.4,16.4
408,408.0,848.0,,841.0,6.3,,6.3
409,409.0,2461.0,2461.0,2461.0,14.8,14.8,14.8
410,410.0,4717.0,4717.0,4717.0,30.0,30.0,30.0
411,411.0,2298.0,2313.0,2269.0,24.2,24.2,24.2
412,412.0,3320.0,3320.0,3320.0,22.5,22.5,22.5
413,413.0,,,,,,
414,414.0,350.0,334.0,334.0,2.6,2.6,2.6
415,415.0,8006.0,8006.0,8006.0,68.2,68.2,68.2
416,416.0,11569.0,11628.0,11490.0,126.0,126.0,126.0
417,417.0,3738.0,3738.0,3738.0,26.9,26.9,26.9
418,418.0,4980.0,4972.0,4972.0,34.0,34.0,34.0
419,419.0,4831.0,4751.0,4751.0,34.0,34.0,34.0
420,420.0,376.0,376.0,376.0,2.3,2.3,2.3
421,421.0,3735.0,3735.0,3735.0,26.7,26.7,26.7
422,422.0,164.0,164.0,164.0,1.0,1.0,1.0
423,423.0,4727.0,4719.0,4719.0,33.0,33.0,33.0
424,424.0,3693.0,3693.0,3693.0,26.5,26.5,26.5
425,425.0,1480.0,1480.0,1480.0,9.8,9.8,9.8
426,426.0,3706.0,3706.0,3706.0,26.6,26.6,26.6
427,427.0,246.0,246.0,246.0,2.1,2.1,2.1
428,428.0,974.0,971.0,971.0,7.3,7.3,7.3
429,429.0,0.0,0.0,0.0,1.0,1.0,1.0
430,430.0,10288.0,10283.0,10194.0,86.2,86.2,86.2
431,431.0,1547.0,1509.0,1509.0,11.3,11.3,11.3
432,432.0,2631.0,2609.0,2609.0,19.6,19.6,19.6
433,433.0,,,,,,
434,434.0,11272.0,11680.0,11027.0,121.0,121.0,121.0
435,435.0,1432.0,1396.0,1396.0,10.9,10.9,10.9
436,436.0,4015.0,3988.0,3988.0,27.5,27.5,27.5
437,437.0,2732.0,2732.0,2732.0,20.7,20.7,20.7
438,438.0,1521.0,1521.0,1521.0,12.2,12.2,12.2
439,439.0,,,,,,
440,440.0,2555.0,2555.0,2555.0,15.5,15.5,15.5
441,441.0,218.0,218.0,218.0,1.3,1.3,1.3
442,442.0,730.0,730.0,730.0,5.3,5.3,5.3
443,443.0,74.0,74.0,74.0,0.3,0.3,0.3
444,444.0,746.0,746.0,746.0,5.4,5.4,5.4
445,445.0,1526.0,1526.0,1526.0,16.2,16.2,16.2
446,446.0,1663.0,1663.0,1663.0,10.9,10.9,10.9
447,447.0,2614.0,2614.0,2614.0,16.3,16.3,16.3
448,448.0,2973.0,2971.0,2971.0,21.0,21.0,21.0
449,449.0,477.0,477.0,477.0,3.7,3.7,3.7
450,450.0,745.0,745.0,745.0,5.6,5.6,5.6
451,451.0,1293.0,1265.0,1265.0,9.1,9.1,9.1
452,452.0,2271.0,2265.0,2265.0,16.8,16.8,16.8
453,453.0,0.0,0.0,0.0,1.0,1.0,1.0
454,454.0,3011.0,2979.0,2979.0,22.4,22.4,22.4
455,455.0,2064.0,2064.0,2064.0,14.8,14.8,14.8
456,456.0,625.0,625.0,625.0,5.0,5.0,5.0
457,457.0,1803.0,1803.0,1803.0,12.5,12.5,12.5
458,458.0,977.0,977.0,977.0,8.6,8.6,8.6
459,459.0,1965.0,1965.0,1965.0,13.6,13.6,13.6
460,460.0,161.0,161.0,161.0,3.1,3.1,3.1
461,461.0,2628.0,2628.0,2628.0,18.1,18.1,18.1
462,462.0,1748.0,1748.0,1748.0,9.1,9.1,9.1
463,463.0,1935.0,1935.0,1935.0,10.0,10.0,10.0
464,464.0,103.0,103.0,103.0,0.5,0.5,0.5
465,465.0,,3494.0,3494.0,,26.5,26.5
466,466.0,2925.0,2925.0,2925.0,21.2,21.2,21.2
467,467.0,1707.0,1707.0,1707.0,9.1,9.1,9.1
468,468.0,3051.0,3051.0,3051.0,24.3,24.3,24.3
469,469.0,4077.0,4077.0,4077.0,29.8,29.8,29.8
470,470.0,330.0,330.0,330.0,3.1,3.1,3.1
471,471.0,458.0,458.0,458.0,3.2,3.2,3.2
472,472.0,0.0,0.0,0.0,1.0,1.0,1.0
473,473.0,225.0,225.0,225.0,1.1,1.1,1.1
474,474.0,1827.0,1894.0,1707.0,23.5,23.5,23.5
475,475.0,2828.0,2936.0,2662.0,35.2,35.2,35.2
476,476.0,1549.0,1598.0,1471.0,19.2,19.2,19.2
477,477.0,176.0,176.0,176.0,1.0,1.0,1.0
478,478.0,1110.0,1110.0,1110.0,8.9,8.9,8.9
479,479.0,2137.0,2137.0,2137.0,16.8,16.8,16.8
480,480.0,2166.0,2194.0,2124.0,12.4,12.4,12.4
481,481.0,3546.0,3546.0,3546.0,22.1,22.1,22.1
482,482.0,2822.0,2835.0,2759.0,17.2,17.2,17.2
483,483.0,1484.0,1484.0,1484.0,8.1,8.1,8.1
484,484.0,,,,,,
485,485.0,2187.0,2198.0,2134.0,13.2,13.2,13.2
486,486.0,2302.0,2366.0,,13.6,13.6,
487,487.0,4992.0,4992.0,4992.0,31.4,31.4,31.4
488,488.0,1819.0,1802.0,1792.0,9.4,9.4,9.4
489,489.0,1810.0,1794.0,1783.0,9.4,9.4,9.4
490,490.0,2322.0,2388.0,2249.0,13.7,13.7,13.7
491,491.0,2300.0,2349.0,2238.0,13.5,13.5,13.5
492,492.0,2072.0,2096.0,2027.0,12.1,12.1,12.1
493,493.0,2346.0,2416.0,2272.0,13.9,13.9,13.9
494,494.0,,,,,,
495,495.0,5054.0,5072.0,5037.0,34.9,34.9,34.9
496,496.0,5140.0,5159.0,5123.0,34.9,34.9,34.9
497,497.0,2683.0,2669.0,2669.0,30.9,30.9,30.9
498,498.0,3927.0,3927.0,3927.0,25.7,25.7,25.7
499,499.0,6072.0,6072.0,6072.0,41.7,41.7,41.7
500,500.0,7397.0,7397.0,7397.0,51.7,51.7,51.7
501,501.0,1666.0,1646.0,1646.0,10.3,10.3,10.3
502,502.0,5723.0,5723.0,5723.0,40.5,40.5,40.5
503,503.0,5144.0,5162.0,5127.0,36.4,36.4,36.4
504,504.0,6583.0,6583.0,6583.0,46.4,46.4,46.4
505,505.0,6413.0,6413.0,6413.0,58.7,58.7,58.7
506,506.0,8115.0,8115.0,8115.0,56.1,56.1,56.1
507,507.0,1841.0,1844.0,1810.0,15.2,15.2,15.2
508,508.0,,,,,,
509,509.0,1355.0,1350.0,1328.0,10.2,10.2,10.2
510,510.0,3152.0,3167.0,3145.0,19.3,19.3,19.3
511,511.0,1411.0,1406.0,1384.0,10.4,10.4,10.4
512,512.0,568.0,568.0,568.0,2.7,2.7,2.7
513,513.0,2860.0,3114.0,2620.0,22.8,22.8,22.8
514,514.0,383.0,383.0,383.0,2.4,2.4,2.4
515,515.0,1429.0,1429.0,1429.0,7.3,7.3,7.3
516,516.0,429.0,429.0,429.0,2.6,2.6,2.6
517,517.0,,1861.0,1861.0,,11.7,11.7
518,518.0,2264.0,2264.0,2264.0,13.0,13.0,13.0
519,519.0,1959.0,1959.0,1959.0,10.9,10.9,10.9
520,520.0,1565.0,1566.0,1541.0,13.4,13.4,13.4
521,521.0,1996.0,1993.0,1961.0,17.3,17.3,17.3
522,522.0,1684.0,1735.0,1635.0,11.1,11.1,11.1
523,523.0,1526.0,1577.0,1486.0,10.1,10.1,10.1
524,524.0,1285.0,1321.0,1274.0,6.5,6.5,6.5
525,525.0,1365.0,1408.0,1344.0,7.7,7.7,7.7
526,526.0,667.0,667.0,667.0,3.9,3.9,3.9
527,527.0,2641.0,2806.0,2506.0,14.8,14.8,14.8
528,528.0,3940.0,4408.0,3611.0,21.4,21.4,21.4
529,529.0,4171.0,4824.0,3793.0,24.9,24.9,24.9
530,530.0,3836.0,4045.0,3654.0,23.5,23.5,23.5
531,531.0,1683.0,1695.0,1671.0,8.6,8.6,8.6
532,532.0,3405.0,3528.0,3351.0,20.5,20.5,20.5
533,533.0,2737.0,2851.0,2672.0,14.8,14.8,14.8
534,534.0,1562.0,1630.0,1518.0,9.3,9.3,9.3
535,535.0,2631.0,2811.0,2480.0,14.1,14.1,14.1
536,536.0,2353.0,2452.0,2253.0,13.5,13.5,13.5
537,537.0,3879.0,4334.0,3559.0,21.1,21.1,21.1
538,538.0,3382.0,3867.0,3063.0,19.1,19.1,19.1
539,539.0,2290.0,2417.0,2165.0,13.3,13.3,13.3
540,540.0,2257.0,2381.0,2130.0,13.2,13.2,13.2
541,541.0,2311.0,2439.0,2186.0,13.2,13.2,13.2
542,542.0,2226.0,2359.0,2108.0,12.9,12.9,12.9
543,543.0,2154.0,2288.0,2044.0,12.7,12.7,12.7
544,544.0,2814.0,2977.0,2649.0,14.1,14.1,14.1
545,545.0,2610.0,2789.0,2459.0,14.1,14.1,14.1
546,546.0,2264.0,2389.0,2137.0,13.2,13.2,13.2
547,547.0,2827.0,2974.0,2664.0,14.3,14.3,14.3
548,548.0,2827.0,2974.0,2664.0,14.3,14.3,14.3
549,549.0,2836.0,3022.0,2656.0,14.5,14.5,14.5
550,550.0,2602.0,2775.0,2475.0,14.6,14.6,14.6
551,551.0,2625.0,2804.0,2473.0,14.1,14.1,14.1
552,552.0,2935.0,3370.0,2656.0,16.4,16.4,16.4
553,553.0,2803.0,2974.0,2643.0,14.6,14.6,14.6
554,554.0,3166.0,3334.0,3027.0,17.4,17.4,17.4
555,555.0,2334.0,2527.0,2201.0,13.2,13.2,13.2
556,556.0,2302.0,2430.0,2184.0,13.2,13.2,13.2
557,557.0,2210.0,2244.0,2148.0,12.7,12.7,12.7
558,558.0,2827.0,2974.0,2664.0,14.3,14.3,14.3
559,559.0,6230.0,6365.0,6178.0,35.3,35.3,35.3
560,560.0,3091.0,3333.0,2890.0,15.7,15.7,15.7
561,561.0,2613.0,2780.0,2480.0,14.6,14.6,14.6
562,562.0,2827.0,2974.0,2664.0,14.3,14.3,14.3
563,563.0,2092.0,2194.0,1989.0,12.4,12.4,12.4
564,564.0,2617.0,2784.0,2483.0,14.7,14.7,14.7
565,565.0,2827.0,2974.0,2664.0,14.3,14.3,14.3
566,566.0,2827.0,2974.0,2664.0,14.3,14.3,14.3
567,567.0,4063.0,4191.0,4001.0,24.1,24.1,24.1
568,568.0,2228.0,2399.0,2090.0,13.1,13.1,13.1
569,569.0,3348.0,3831.0,3024.0,18.8,18.8,18.8
570,570.0,2827.0,2974.0,2664.0,14.3,14.3,14.3
571,571.0,2556.0,2719.0,2409.0,13.9,13.9,13.9
572,572.0,3554.0,4019.0,3253.0,19.6,19.6,19.6
573,573.0,2673.0,2907.0,2466.0,15.2,15.2,15.2
574,574.0,2243.0,2418.0,2106.0,13.2,13.2,13.2
575,575.0,2634.0,2819.0,2491.0,14.5,14.5,14.5
576,576.0,2090.0,2213.0,1983.0,12.4,12.4,12.4
577,577.0,2722.0,2903.0,2565.0,14.1,14.1,14.1
578,578.0,2616.0,2794.0,2465.0,14.1,14.1,14.1
579,579.0,2824.0,2991.0,2666.0,14.6,14.6,14.6
580,580.0,2559.0,2722.0,2410.0,13.9,13.9,13.9
581,581.0,2293.0,2421.0,2176.0,13.1,13.1,13.1
582,582.0,2367.0,2549.0,2221.0,13.7,13.7,13.7
583,583.0,2597.0,2774.0,2446.0,14.0,14.0,14.0
584,584.0,2153.0,2188.0,2091.0,12.4,12.4,12.4
585,585.0,2827.0,2974.0,2664.0,14.3,14.3,14.3
586,586.0,2827.0,2974.0,2664.0,14.3,14.3,14.3
587,587.0,2459.0,2642.0,2312.0,13.5,13.5,13.5
588,588.0,2789.0,2972.0,2629.0,14.3,14.3,14.3
589,589.0,2370.0,2548.0,2225.0,13.2,13.2,13.2
590,590.0,2240.0,2416.0,2101.0,13.2,13.2,13.2
591,591.0,2604.0,2608.0,2595.0,20.0,20.0,20.0
592,592.0,2281.0,2409.0,2156.0,13.1,13.1,13.1
593,593.0,2827.0,2974.0,2664.0,14.3,14.3,14.3
594,594.0,2674.0,2825.0,2512.0,13.8,13.8,13.8
595,595.0,2254.0,2378.0,2127.0,13.1,13.1,13.1
596,596.0,2685.0,2833.0,2562.0,15.0,15.0,15.0
597,597.0,3335.0,3825.0,3007.0,18.8,18.8,18.8
598,598.0,2670.0,2825.0,2509.0,13.8,13.8,13.8
599,599.0,2827.0,2974.0,2664.0,14.3,14.3,14.3
600,600.0,2827.0,2974.0,2664.0,14.3,14.3,14.3
601,601.0,2417.0,,2266.0,13.9,,13.9
602,602.0,2827.0,2974.0,2664.0,14.3,14.3,14.3
603,603.0,2622.0,2871.0,2460.0,14.1,14.1,14.1
604,604.0,2805.0,2993.0,2643.0,14.4,14.4,14.4
605,605.0,2827.0,2974.0,2664.0,14.3,14.3,14.3
606,606.0,2610.0,2749.0,2485.0,14.6,14.6,14.6
607,607.0,2359.0,2479.0,2253.0,13.6,13.6,13.6
608,608.0,2827.0,2974.0,2664.0,14.3,14.3,14.3
609,609.0,2434.0,2562.0,2319.0,13.8,13.8,13.8
610,610.0,2388.0,2577.0,2251.0,13.8,13.8,13.8
611,611.0,2827.0,2974.0,2664.0,14.3,14.3,14.3
612,612.0,2518.0,2736.0,2314.0,14.5,14.5,14.5
613,613.0,2736.0,2898.0,2573.0,14.1,14.1,14.1
614,614.0,2827.0,2974.0,2664.0,14.3,14.3,14.3
615,615.0,2444.0,2626.0,2296.0,13.5,13.5,13.5
616,616.0,2318.0,2457.0,2199.0,13.2,13.2,13.2
617,617.0,2358.0,2573.0,2221.0,13.8,13.8,13.8
618,618.0,2569.0,2736.0,2419.0,13.9,13.9,13.9
619,619.0,2310.0,2439.0,2186.0,13.4,13.4,13.4
620,620.0,3080.0,3260.0,2886.0,15.7,15.7,15.7
621,621.0,2827.0,2974.0,2664.0,14.3,14.3,14.3
622,622.0,2827.0,2974.0,2664.0,14.3,14.3,14.3
623,623.0,2378.0,2603.0,2216.0,13.9,13.9,13.9
624,624.0,2827.0,2974.0,2664.0,14.3,14.3,14.3
625,625.0,2769.0,2934.0,2612.0,14.3,14.3,14.3
626,626.0,2697.0,2864.0,2539.0,14.0,14.0,14.0
627,627.0,3201.0,3694.0,2873.0,18.0,18.0,18.0
628,628.0,2827.0,2974.0,2664.0,14.3,14.3,14.3
629,629.0,2285.0,2435.0,2153.0,13.4,13.4,13.4
630,630.0,2827.0,2974.0,2664.0,14.3,14.3,14.3
631,631.0,2595.0,2832.0,2399.0,14.8,14.8,14.8
632,632.0,2238.0,2413.0,2101.0,13.2,13.2,13.2
633,633.0,2827.0,2974.0,2664.0,14.3,14.3,14.3
634,634.0,2435.0,2617.0,2287.0,13.5,13.5,13.5
635,635.0,2827.0,2974.0,2664.0,14.3,14.3,14.3
636,636.0,2827.0,2974.0,2664.0,14.3,14.3,14.3
637,637.0,2298.0,2425.0,2180.0,13.1,13.1,13.1
638,638.0,2896.0,3301.0,2625.0,16.3,16.3,16.3
639,639.0,2827.0,2974.0,2664.0,14.3,14.3,14.3
640,640.0,2579.0,2745.0,2428.0,13.9,13.9,13.9
641,641.0,2326.0,2453.0,2208.0,13.2,13.2,13.2
642,642.0,2181.0,2214.0,2118.0,12.5,12.5,12.5
643,643.0,2827.0,2974.0,2664.0,14.3,14.3,14.3
644,644.0,2331.0,2461.0,2208.0,13.5,13.5,13.5
645,645.0,2554.0,2794.0,2338.0,14.6,14.6,14.6
646,646.0,2676.0,2830.0,2516.0,13.8,13.8,13.8
647,647.0,2606.0,2833.0,2372.0,15.1,15.1,15.1
648,648.0,2542.0,2665.0,2440.0,14.3,14.3,14.3
649,649.0,2687.0,2848.0,2524.0,13.9,13.9,13.9
650,650.0,2778.0,2927.0,2637.0,15.4,15.4,15.4
651,651.0,2253.0,2428.0,2116.0,13.2,13.2,13.2
652,652.0,2794.0,2992.0,2639.0,14.4,14.4,14.4
653,653.0,2827.0,2974.0,2664.0,14.3,14.3,14.3
654,654.0,2610.0,2789.0,2459.0,14.1,14.1,14.1
655,655.0,2374.0,2524.0,2240.0,13.4,13.4,13.4
656,656.0,2357.0,2476.0,2251.0,13.6,13.6,13.6
657,657.0,2012.0,2116.0,1901.0,12.0,12.0,12.0
658,658.0,2706.0,2880.0,2542.0,14.0,14.0,14.0
659,659.0,2805.0,2993.0,2643.0,14.4,14.4,14.4
660,660.0,2264.0,2389.0,2137.0,13.2,13.2,13.2
661,661.0,2505.0,2673.0,2357.0,13.6,13.6,13.6
662,662.0,2827.0,2974.0,2664.0,14.3,14.3,14.3
663,663.0,2620.0,2867.0,2458.0,14.1,14.1,14.1
664,664.0,2827.0,2974.0,2664.0,14.3,14.3,14.3
665,665.0,2462.0,2616.0,2329.0,13.7,13.7,13.7
666,666.0,2191.0,2318.0,2074.0,12.8,12.8,12.8
667,667.0,2756.0,3116.0,2502.0,15.8,15.8,15.8
668,668.0,2169.0,2320.0,2059.0,12.7,12.7,12.7
669,669.0,2793.0,2968.0,2632.0,14.5,14.5,14.5
670,670.0,2827.0,2974.0,2664.0,14.3,14.3,14.3
671,671.0,2827.0,2974.0,2664.0,14.3,14.3,14.3
672,672.0,2477.0,2680.0,2267.0,14.3,14.3,14.3
673,673.0,2823.0,2988.0,2664.0,14.6,14.6,14.6
674,674.0,2436.0,2631.0,2288.0,13.5,13.5,13.5
675,675.0,2827.0,2974.0,2664.0,14.3,14.3,14.3
676,676.0,2276.0,2426.0,2144.0,13.4,13.4,13.4
677,677.0,2570.0,2819.0,2413.0,14.0,14.0,14.0
678,678.0,2293.0,2420.0,2175.0,13.1,13.1,13.1
679,679.0,2827.0,2974.0,2664.0,14.3,14.3,14.3
680,680.0,2827.0,2974.0,2664.0,14.3,14.3,14.3
681,681.0,2827.0,2974.0,2664.0,14.3,14.3,14.3
682,682.0,3048.0,3238.0,2869.0,15.6,15.6,15.6
683,683.0,2827.0,2974.0,2664.0,14.3,14.3,14.3
684,684.0,2444.0,2626.0,2296.0,13.5,13.5,13.5
685,685.0,2474.0,2680.0,2262.0,14.3,14.3,14.3
686,686.0,2579.0,2815.0,2369.0,14.7,14.7,14.7
687,687.0,2702.0,2866.0,2540.0,14.0,14.0,14.0
688,688.0,2206.0,2367.0,2093.0,12.9,12.9,12.9
689,689.0,2827.0,2974.0,2664.0,14.3,14.3,14.3
690,690.0,2540.0,2663.0,2438.0,14.3,14.3,14.3
691,691.0,2827.0,2974.0,2664.0,14.3,14.3,14.3
692,692.0,3174.0,3339.0,3040.0,17.5,17.5,17.5
693,693.0,2159.0,2310.0,2029.0,12.8,12.8,12.8
694,694.0,2315.0,2442.0,2196.0,13.2,13.2,13.2
695,695.0,2293.0,2482.0,2149.0,13.5,13.5,13.5
696,696.0,2827.0,2974.0,2664.0,14.3,14.3,14.3
697,697.0,2596.0,2743.0,2461.0,14.2,14.2,14.2
698,698.0,2635.0,2814.0,2484.0,14.1,14.1,14.1
699,699.0,2256.0,2380.0,2129.0,13.2,13.2,13.2
700,700.0,2467.0,2656.0,2257.0,14.2,14.2,14.2
701,701.0,2827.0,2974.0,2664.0,14.3,14.3,14.3
702,702.0,2701.0,2855.0,2537.0,13.9,13.9,13.9
703,703.0,3007.0,3210.0,2843.0,15.5,15.5,15.5
704,704.0,2365.0,2475.0,2269.0,13.5,13.5,13.5
705,705.0,3388.0,3858.0,3075.0,18.9,18.9,18.9
706,706.0,2529.0,2748.0,2317.0,14.4,14.4,14.4
707,707.0,2216.0,2347.0,2089.0,12.9,12.9,12.9
708,708.0,2472.0,2679.0,2262.0,14.3,14.3,14.3
709,709.0,2827.0,2974.0,2664.0,14.3,14.3,14.3
710,710.0,503.0,503.0,503.0,3.7,3.7,3.7
711,711.0,10246.0,10688.0,10016.0,99.2,99.2,99.2
712,712.0,886.0,886.0,886.0,5.5,5.5,5.5
713,713.0,2306.0,2306.0,2306.0,18.6,18.6,18.6
714,714.0,2706.0,2706.0,2706.0,17.7,17.7,17.7
715,715.0,2213.0,2213.0,2213.0,14.1,14.1,14.1
716,716.0,,,,,,
717,717.0,2825.0,2839.0,2718.0,24.0,24.0,24.0
718,718.0,377.0,377.0,377.0,2.6,2.6,2.6
719,719.0,1932.0,1909.0,1908.0,12.1,12.1,12.1
720,720.0,2818.0,2832.0,2712.0,24.0,24.0,24.0
721,721.0,987.0,983.0,955.0,9.8,9.8,9.8
722,722.0,987.0,983.0,955.0,9.8,9.8,9.8
723,723.0,1686.0,1686.0,1686.0,10.3,10.3,10.3
724,724.0,2763.0,2731.0,2731.0,19.8,19.8,19.8
725,725.0,3908.0,3856.0,3856.0,27.3,27.3,27.3
726,726.0,3658.0,3658.0,3658.0,22.3,22.3,22.3
727,727.0,1921.0,1836.0,1836.0,12.4,12.4,12.4
728,728.0,1613.0,1613.0,1613.0,10.6,10.6,10.6
729,729.0,426.0,426.0,426.0,1.6,1.6,1.6
730,730.0,,,187.0,,,0.7
731,731.0,1719.0,1732.0,1732.0,8.0,8.0,8.0
732,732.0,718.0,718.0,718.0,4.3,4.3,4.3
733,733.0,1608.0,1608.0,1608.0,10.7,10.7,10.7
734,734.0,2022.0,2022.0,2022.0,11.3,11.3,11.3
735,735.0,1761.0,,1718.0,11.7,,11.7
736,736.0,1045.0,1045.0,,5.5,5.5,
737,737.0,1790.0,1790.0,1790.0,11.1,11.1,11.1
738,738.0,,,,,,
739,739.0,1554.0,,1554.0,8.8,,8.8
740,740.0,1086.0,1098.0,1098.0,4.9,4.9,4.9
741,741.0,2165.0,2148.0,2148.0,11.2,11.2,11.2
742,742.0,1460.0,1484.0,1480.0,14.2,14.2,14.2
743,743.0,1279.0,1279.0,1279.0,8.3,8.3,8.3
744,744.0,2458.0,2452.0,2452.0,11.5,11.5,11.5
745,745.0,223.0,223.0,223.0,1.0,1.0,1.0
746,746.0,907.0,907.0,907.0,4.5,4.5,4.5
747,747.0,1984.0,1957.0,1957.0,10.5,10.5,10.5
748,748.0,2379.0,2401.0,2393.0,18.0,18.0,18.0
749,749.0,1548.0,1538.0,1538.0,8.9,8.9,8.9
750,750.0,1652.0,1635.0,1635.0,9.5,9.5,9.5
751,751.0,1391.0,1409.0,1409.0,6.7,6.7,6.7
752,752.0,2439.0,2439.0,2439.0,13.8,13.8,13.8
753,753.0,1945.0,1955.0,1947.0,15.9,15.9,15.9
754,754.0,1649.0,1649.0,1649.0,9.3,9.3,9.3
755,755.0,2350.0,2372.0,2363.0,23.7,23.7,23.7
756,756.0,2557.0,2582.0,2574.0,18.9,18.9,18.9
757,757.0,1914.0,1890.0,1890.0,11.1,11.1,11.1
758,758.0,2689.0,2714.0,2706.0,19.6,19.6,19.6
759,759.0,701.0,701.0,701.0,3.0,3.0,3.0
760,760.0,1760.0,1738.0,1738.0,10.3,10.3,10.3
761,761.0,2440.0,2440.0,2440.0,13.8,13.8,13.8
762,762.0,183.0,183.0,183.0,0.7,0.7,0.7
763,763.0,328.0,328.0,328.0,1.1,1.1,1.1
764,764.0,198.0,198.0,198.0,0.7,0.7,0.7
765,765.0,391.0,391.0,391.0,1.4,1.4,1.4
766,766.0,343.0,343.0,343.0,1.2,1.2,1.2
767,767.0,225.0,225.0,225.0,0.8,0.8,0.8
768,768.0,155.0,155.0,155.0,0.4,0.4,0.4
769,769.0,309.0,309.0,309.0,1.1,1.1,1.1
770,770.0,299.0,299.0,299.0,1.0,1.0,1.0
771,771.0,249.0,249.0,249.0,0.8,0.8,0.8
772,772.0,192.0,192.0,192.0,0.6,0.6,0.6
773,773.0,246.0,246.0,246.0,0.8,0.8,0.8
774,774.0,249.0,249.0,249.0,0.8,0.8,0.8
775,775.0,249.0,249.0,249.0,0.8,0.8,0.8
776,776.0,354.0,354.0,354.0,1.2,1.2,1.2
777,777.0,592.0,592.0,592.0,2.6,2.6,2.6
778,778.0,1098.0,1098.0,1098.0,6.1,6.1,6.1
779,779.0,1919.0,1901.0,1910.0,10.4,10.4,10.4
780,780.0,953.0,966.0,965.0,4.9,4.9,4.9
781,781.0,2559.0,2566.0,2575.0,13.5,13.5,13.5
782,782.0,2103.0,2111.0,2092.0,14.9,14.9,14.9
783,783.0,1531.0,1533.0,1520.0,8.3,8.3,8.3
784,784.0,3229.0,3279.0,3225.0,23.1,23.1,23.1
785,785.0,1881.0,1866.0,1876.0,9.6,9.6,9.6
786,786.0,1689.0,1689.0,1689.0,9.4,9.4,9.4
787,787.0,1230.0,1230.0,1230.0,6.4,6.4,6.4
788,788.0,1888.0,1888.0,1888.0,9.9,9.9,9.9
789,789.0,1521.0,1521.0,1521.0,8.4,8.4,8.4
790,790.0,2918.0,2951.0,2897.0,20.9,20.9,20.9
791,791.0,2739.0,2774.0,2720.0,19.2,19.2,19.2
792,792.0,150.0,150.0,150.0,0.8,0.8,0.8
793,793.0,1312.0,1312.0,1312.0,6.9,6.9,6.9
794,794.0,,427.0,427.0,,2.7,2.7
795,795.0,118.0,118.0,118.0,0.6,0.6,0.6
796,796.0,839.0,846.0,846.0,6.0,6.0,6.0
797,797.0,2630.0,2630.0,2630.0,25.2,25.2,25.2
798,798.0,2734.0,2731.0,2731.0,26.0,26.0,26.0
799,799.0,668.0,668.0,668.0,4.4,4.4,4.4
800,800.0,1847.0,1843.0,1843.0,12.1,12.1,12.1
801,801.0,668.0,645.0,645.0,8.9,8.9,8.9
802,802.0,1505.0,1505.0,1505.0,9.4,9.4,9.4
803,803.0,1172.0,1162.0,1162.0,10.1,10.1,10.1
804,804.0,503.0,500.0,500.0,6.8,6.8,6.8
805,805.0,1186.0,1186.0,1186.0,6.1,6.1,6.1
806,806.0,2134.0,2134.0,2134.0,10.1,10.1,10.1
807,807.0,2603.0,2603.0,2603.0,12.1,12.1,12.1
808,808.0,4671.0,4671.0,4671.0,21.5,21.5,21.5
809,809.0,190.0,178.0,178.0,1.1,1.1,1.1
810,810.0,996.0,988.0,988.0,8.7,8.7,8.7
811,811.0,442.0,436.0,436.0,4.2,4.2,4.2
812,812.0,2138.0,2131.0,2131.0,14.3,14.3,14.3
813,813.0,2145.0,2131.0,2131.0,13.1,13.1,13.1
814,814.0,858.0,856.0,856.0,10.2,10.2,10.2
815,815.0,3766.0,3769.0,3769.0,23.4,23.4,23.4
816,816.0,1452.0,1445.0,1445.0,11.3,11.3,11.3
817,817.0,188.0,188.0,188.0,1.5,1.5,1.5
818,818.0,3141.0,3141.0,3141.0,21.3,21.3,21.3
819,819.0,3335.0,3335.0,3335.0,22.5,22.5,22.5
820,820.0,5673.0,5673.0,5673.0,40.4,40.4,40.4
821,821.0,1538.0,1538.0,1538.0,10.7,10.7,10.7
822,822.0,3942.0,3942.0,3942.0,27.2,27.2,27.2
823,823.0,,,,,,
824,824.0,4006.0,4006.0,4006.0,27.7,27.7,27.7
825,825.0,4949.0,4949.0,4949.0,35.3,35.3,35.3
826,826.0,461.0,461.0,461.0,3.2,3.2,3.2
827,827.0,783.0,783.0,783.0,5.4,5.4,5.4
828,828.0,710.0,710.0,710.0,4.9,4.9,4.9
829,829.0,455.0,455.0,455.0,2.7,2.7,2.7
830,830.0,948.0,948.0,948.0,6.6,6.6,6.6
831,831.0,1397.0,,1397.0,9.2,,9.2
832,832.0,995.0,995.0,995.0,6.4,6.4,6.4
833,833.0,1061.0,1061.0,,7.1,7.1,
834,834.0,1061.0,1061.0,1061.0,7.1,7.1,7.1
835,835.0,6783.0,6783.0,6783.0,43.4,43.4,43.4
836,836.0,1413.0,1413.0,1413.0,10.3,10.3,10.3
837,837.0,7180.0,7180.0,7180.0,45.7,45.7,45.7
838,838.0,1429.0,1429.0,1429.0,10.2,10.2,10.2
839,839.0,1652.0,1652.0,1652.0,11.8,11.8,11.8
840,840.0,7770.0,7770.0,7770.0,48.0,48.0,48.0
841,841.0,3131.0,3131.0,3131.0,20.5,20.5,20.5
842,842.0,2915.0,2915.0,2915.0,19.5,19.5,19.5
843,843.0,5034.0,5034.0,5034.0,30.8,30.8,30.8
844,844.0,2265.0,2265.0,2265.0,13.5,13.5,13.5
845,845.0,3278.0,3286.0,3286.0,23.6,23.6,23.6
846,846.0,3508.0,3508.0,3508.0,23.5,23.5,23.5
847,847.0,4706.0,4706.0,4706.0,29.5,29.5,29.5
848,848.0,5137.0,5137.0,5137.0,31.8,31.8,31.8
849,849.0,,,,,,
850,850.0,3150.0,3150.0,3150.0,21.9,21.9,21.9
851,851.0,3493.0,3493.0,3493.0,24.2,24.2,24.2
852,852.0,2562.0,2562.0,2562.0,17.7,17.7,17.7
853,853.0,1569.0,1569.0,1569.0,11.1,11.1,11.1
854,854.0,4078.0,4078.0,4078.0,25.5,25.5,25.5
855,855.0,3114.0,3105.0,3105.0,24.4,24.4,24.4
856,856.0,3081.0,3072.0,3072.0,24.0,24.0,24.0
857,857.0,2911.0,2911.0,2911.0,18.7,18.7,18.7
858,858.0,1339.0,1339.0,1339.0,10.3,10.3,10.3
859,859.0,2862.0,2862.0,2862.0,19.6,19.6,19.6
860,860.0,1245.0,1245.0,1245.0,8.8,8.8,8.8
861,861.0,4530.0,4530.0,4530.0,30.1,30.1,30.1
862,862.0,3505.0,3505.0,3505.0,21.6,21.6,21.6
863,863.0,1912.0,1912.0,1912.0,12.1,12.1,12.1
864,864.0,,,,,,
865,865.0,3630.0,,3630.0,22.7,,22.7
866,866.0,2200.0,2200.0,2200.0,16.9,16.9,16.9
867,867.0,3981.0,3987.0,3987.0,25.7,25.7,25.7
868,868.0,3222.0,3230.0,3230.0,23.4,23.4,23.4
869,869.0,3565.0,3574.0,3560.0,22.8,22.8,22.8
870,870.0,5361.0,5361.0,5361.0,33.7,33.7,33.7
871,871.0,1756.0,,1756.0,11.5,,11.5
872,872.0,4276.0,4290.0,4290.0,32.7,32.7,32.7
873,873.0,3641.0,3641.0,3641.0,24.1,24.1,24.1
874,874.0,1877.0,1877.0,1877.0,12.0,12.0,12.0
875,875.0,1572.0,1572.0,1572.0,10.8,10.8,10.8
876,876.0,1772.0,1772.0,1772.0,11.5,11.5,11.5
877,877.0,1924.0,1924.0,1924.0,12.2,12.2,12.2
878,878.0,1930.0,1930.0,1930.0,12.2,12.2,12.2
879,879.0,1835.0,1835.0,1835.0,11.9,11.9,11.9
880,880.0,1515.0,1515.0,1515.0,8.5,8.5,8.5
881,881.0,827.0,827.0,827.0,4.4,4.4,4.4
882,882.0,546.0,546.0,546.0,2.9,2.9,2.9
883,883.0,702.0,702.0,702.0,3.7,3.7,3.7
884,884.0,11.0,11.0,11.0,0.3,0.3,0.3
885,885.0,,,,,,
886,886.0,31.0,31.0,31.0,0.7,0.7,0.7
887,887.0,1185.0,1185.0,1185.0,9.9,9.9,9.9
888,888.0,2900.0,2900.0,2900.0,17.8,17.8,17.8
889,889.0,1370.0,1370.0,1370.0,8.0,8.0,8.0
890,890.0,292.0,292.0,292.0,1.9,1.9,1.9
891,891.0,1597.0,1597.0,1597.0,9.9,9.9,9.9
892,892.0,,405.0,405.0,,2.6,2.6
893,893.0,9481.0,9481.0,9481.0,68.8,68.8,68.8
894,894.0,,,,,,
895,895.0,63.0,63.0,63.0,0.4,0.4,0.4
896,896.0,2919.0,2919.0,2919.0,17.9,17.9,17.9
897,897.0,9360.0,9360.0,9360.0,68.0,68.0,68.0
898,898.0,608.0,608.0,608.0,3.9,3.9,3.9
899,899.0,5503.0,5503.0,5503.0,34.9,34.9,34.9
900,900.0,1936.0,1936.0,1936.0,12.0,12.0,12.0
901,901.0,2952.0,2952.0,2952.0,18.1,18.1,18.1
902,902.0,526.0,526.0,526.0,3.2,3.2,3.2
903,903.0,7128.0,7128.0,7128.0,45.7,45.7,45.7
904,904.0,7517.0,7517.0,7517.0,48.2,48.2,48.2
905,905.0,862.0,862.0,862.0,6.7,6.7,6.7
906,906.0,6081.0,6081.0,6081.0,40.6,40.6,40.6
907,907.0,,,,,,
908,908.0,387.0,387.0,387.0,2.8,2.8,2.8
909,909.0,1025.0,1025.0,1025.0,6.2,6.2,6.2
910,910.0,6866.0,6866.0,6866.0,48.1,48.1,48.1
911,911.0,455.0,455.0,455.0,2.6,2.6,2.6
912,912.0,973.0,973.0,973.0,6.8,6.8,6.8
913,913.0,1066.0,1066.0,1066.0,7.7,7.7,7.7
914,914.0,1963.0,1963.0,1963.0,13.7,13.7,13.7
915,915.0,2131.0,2131.0,2131.0,12.3,12.3,12.3
916,916.0,2826.0,2826.0,2826.0,17.1,17.1,17.1
917,917.0,2476.0,2476.0,2476.0,14.8,14.8,14.8
918,918.0,2847.0,2847.0,2847.0,18.9,18.9,18.9
919,919.0,4583.0,4583.0,4583.0,31.4,31.4,31.4
920,920.0,1894.0,1877.0,1877.0,12.3,12.3,12.3
921,921.0,5901.0,5949.0,5949.0,61.3,61.3,61.3
922,922.0,3647.0,3677.0,3677.0,31.0,31.0,31.0
923,923.0,3822.0,3847.0,3847.0,36.5,36.5,36.5
924,924.0,4245.0,4268.0,4268.0,41.7,41.7,41.7
925,925.0,5302.0,5343.0,5343.0,55.4,55.4,55.4
926,926.0,245.0,245.0,245.0,1.4,1.4,1.4
927,927.0,4843.0,4871.0,4871.0,41.3,41.3,41.3
928,928.0,5897.0,5957.0,5937.0,63.2,63.2,63.2
929,929.0,932.0,932.0,932.0,6.5,6.5,6.5
930,930.0,5190.0,5190.0,5190.0,32.8,32.8,32.8
931,931.0,5730.0,5730.0,5730.0,37.2,37.2,37.2
932,932.0,6228.0,6228.0,6228.0,42.1,42.1,42.1
933,933.0,8407.0,8407.0,8407.0,54.9,54.9,54.9
934,934.0,6254.0,6254.0,6254.0,42.4,42.4,42.4
935,935.0,,,,,,
936,936.0,,,,,,
937,937.0,,,,,,
938,938.0,,,,,,
939,939.0,,,,,,
940,940.0,,,,,,
941,941.0,5008.0,5008.0,5008.0,30.5,30.5,30.5
942,942.0,2533.0,2533.0,2533.0,15.9,15.9,15.9
943,943.0,715.0,715.0,715.0,4.4,4.4,4.4
944,944.0,2827.0,2827.0,2827.0,17.9,17.9,17.9
945,945.0,1967.0,1977.0,1977.0,16.7,16.7,16.7
946,946.0,332.0,332.0,332.0,1.7,1.7,1.7
947,947.0,,1401.0,1401.0,,13.8,13.8
948,948.0,1948.0,1951.0,1951.0,14.9,14.9,14.9
949,949.0,4226.0,4280.0,4285.0,40.0,40.0,40.0
950,950.0,3914.0,3969.0,3973.0,38.3,38.3,38.3
951,951.0,2355.0,2365.0,2365.0,17.2,17.2,17.2
952,952.0,2239.0,2257.0,2257.0,18.2,18.2,18.2
953,953.0,1338.0,1341.0,1341.0,9.3,9.3,9.3
954,954.0,1230.0,1231.0,1231.0,9.0,9.0,9.0
955,955.0,3125.0,3142.0,3140.0,31.5,31.5,31.5
956,956.0,713.0,713.0,713.0,3.9,3.9,3.9
957,957.0,248.0,248.0,248.0,1.3,1.3,1.3
958,958.0,4440.0,4507.0,4511.0,45.9,45.9,45.9
959,959.0,3949.0,3973.0,3973.0,27.3,27.3,27.3
960,960.0,3376.0,3397.0,3397.0,23.1,23.1,23.1
961,961.0,4200.0,4224.0,4224.0,30.8,30.8,30.8
962,962.0,1263.0,1263.0,1263.0,7.4,7.4,7.4
963,963.0,1277.0,1277.0,1277.0,8.2,8.2,8.2
964,964.0,2767.0,2767.0,2767.0,18.9,18.9,18.9
965,965.0,2609.0,2609.0,2609.0,18.1,18.1,18.1
966,966.0,1213.0,1213.0,1213.0,7.9,7.9,7.9
967,967.0,78.0,78.0,78.0,0.4,0.4,0.4
968,968.0,1009.0,1009.0,1009.0,8.4,8.4,8.4
969,969.0,1114.0,1114.0,1114.0,9.7,9.7,9.7
970,970.0,1543.0,1543.0,1543.0,11.4,11.4,11.4
971,971.0,643.0,643.0,643.0,5.3,5.3,5.3
972,972.0,187.0,187.0,187.0,0.6,0.6,0.6
973,973.0,363.0,363.0,363.0,1.6,1.6,1.6
974,974.0,911.0,911.0,911.0,5.5,5.5,5.5
975,975.0,6578.0,6578.0,6578.0,40.1,40.1,40.1
976,976.0,6569.0,6569.0,6569.0,40.1,40.1,40.1
977,977.0,7800.0,7800.0,7800.0,47.6,47.6,47.6
978,978.0,5471.0,5471.0,5471.0,32.3,32.3,32.3
979,979.0,732.0,732.0,732.0,5.1,5.1,5.1
980,980.0,637.0,637.0,637.0,4.2,4.2,4.2
981,981.0,1294.0,1294.0,1294.0,10.1,10.1,10.1
982,982.0,1874.0,1874.0,1874.0,12.4,12.4,12.4
983,983.0,670.0,670.0,670.0,4.9,4.9,4.9
984,984.0,2547.0,2547.0,2547.0,18.1,18.1,18.1
985,985.0,1704.0,1704.0,1704.0,11.9,11.9,11.9
986,986.0,820.0,820.0,820.0,5.4,5.4,5.4
987,987.0,873.0,873.0,873.0,5.0,5.0,5.0
988,988.0,244.0,244.0,244.0,1.4,1.4,1.4
989,989.0,2682.0,2682.0,2682.0,14.7,14.7,14.7
990,990.0,1496.0,1496.0,1496.0,9.1,9.1,9.1
991,991.0,2846.0,2846.0,2846.0,15.5,15.5,15.5
992,992.0,2046.0,2046.0,2046.0,14.0,14.0,14.0
993,993.0,236.0,236.0,236.0,1.7,1.7,1.7
994,994.0,1023.0,1023.0,1023.0,6.9,6.9,6.9
995,995.0,,232.0,,,1.5,
996,996.0,934.0,934.0,934.0,5.9,5.9,5.9
997,997.0,934.0,934.0,934.0,5.9,5.9,5.9
998,998.0,695.0,695.0,695.0,5.0,5.0,5.0
999,999.0,301.0,301.0,301.0,2.2,2.2,2.2
1000,1000.0,890.0,890.0,890.0,6.5,6.5,6.5
1001,1001.0,1108.0,1108.0,1108.0,8.7,8.7,8.7
1002,1002.0,2363.0,2363.0,2363.0,18.5,18.5,18.5
1003,1003.0,,,,,,
1004,1004.0,946.0,946.0,946.0,10.0,10.0,10.0
1005,1005.0,1728.0,1728.0,1728.0,15.8,15.8,15.8
1006,1006.0,1227.0,1197.0,1197.0,13.3,13.3,13.3
1007,1007.0,2226.0,,2192.0,31.1,,31.1
1008,1008.0,,,,,,
1009,1009.0,1900.0,1856.0,1856.0,24.9,24.9,24.9
1010,1010.0,338.0,338.0,338.0,2.9,2.9,2.9
1011,1011.0,173.0,173.0,173.0,1.5,1.5,1.5
1012,1012.0,0.0,0.0,0.0,3.0,3.0,3.0
1013,1013.0,,,,,,
1014,1014.0,665.0,665.0,665.0,5.5,5.5,5.5
1015,1015.0,2108.0,2108.0,2108.0,16.4,16.4,16.4
1016,1016.0,1411.0,1388.0,1388.0,16.1,16.1,16.1
1017,1017.0,2002.0,2002.0,2002.0,15.3,15.3,15.3
1018,1018.0,533.0,533.0,533.0,4.3,4.3,4.3
1019,1019.0,,,,,,
1020,1020.0,,,,,,
1021,1021.0,,,,,,
1022,1022.0,,,,,,
1023,1023.0,,,,,,
1024,1024.0,,,,,,
1025,1025.0,,,,,,
1026,1026.0,,,,,,
1027,1027.0,,,,,,
1028,1028.0,,,,,,
1029,1029.0,,,,,,
1030,1030.0,,,,,,
1031,1031.0,,,,,,
1032,1032.0,,,,,,
1033,1033.0,,,,,,
1034,1034.0,,,,,,
1035,1035.0,,,,,,
1036,1036.0,,,,,,
1037,1037.0,,,,,,
1038,1038.0,,,,,,
1039,1039.0,,,,,,
1040,1040.0,,,,,,
1041,1041.0,,,,,,
1042,1042.0,452.0,452.0,452.0,4.5,4.5,4.5
1043,1043.0,2209.0,2209.0,2209.0,16.6,16.6,16.6
1044,1044.0,1997.0,1997.0,1997.0,15.5,15.5,15.5
1045,1045.0,211.0,211.0,211.0,2.4,2.4,2.4
1046,1046.0,,,,,,
1047,1047.0,,,,,,
1048,1048.0,,,,,,
1049,1049.0,13714.0,13878.0,13736.0,156.0,156.0,156.0
1050,1050.0,763.0,763.0,763.0,5.1,5.1,5.1
1051,1051.0,433.0,433.0,433.0,2.9,2.9,2.9
1052,1052.0,2283.0,2283.0,2283.0,16.1,16.1,16.1
1053,1053.0,2243.0,2243.0,2243.0,15.4,15.4,15.4
1054,1054.0,3111.0,3111.0,3111.0,22.9,22.9,22.9
1055,1055.0,4631.0,4631.0,4631.0,33.6,33.6,33.6
1056,1056.0,1326.0,1326.0,1326.0,8.0,8.0,8.0
1057,1057.0,1295.0,1295.0,1295.0,7.8,7.8,7.8
1058,1058.0,1895.0,1895.0,1895.0,13.2,13.2,13.2
1059,1059.0,2613.0,2613.0,2613.0,18.6,18.6,18.6
1060,1060.0,496.0,496.0,496.0,3.1,3.1,3.1
1061,1061.0,1188.0,1188.0,1188.0,8.0,8.0,8.0
1062,1062.0,2278.0,2278.0,2278.0,13.8,13.8,13.8
1063,1063.0,1532.0,1532.0,1532.0,8.9,8.9,8.9
1064,1064.0,1366.0,1366.0,1366.0,8.6,8.6,8.6
1065,1065.0,1828.0,1828.0,1828.0,10.8,10.8,10.8
1066,1066.0,2324.0,2324.0,2324.0,13.9,13.9,13.9
1067,1067.0,463.0,463.0,463.0,2.8,2.8,2.8
1068,1068.0,1389.0,1404.0,1397.0,12.2,12.2,12.2
1069,1069.0,3772.0,3796.0,3785.0,29.2,29.2,29.2
1070,1070.0,3063.0,3063.0,3063.0,19.1,19.1,19.1
1071,1071.0,1739.0,1739.0,1739.0,12.3,12.3,12.3
1072,1072.0,3718.0,3718.0,3717.0,23.3,23.3,23.3
1073,1073.0,3338.0,3338.0,3338.0,24.5,24.5,24.5
1074,1074.0,2299.0,2293.0,2291.0,15.4,15.4,15.4
1075,1075.0,2432.0,2431.0,2428.0,16.2,16.2,16.2
1076,1076.0,982.0,982.0,982.0,7.6,7.6,7.6
1077,1077.0,5291.0,5291.0,,39.4,39.4,
1078,1078.0,3317.0,3317.0,3317.0,25.4,25.4,25.4
1079,1079.0,2425.0,2425.0,2425.0,18.7,18.7,18.7
1080,1080.0,1973.0,1973.0,1973.0,14.7,14.7,14.7
1081,1081.0,2432.0,2431.0,2428.0,16.2,16.2,16.2
1082,1082.0,5029.0,5029.0,5028.0,32.4,32.4,32.4
1083,1083.0,3151.0,3152.0,3150.0,20.1,20.1,20.1
1084,1084.0,4641.0,4641.0,4640.0,30.4,30.4,30.4
1085,1085.0,3068.0,3073.0,3070.0,19.9,19.9,19.9
1086,1086.0,4803.0,4804.0,4802.0,31.1,31.1,31.1
1087,1087.0,4583.0,4583.0,4583.0,26.5,26.5,26.5
1088,1088.0,3783.0,3783.0,3783.0,23.0,23.0,23.0
1089,1089.0,1577.0,1577.0,1577.0,11.4,11.4,11.4
1090,1090.0,2371.0,2369.0,2366.0,15.5,15.5,15.5
1091,1091.0,4356.0,4357.0,4355.0,28.8,28.8,28.8
1092,1092.0,4573.0,4670.0,4658.0,49.3,49.3,49.3
1093,1093.0,2063.0,2063.0,2063.0,12.8,12.8,12.8
1094,1094.0,43.0,43.0,43.0,0.4,0.4,0.4
1095,1095.0,2544.0,2544.0,2544.0,19.5,19.5,19.5
1096,1096.0,4081.0,4081.0,4081.0,29.9,29.9,29.9
1097,1097.0,3021.0,3021.0,3021.0,18.8,18.8,18.8
1098,1098.0,1279.0,1279.0,1279.0,9.3,9.3,9.3
1099,1099.0,1514.0,1532.0,1525.0,12.8,12.8,12.8
1100,1100.0,732.0,732.0,732.0,4.3,4.3,4.3
1101,1101.0,496.0,481.0,481.0,2.9,2.9,2.9
1102,1102.0,1340.0,1340.0,1333.0,10.4,10.4,10.4
1103,1103.0,3100.0,3100.0,3100.0,19.3,19.3,19.3
1104,1104.0,1452.0,1455.0,1448.0,11.3,11.3,11.3
1105,1105.0,1439.0,1428.0,1428.0,9.0,9.0,9.0
1106,1106.0,2376.0,2388.0,2374.0,19.2,19.2,19.2
1107,1107.0,11186.0,11278.0,11280.0,99.7,99.7,99.7
1108,1108.0,2748.0,2748.0,2748.0,18.1,18.1,18.1
1109,1109.0,1818.0,1794.0,1791.0,10.5,10.5,10.5
1110,1110.0,,1237.0,1229.0,,10.3,10.3
1111,1111.0,4299.0,4299.0,4299.0,32.4,32.4,32.4
1112,1112.0,927.0,927.0,927.0,7.6,7.6,7.6
1113,1113.0,2099.0,2099.0,2099.0,15.2,15.2,15.2
1114,1114.0,666.0,666.0,666.0,4.0,4.0,4.0
1115,1115.0,1160.0,1165.0,1165.0,7.1,7.1,7.1
1116,1116.0,3722.0,3722.0,3722.0,28.3,28.3,28.3
1117,1117.0,2116.0,2116.0,2116.0,16.5,16.5,16.5
1118,1118.0,2630.0,2634.0,2631.0,17.0,17.0,17.0
1119,1119.0,1348.0,1348.0,1348.0,9.2,9.2,9.2
1120,1120.0,3164.0,3164.0,3164.0,23.4,23.4,23.4
1121,1121.0,326.0,326.0,326.0,2.2,2.2,2.2
1122,1122.0,478.0,478.0,478.0,2.8,2.8,2.8
1123,1123.0,486.0,486.0,486.0,3.0,3.0,3.0
1124,1124.0,469.0,469.0,469.0,2.9,2.9,2.9
1125,1125.0,469.0,469.0,469.0,2.9,2.9,2.9
1126,1126.0,469.0,469.0,469.0,2.9,2.9,2.9
1127,1127.0,453.0,453.0,453.0,2.9,2.9,2.9
1128,1128.0,503.0,503.0,503.0,2.9,2.9,2.9
1129,1129.0,419.0,419.0,419.0,2.6,2.6,2.6
1130,1130.0,622.0,622.0,622.0,4.4,4.4,4.4
1131,1131.0,2126.0,2126.0,2126.0,16.4,16.4,16.4
1132,1132.0,569.0,569.0,569.0,6.5,6.5,6.5
1133,1133.0,501.0,501.0,501.0,5.6,5.6,5.6
1134,1134.0,1075.0,1075.0,1075.0,8.0,8.0,8.0
1135,1135.0,910.0,910.0,910.0,6.9,6.9,6.9
1136,1136.0,1272.0,1272.0,1272.0,11.0,11.0,11.0
1137,1137.0,693.0,693.0,693.0,5.5,5.5,5.5
1138,1138.0,1319.0,1319.0,1319.0,11.5,11.5,11.5
1139,1139.0,1022.0,1022.0,1022.0,8.6,8.6,8.6
1140,1140.0,297.0,297.0,297.0,2.5,2.5,2.5
1141,1141.0,1053.0,1053.0,1053.0,7.9,7.9,7.9
1142,1142.0,447.0,447.0,447.0,2.8,2.8,2.8
1143,1143.0,2979.0,2979.0,2979.0,27.1,27.1,27.1
1144,1144.0,1989.0,1989.0,1989.0,12.8,12.8,12.8
1145,1145.0,2471.0,2471.0,2471.0,17.9,17.9,17.9
1146,1146.0,2776.0,2776.0,2776.0,18.2,18.2,18.2
1147,1147.0,,1520.0,1520.0,,9.7,9.7
1148,1148.0,2691.0,2691.0,2691.0,19.1,19.1,19.1
1149,1149.0,3000.0,3000.0,3000.0,19.8,19.8,19.8
1150,1150.0,2016.0,2016.0,2016.0,13.1,13.1,13.1
1151,1151.0,1160.0,1160.0,1160.0,7.1,7.1,7.1
1152,1152.0,0.0,0.0,0.0,1.0,1.0,1.0
1153,1153.0,2171.0,,2171.0,14.5,,14.5
1154,1154.0,959.0,959.0,959.0,6.3,6.3,6.3
1155,1155.0,2445.0,2445.0,2445.0,15.9,15.9,15.9
1156,1156.0,2166.0,2166.0,2166.0,14.5,14.5,14.5
1157,1157.0,,,,,,
1158,1158.0,192.0,192.0,192.0,1.3,1.3,1.3
1159,1159.0,1917.0,1917.0,1917.0,12.1,12.1,12.1
1160,1160.0,,,,,,
1161,1161.0,0.0,0.0,0.0,1.0,1.0,1.0
1162,1162.0,192.0,192.0,192.0,1.3,1.3,1.3
1163,1163.0,0.0,0.0,0.0,1.0,1.0,1.0
1164,1164.0,,,,,,
1165,1165.0,,,,,,
1166,1166.0,,,,,,
1167,1167.0,,,,,,
1168,1168.0,,,,,,
1169,1169.0,,,,,,
1170,1170.0,,,,,,
1171,1171.0,4599.0,4599.0,4599.0,33.3,33.3,33.3
1172,1172.0,1410.0,1410.0,1410.0,9.9,9.9,9.9
1173,1173.0,1251.0,1251.0,1251.0,9.2,9.2,9.2
1174,1174.0,2795.0,2795.0,2795.0,18.0,18.0,18.0
1175,1175.0,2223.0,2223.0,2223.0,15.6,15.6,15.6
1176,1176.0,3943.0,3943.0,,27.6,27.6,
1177,1177.0,1818.0,1818.0,1818.0,13.4,13.4,13.4
1178,1178.0,874.0,874.0,874.0,6.6,6.6,6.6
1179,1179.0,63.0,63.0,63.0,0.6,0.6,0.6
1180,1180.0,4919.0,4919.0,4919.0,35.7,35.7,35.7
1181,1181.0,3827.0,3827.0,3827.0,30.0,30.0,30.0
1182,1182.0,810.0,810.0,810.0,6.2,6.2,6.2
1183,1183.0,4919.0,4919.0,4919.0,35.7,35.7,35.7
1184,1184.0,1410.0,1410.0,1410.0,9.9,9.9,9.9
1185,1185.0,4597.0,4597.0,4597.0,33.3,33.3,33.3
1186,1186.0,1841.0,1841.0,1841.0,13.6,13.6,13.6
1187,1187.0,1477.0,1477.0,1477.0,9.5,9.5,9.5
1188,1188.0,2694.0,2694.0,2694.0,16.4,16.4,16.4
1189,1189.0,961.0,961.0,961.0,5.9,5.9,5.9
1190,1190.0,2569.0,2569.0,2569.0,15.6,15.6,15.6
1191,1191.0,,,,,,
