ORGANIZACIONES POLÍTICAS,TOTAL,%VÁLIDOS,%EMITIDOS,DEPARTAMENTO,PROVINCIA,DISTRITO
PARTIDO NACIONALISTA PERUANO,356,9.327%,6.389%,AMAZONAS,BAGUA,ARAMANGO
"EL FRENTE AMPLIO POR JUSTICIA, VIDA Y LIBERTAD",13,0.341%,0.233%,AMAZONAS,BAGUA,ARAMANGO
PARTIDO MORADO,41,1.074%,0.736%,AMAZONAS,BAGUA,ARAMANGO
PERU PATRIA SEGURA,4,0.105%,0.072%,AMAZONAS,BAGUA,ARAMANGO
VICTORIA NACIONAL,151,3.956%,2.710%,AMAZONAS,BAGUA,ARAMANGO
ACCION POPULAR,267,6.995%,4.792%,AMAZONAS,BAGUA,ARAMANGO
AVANZA PAIS - PARTIDO DE INTEGRACION SOCIAL,69,1.808%,1.238%,AMAZONAS,BAGUA,ARAMANGO
PODEMOS PERU,265,6.943%,4.756%,AMAZONAS,BAGUA,ARAMANGO
JUNTOS POR EL PERU,105,2.751%,1.884%,AMAZONAS,BAGUA,ARAMANGO
PARTIDO POPULAR CRISTIANO - PPC,8,0.210%,0.144%,AMAZONAS,BAGUA,ARAMANGO
FUERZA POPULAR,673,17.632%,12.078%,AMAZONAS,BAGUA,ARAMANGO
UNION POR EL PERU,45,1.179%,0.808%,AMAZONAS,BAGUA,ARAMANGO
RENOVACION POPULAR,252,6.602%,4.523%,AMAZONAS,BAGUA,ARAMANGO
RENACIMIENTO UNIDO NACIONAL,42,1.100%,0.754%,AMAZONAS,BAGUA,ARAMANGO
PARTIDO DEMOCRATICO SOMOS PERU,27,0.707%,0.485%,AMAZONAS,BAGUA,ARAMANGO
PARTIDO POLITICO NACIONAL PERU LIBRE,1250,32.748%,22.434%,AMAZONAS,BAGUA,ARAMANGO
DEMOCRACIA DIRECTA,8,0.210%,0.144%,AMAZONAS,BAGUA,ARAMANGO
ALIANZA PARA EL PROGRESO,241,6.314%,4.325%,AMAZONAS,BAGUA,ARAMANGO
PARTIDO NACIONALISTA PERUANO,506,4.976%,3.720%,AMAZONAS,BAGUA,BAGUA
"EL FRENTE AMPLIO POR JUSTICIA, VIDA Y LIBERTAD",20,0.197%,0.147%,AMAZONAS,BAGUA,BAGUA
PARTIDO MORADO,107,1.052%,0.787%,AMAZONAS,BAGUA,BAGUA
PERU PATRIA SEGURA,26,0.256%,0.191%,AMAZONAS,BAGUA,BAGUA
VICTORIA NACIONAL,605,5.950%,4.448%,AMAZONAS,BAGUA,BAGUA
ACCION POPULAR,931,9.156%,6.845%,AMAZONAS,BAGUA,BAGUA
AVANZA PAIS - PARTIDO DE INTEGRACION SOCIAL,375,3.688%,2.757%,AMAZONAS,BAGUA,BAGUA
PODEMOS PERU,276,2.714%,2.029%,AMAZONAS,BAGUA,BAGUA
JUNTOS POR EL PERU,469,4.613%,3.448%,AMAZONAS,BAGUA,BAGUA
PARTIDO POPULAR CRISTIANO - PPC,58,0.570%,0.426%,AMAZONAS,BAGUA,BAGUA
FUERZA POPULAR,1658,16.306%,12.189%,AMAZONAS,BAGUA,BAGUA
UNION POR EL PERU,248,2.439%,1.823%,AMAZONAS,BAGUA,BAGUA
RENOVACION POPULAR,925,9.097%,6.800%,AMAZONAS,BAGUA,BAGUA
RENACIMIENTO UNIDO NACIONAL,34,0.334%,0.250%,AMAZONAS,BAGUA,BAGUA
PARTIDO DEMOCRATICO SOMOS PERU,117,1.151%,0.860%,AMAZONAS,BAGUA,BAGUA
PARTIDO POLITICO NACIONAL PERU LIBRE,2540,24.980%,18.674%,AMAZONAS,BAGUA,BAGUA
DEMOCRACIA DIRECTA,26,0.256%,0.191%,AMAZONAS,BAGUA,BAGUA
ALIANZA PARA EL PROGRESO,1247,12.264%,9.168%,AMAZONAS,BAGUA,BAGUA
PARTIDO NACIONALISTA PERUANO,440,21.154%,15.315%,AMAZONAS,BAGUA,COPALLIN
"EL FRENTE AMPLIO POR JUSTICIA, VIDA Y LIBERTAD",12,0.577%,0.418%,AMAZONAS,BAGUA,COPALLIN
PARTIDO MORADO,15,0.721%,0.522%,AMAZONAS,BAGUA,COPALLIN
PERU PATRIA SEGURA,2,0.096%,0.070%,AMAZONAS,BAGUA,COPALLIN
VICTORIA NACIONAL,86,4.135%,2.993%,AMAZONAS,BAGUA,COPALLIN
ACCION POPULAR,220,10.577%,7.658%,AMAZONAS,BAGUA,COPALLIN
AVANZA PAIS - PARTIDO DE INTEGRACION SOCIAL,40,1.923%,1.392%,AMAZONAS,BAGUA,COPALLIN
PODEMOS PERU,28,1.346%,0.975%,AMAZONAS,BAGUA,COPALLIN
JUNTOS POR EL PERU,107,5.144%,3.724%,AMAZONAS,BAGUA,COPALLIN
PARTIDO POPULAR CRISTIANO - PPC,6,0.288%,0.209%,AMAZONAS,BAGUA,COPALLIN
FUERZA POPULAR,235,11.298%,8.180%,AMAZONAS,BAGUA,COPALLIN
UNION POR EL PERU,71,3.413%,2.471%,AMAZONAS,BAGUA,COPALLIN
RENOVACION POPULAR,127,6.106%,4.420%,AMAZONAS,BAGUA,COPALLIN
RENACIMIENTO UNIDO NACIONAL,16,0.769%,0.557%,AMAZONAS,BAGUA,COPALLIN
PARTIDO DEMOCRATICO SOMOS PERU,25,1.202%,0.870%,AMAZONAS,BAGUA,COPALLIN
PARTIDO POLITICO NACIONAL PERU LIBRE,481,23.125%,16.742%,AMAZONAS,BAGUA,COPALLIN
DEMOCRACIA DIRECTA,2,0.096%,0.070%,AMAZONAS,BAGUA,COPALLIN
ALIANZA PARA EL PROGRESO,167,8.029%,5.813%,AMAZONAS,BAGUA,COPALLIN
PARTIDO NACIONALISTA PERUANO,117,15.726%,12.238%,AMAZONAS,BAGUA,EL PARCO
"EL FRENTE AMPLIO POR JUSTICIA, VIDA Y LIBERTAD",3,0.403%,0.314%,AMAZONAS,BAGUA,EL PARCO
PARTIDO MORADO,3,0.403%,0.314%,AMAZONAS,BAGUA,EL PARCO
PERU PATRIA SEGURA,1,0.134%,0.105%,AMAZONAS,BAGUA,EL PARCO
VICTORIA NACIONAL,60,8.065%,6.276%,AMAZONAS,BAGUA,EL PARCO
ACCION POPULAR,64,8.602%,6.695%,AMAZONAS,BAGUA,EL PARCO
AVANZA PAIS - PARTIDO DE INTEGRACION SOCIAL,14,1.882%,1.464%,AMAZONAS,BAGUA,EL PARCO
PODEMOS PERU,14,1.882%,1.464%,AMAZONAS,BAGUA,EL PARCO
JUNTOS POR EL PERU,37,4.973%,3.870%,AMAZONAS,BAGUA,EL PARCO
PARTIDO POPULAR CRISTIANO - PPC,1,0.134%,0.105%,AMAZONAS,BAGUA,EL PARCO
FUERZA POPULAR,71,9.543%,7.427%,AMAZONAS,BAGUA,EL PARCO
UNION POR EL PERU,41,5.511%,4.289%,AMAZONAS,BAGUA,EL PARCO
RENOVACION POPULAR,42,5.645%,4.393%,AMAZONAS,BAGUA,EL PARCO
RENACIMIENTO UNIDO NACIONAL,8,1.075%,0.837%,AMAZONAS,BAGUA,EL PARCO
PARTIDO DEMOCRATICO SOMOS PERU,7,0.941%,0.732%,AMAZONAS,BAGUA,EL PARCO
PARTIDO POLITICO NACIONAL PERU LIBRE,214,28.763%,22.385%,AMAZONAS,BAGUA,EL PARCO
DEMOCRACIA DIRECTA,0,0.000%,0.000%,AMAZONAS,BAGUA,EL PARCO
ALIANZA PARA EL PROGRESO,47,6.317%,4.916%,AMAZONAS,BAGUA,EL PARCO
PARTIDO NACIONALISTA PERUANO,1027,13.730%,9.396%,AMAZONAS,BAGUA,IMAZA
"EL FRENTE AMPLIO POR JUSTICIA, VIDA Y LIBERTAD",30,0.401%,0.274%,AMAZONAS,BAGUA,IMAZA
PARTIDO MORADO,157,2.099%,1.436%,AMAZONAS,BAGUA,IMAZA
PERU PATRIA SEGURA,8,0.107%,0.073%,AMAZONAS,BAGUA,IMAZA
VICTORIA NACIONAL,107,1.430%,0.979%,AMAZONAS,BAGUA,IMAZA
ACCION POPULAR,208,2.781%,1.903%,AMAZONAS,BAGUA,IMAZA
AVANZA PAIS - PARTIDO DE INTEGRACION SOCIAL,68,0.909%,0.622%,AMAZONAS,BAGUA,IMAZA
PODEMOS PERU,1723,23.035%,15.764%,AMAZONAS,BAGUA,IMAZA
JUNTOS POR EL PERU,325,4.345%,2.973%,AMAZONAS,BAGUA,IMAZA
PARTIDO POPULAR CRISTIANO - PPC,11,0.147%,0.101%,AMAZONAS,BAGUA,IMAZA
FUERZA POPULAR,338,4.519%,3.092%,AMAZONAS,BAGUA,IMAZA
UNION POR EL PERU,408,5.455%,3.733%,AMAZONAS,BAGUA,IMAZA
RENOVACION POPULAR,252,3.369%,2.306%,AMAZONAS,BAGUA,IMAZA
RENACIMIENTO UNIDO NACIONAL,57,0.762%,0.522%,AMAZONAS,BAGUA,IMAZA
PARTIDO DEMOCRATICO SOMOS PERU,28,0.374%,0.256%,AMAZONAS,BAGUA,IMAZA
PARTIDO POLITICO NACIONAL PERU LIBRE,2365,31.618%,21.638%,AMAZONAS,BAGUA,IMAZA
DEMOCRACIA DIRECTA,9,0.120%,0.082%,AMAZONAS,BAGUA,IMAZA
ALIANZA PARA EL PROGRESO,359,4.799%,3.285%,AMAZONAS,BAGUA,IMAZA
PARTIDO NACIONALISTA PERUANO,509,15.961%,11.053%,AMAZONAS,BAGUA,LA PECA
"EL FRENTE AMPLIO POR JUSTICIA, VIDA Y LIBERTAD",17,0.533%,0.369%,AMAZONAS,BAGUA,LA PECA
PARTIDO MORADO,23,0.721%,0.499%,AMAZONAS,BAGUA,LA PECA
PERU PATRIA SEGURA,7,0.220%,0.152%,AMAZONAS,BAGUA,LA PECA
VICTORIA NACIONAL,174,5.456%,3.779%,AMAZONAS,BAGUA,LA PECA
ACCION POPULAR,319,10.003%,6.927%,AMAZONAS,BAGUA,LA PECA
AVANZA PAIS - PARTIDO DE INTEGRACION SOCIAL,66,2.070%,1.433%,AMAZONAS,BAGUA,LA PECA
PODEMOS PERU,65,2.038%,1.412%,AMAZONAS,BAGUA,LA PECA
JUNTOS POR EL PERU,150,4.704%,3.257%,AMAZONAS,BAGUA,LA PECA
PARTIDO POPULAR CRISTIANO - PPC,14,0.439%,0.304%,AMAZONAS,BAGUA,LA PECA
FUERZA POPULAR,518,16.243%,11.249%,AMAZONAS,BAGUA,LA PECA
UNION POR EL PERU,99,3.104%,2.150%,AMAZONAS,BAGUA,LA PECA
RENOVACION POPULAR,217,6.805%,4.712%,AMAZONAS,BAGUA,LA PECA
RENACIMIENTO UNIDO NACIONAL,14,0.439%,0.304%,AMAZONAS,BAGUA,LA PECA
PARTIDO DEMOCRATICO SOMOS PERU,30,0.941%,0.651%,AMAZONAS,BAGUA,LA PECA
PARTIDO POLITICO NACIONAL PERU LIBRE,700,21.950%,15.201%,AMAZONAS,BAGUA,LA PECA
DEMOCRACIA DIRECTA,7,0.220%,0.152%,AMAZONAS,BAGUA,LA PECA
ALIANZA PARA EL PROGRESO,260,8.153%,5.646%,AMAZONAS,BAGUA,LA PECA
PARTIDO NACIONALISTA PERUANO,8,3.704%,2.730%,AMAZONAS,BONGARA,CHISQUILLA
"EL FRENTE AMPLIO POR JUSTICIA, VIDA Y LIBERTAD",6,2.778%,2.048%,AMAZONAS,BONGARA,CHISQUILLA
PARTIDO MORADO,1,0.463%,0.341%,AMAZONAS,BONGARA,CHISQUILLA
PERU PATRIA SEGURA,1,0.463%,0.341%,AMAZONAS,BONGARA,CHISQUILLA
VICTORIA NACIONAL,5,2.315%,1.706%,AMAZONAS,BONGARA,CHISQUILLA
ACCION POPULAR,32,14.815%,10.922%,AMAZONAS,BONGARA,CHISQUILLA
AVANZA PAIS - PARTIDO DE INTEGRACION SOCIAL,10,4.630%,3.413%,AMAZONAS,BONGARA,CHISQUILLA
PODEMOS PERU,3,1.389%,1.024%,AMAZONAS,BONGARA,CHISQUILLA
JUNTOS POR EL PERU,20,9.259%,6.826%,AMAZONAS,BONGARA,CHISQUILLA
PARTIDO POPULAR CRISTIANO - PPC,0,0.000%,0.000%,AMAZONAS,BONGARA,CHISQUILLA
FUERZA POPULAR,39,18.056%,13.311%,AMAZONAS,BONGARA,CHISQUILLA
UNION POR EL PERU,1,0.463%,0.341%,AMAZONAS,BONGARA,CHISQUILLA
RENOVACION POPULAR,16,7.407%,5.461%,AMAZONAS,BONGARA,CHISQUILLA
RENACIMIENTO UNIDO NACIONAL,0,0.000%,0.000%,AMAZONAS,BONGARA,CHISQUILLA
PARTIDO DEMOCRATICO SOMOS PERU,10,4.630%,3.413%,AMAZONAS,BONGARA,CHISQUILLA
PARTIDO POLITICO NACIONAL PERU LIBRE,44,20.370%,15.017%,AMAZONAS,BONGARA,CHISQUILLA
DEMOCRACIA DIRECTA,0,0.000%,0.000%,AMAZONAS,BONGARA,CHISQUILLA
ALIANZA PARA EL PROGRESO,20,9.259%,6.826%,AMAZONAS,BONGARA,CHISQUILLA
PARTIDO NACIONALISTA PERUANO,4,2.312%,1.695%,AMAZONAS,BONGARA,CHURUJA
"EL FRENTE AMPLIO POR JUSTICIA, VIDA Y LIBERTAD",1,0.578%,0.424%,AMAZONAS,BONGARA,CHURUJA
PARTIDO MORADO,4,2.312%,1.695%,AMAZONAS,BONGARA,CHURUJA
PERU PATRIA SEGURA,1,0.578%,0.424%,AMAZONAS,BONGARA,CHURUJA
VICTORIA NACIONAL,2,1.156%,0.847%,AMAZONAS,BONGARA,CHURUJA
ACCION POPULAR,30,17.341%,12.712%,AMAZONAS,BONGARA,CHURUJA
AVANZA PAIS - PARTIDO DE INTEGRACION SOCIAL,10,5.780%,4.237%,AMAZONAS,BONGARA,CHURUJA
PODEMOS PERU,7,4.046%,2.966%,AMAZONAS,BONGARA,CHURUJA
JUNTOS POR EL PERU,13,7.514%,5.508%,AMAZONAS,BONGARA,CHURUJA
PARTIDO POPULAR CRISTIANO - PPC,1,0.578%,0.424%,AMAZONAS,BONGARA,CHURUJA
FUERZA POPULAR,36,20.809%,15.254%,AMAZONAS,BONGARA,CHURUJA
UNION POR EL PERU,2,1.156%,0.847%,AMAZONAS,BONGARA,CHURUJA
RENOVACION POPULAR,14,8.092%,5.932%,AMAZONAS,BONGARA,CHURUJA
RENACIMIENTO UNIDO NACIONAL,0,0.000%,0.000%,AMAZONAS,BONGARA,CHURUJA
PARTIDO DEMOCRATICO SOMOS PERU,0,0.000%,0.000%,AMAZONAS,BONGARA,CHURUJA
PARTIDO POLITICO NACIONAL PERU LIBRE,35,20.231%,14.831%,AMAZONAS,BONGARA,CHURUJA
DEMOCRACIA DIRECTA,0,0.000%,0.000%,AMAZONAS,BONGARA,CHURUJA
ALIANZA PARA EL PROGRESO,13,7.514%,5.508%,AMAZONAS,BONGARA,CHURUJA
PARTIDO NACIONALISTA PERUANO,12,3.419%,2.410%,AMAZONAS,BONGARA,COROSHA
"EL FRENTE AMPLIO POR JUSTICIA, VIDA Y LIBERTAD",1,0.285%,0.201%,AMAZONAS,BONGARA,COROSHA
PARTIDO MORADO,3,0.855%,0.602%,AMAZONAS,BONGARA,COROSHA
PERU PATRIA SEGURA,1,0.285%,0.201%,AMAZONAS,BONGARA,COROSHA
VICTORIA NACIONAL,8,2.279%,1.606%,AMAZONAS,BONGARA,COROSHA
ACCION POPULAR,24,6.838%,4.819%,AMAZONAS,BONGARA,COROSHA
AVANZA PAIS - PARTIDO DE INTEGRACION SOCIAL,5,1.425%,1.004%,AMAZONAS,BONGARA,COROSHA
PODEMOS PERU,3,0.855%,0.602%,AMAZONAS,BONGARA,COROSHA
JUNTOS POR EL PERU,27,7.692%,5.422%,AMAZONAS,BONGARA,COROSHA
PARTIDO POPULAR CRISTIANO - PPC,1,0.285%,0.201%,AMAZONAS,BONGARA,COROSHA
FUERZA POPULAR,34,9.687%,6.827%,AMAZONAS,BONGARA,COROSHA
UNION POR EL PERU,4,1.140%,0.803%,AMAZONAS,BONGARA,COROSHA
RENOVACION POPULAR,16,4.558%,3.213%,AMAZONAS,BONGARA,COROSHA
RENACIMIENTO UNIDO NACIONAL,2,0.570%,0.402%,AMAZONAS,BONGARA,COROSHA
PARTIDO DEMOCRATICO SOMOS PERU,12,3.419%,2.410%,AMAZONAS,BONGARA,COROSHA
PARTIDO POLITICO NACIONAL PERU LIBRE,172,49.003%,34.538%,AMAZONAS,BONGARA,COROSHA
DEMOCRACIA DIRECTA,0,0.000%,0.000%,AMAZONAS,BONGARA,COROSHA
ALIANZA PARA EL PROGRESO,26,7.407%,5.221%,AMAZONAS,BONGARA,COROSHA
PARTIDO NACIONALISTA PERUANO,14,5.091%,3.318%,AMAZONAS,BONGARA,CUISPES
"EL FRENTE AMPLIO POR JUSTICIA, VIDA Y LIBERTAD",2,0.727%,0.474%,AMAZONAS,BONGARA,CUISPES
PARTIDO MORADO,4,1.455%,0.948%,AMAZONAS,BONGARA,CUISPES
PERU PATRIA SEGURA,0,0.000%,0.000%,AMAZONAS,BONGARA,CUISPES
VICTORIA NACIONAL,20,7.273%,4.739%,AMAZONAS,BONGARA,CUISPES
ACCION POPULAR,39,14.182%,9.242%,AMAZONAS,BONGARA,CUISPES
AVANZA PAIS - PARTIDO DE INTEGRACION SOCIAL,4,1.455%,0.948%,AMAZONAS,BONGARA,CUISPES
PODEMOS PERU,10,3.636%,2.370%,AMAZONAS,BONGARA,CUISPES
JUNTOS POR EL PERU,33,12.000%,7.820%,AMAZONAS,BONGARA,CUISPES
PARTIDO POPULAR CRISTIANO - PPC,1,0.364%,0.237%,AMAZONAS,BONGARA,CUISPES
FUERZA POPULAR,19,6.909%,4.502%,AMAZONAS,BONGARA,CUISPES
UNION POR EL PERU,12,4.364%,2.844%,AMAZONAS,BONGARA,CUISPES
RENOVACION POPULAR,20,7.273%,4.739%,AMAZONAS,BONGARA,CUISPES
RENACIMIENTO UNIDO NACIONAL,2,0.727%,0.474%,AMAZONAS,BONGARA,CUISPES
PARTIDO DEMOCRATICO SOMOS PERU,6,2.182%,1.422%,AMAZONAS,BONGARA,CUISPES
PARTIDO POLITICO NACIONAL PERU LIBRE,71,25.818%,16.825%,AMAZONAS,BONGARA,CUISPES
DEMOCRACIA DIRECTA,0,0.000%,0.000%,AMAZONAS,BONGARA,CUISPES
ALIANZA PARA EL PROGRESO,18,6.545%,4.265%,AMAZONAS,BONGARA,CUISPES
PARTIDO NACIONALISTA PERUANO,38,1.874%,1.346%,AMAZONAS,BONGARA,FLORIDA
"EL FRENTE AMPLIO POR JUSTICIA, VIDA Y LIBERTAD",9,0.444%,0.319%,AMAZONAS,BONGARA,FLORIDA
PARTIDO MORADO,17,0.838%,0.602%,AMAZONAS,BONGARA,FLORIDA
PERU PATRIA SEGURA,2,0.099%,0.071%,AMAZONAS,BONGARA,FLORIDA
VICTORIA NACIONAL,47,2.318%,1.665%,AMAZONAS,BONGARA,FLORIDA
ACCION POPULAR,125,6.164%,4.428%,AMAZONAS,BONGARA,FLORIDA
AVANZA PAIS - PARTIDO DE INTEGRACION SOCIAL,69,3.402%,2.444%,AMAZONAS,BONGARA,FLORIDA
PODEMOS PERU,44,2.170%,1.559%,AMAZONAS,BONGARA,FLORIDA
JUNTOS POR EL PERU,89,4.389%,3.153%,AMAZONAS,BONGARA,FLORIDA
PARTIDO POPULAR CRISTIANO - PPC,3,0.148%,0.106%,AMAZONAS,BONGARA,FLORIDA
FUERZA POPULAR,392,19.329%,13.886%,AMAZONAS,BONGARA,FLORIDA
UNION POR EL PERU,11,0.542%,0.390%,AMAZONAS,BONGARA,FLORIDA
RENOVACION POPULAR,105,5.178%,3.719%,AMAZONAS,BONGARA,FLORIDA
RENACIMIENTO UNIDO NACIONAL,10,0.493%,0.354%,AMAZONAS,BONGARA,FLORIDA
PARTIDO DEMOCRATICO SOMOS PERU,12,0.592%,0.425%,AMAZONAS,BONGARA,FLORIDA
PARTIDO POLITICO NACIONAL PERU LIBRE,955,47.091%,33.829%,AMAZONAS,BONGARA,FLORIDA
DEMOCRACIA DIRECTA,2,0.099%,0.071%,AMAZONAS,BONGARA,FLORIDA
ALIANZA PARA EL PROGRESO,98,4.832%,3.471%,AMAZONAS,BONGARA,FLORIDA
PARTIDO NACIONALISTA PERUANO,111,3.828%,2.887%,AMAZONAS,BONGARA,JAZAN
"EL FRENTE AMPLIO POR JUSTICIA, VIDA Y LIBERTAD",16,0.552%,0.416%,AMAZONAS,BONGARA,JAZAN
PARTIDO MORADO,54,1.862%,1.404%,AMAZONAS,BONGARA,JAZAN
PERU PATRIA SEGURA,8,0.276%,0.208%,AMAZONAS,BONGARA,JAZAN
VICTORIA NACIONAL,115,3.966%,2.991%,AMAZONAS,BONGARA,JAZAN
ACCION POPULAR,242,8.345%,6.294%,AMAZONAS,BONGARA,JAZAN
AVANZA PAIS - PARTIDO DE INTEGRACION SOCIAL,143,4.931%,3.719%,AMAZONAS,BONGARA,JAZAN
PODEMOS PERU,94,3.241%,2.445%,AMAZONAS,BONGARA,JAZAN
JUNTOS POR EL PERU,278,9.586%,7.230%,AMAZONAS,BONGARA,JAZAN
PARTIDO POPULAR CRISTIANO - PPC,9,0.310%,0.234%,AMAZONAS,BONGARA,JAZAN
FUERZA POPULAR,629,21.690%,16.359%,AMAZONAS,BONGARA,JAZAN
UNION POR EL PERU,49,1.690%,1.274%,AMAZONAS,BONGARA,JAZAN
RENOVACION POPULAR,212,7.310%,5.514%,AMAZONAS,BONGARA,JAZAN
RENACIMIENTO UNIDO NACIONAL,14,0.483%,0.364%,AMAZONAS,BONGARA,JAZAN
PARTIDO DEMOCRATICO SOMOS PERU,30,1.034%,0.780%,AMAZONAS,BONGARA,JAZAN
PARTIDO POLITICO NACIONAL PERU LIBRE,686,23.655%,17.841%,AMAZONAS,BONGARA,JAZAN
DEMOCRACIA DIRECTA,1,0.034%,0.026%,AMAZONAS,BONGARA,JAZAN
ALIANZA PARA EL PROGRESO,209,7.207%,5.436%,AMAZONAS,BONGARA,JAZAN
PARTIDO NACIONALISTA PERUANO,16,4.348%,3.101%,AMAZONAS,BONGARA,JUMBILLA
"EL FRENTE AMPLIO POR JUSTICIA, VIDA Y LIBERTAD",5,1.359%,0.969%,AMAZONAS,BONGARA,JUMBILLA
PARTIDO MORADO,10,2.717%,1.938%,AMAZONAS,BONGARA,JUMBILLA
PERU PATRIA SEGURA,1,0.272%,0.194%,AMAZONAS,BONGARA,JUMBILLA
VICTORIA NACIONAL,16,4.348%,3.101%,AMAZONAS,BONGARA,JUMBILLA
ACCION POPULAR,54,14.674%,10.465%,AMAZONAS,BONGARA,JUMBILLA
AVANZA PAIS - PARTIDO DE INTEGRACION SOCIAL,16,4.348%,3.101%,AMAZONAS,BONGARA,JUMBILLA
PODEMOS PERU,2,0.543%,0.388%,AMAZONAS,BONGARA,JUMBILLA
JUNTOS POR EL PERU,50,13.587%,9.690%,AMAZONAS,BONGARA,JUMBILLA
PARTIDO POPULAR CRISTIANO - PPC,1,0.272%,0.194%,AMAZONAS,BONGARA,JUMBILLA
FUERZA POPULAR,47,12.772%,9.109%,AMAZONAS,BONGARA,JUMBILLA
UNION POR EL PERU,1,0.272%,0.194%,AMAZONAS,BONGARA,JUMBILLA
RENOVACION POPULAR,23,6.250%,4.457%,AMAZONAS,BONGARA,JUMBILLA
RENACIMIENTO UNIDO NACIONAL,2,0.543%,0.388%,AMAZONAS,BONGARA,JUMBILLA
PARTIDO DEMOCRATICO SOMOS PERU,7,1.902%,1.357%,AMAZONAS,BONGARA,JUMBILLA
PARTIDO POLITICO NACIONAL PERU LIBRE,101,27.446%,19.574%,AMAZONAS,BONGARA,JUMBILLA
DEMOCRACIA DIRECTA,1,0.272%,0.194%,AMAZONAS,BONGARA,JUMBILLA
ALIANZA PARA EL PROGRESO,15,4.076%,2.907%,AMAZONAS,BONGARA,JUMBILLA
PARTIDO NACIONALISTA PERUANO,6,4.000%,3.261%,AMAZONAS,BONGARA,RECTA
"EL FRENTE AMPLIO POR JUSTICIA, VIDA Y LIBERTAD",5,3.333%,2.717%,AMAZONAS,BONGARA,RECTA
PARTIDO MORADO,5,3.333%,2.717%,AMAZONAS,BONGARA,RECTA
PERU PATRIA SEGURA,0,0.000%,0.000%,AMAZONAS,BONGARA,RECTA
VICTORIA NACIONAL,12,8.000%,6.522%,AMAZONAS,BONGARA,RECTA
ACCION POPULAR,24,16.000%,13.043%,AMAZONAS,BONGARA,RECTA
AVANZA PAIS - PARTIDO DE INTEGRACION SOCIAL,5,3.333%,2.717%,AMAZONAS,BONGARA,RECTA
PODEMOS PERU,4,2.667%,2.174%,AMAZONAS,BONGARA,RECTA
JUNTOS POR EL PERU,22,14.667%,11.957%,AMAZONAS,BONGARA,RECTA
PARTIDO POPULAR CRISTIANO - PPC,1,0.667%,0.543%,AMAZONAS,BONGARA,RECTA
FUERZA POPULAR,20,13.333%,10.870%,AMAZONAS,BONGARA,RECTA
UNION POR EL PERU,4,2.667%,2.174%,AMAZONAS,BONGARA,RECTA
RENOVACION POPULAR,7,4.667%,3.804%,AMAZONAS,BONGARA,RECTA
RENACIMIENTO UNIDO NACIONAL,2,1.333%,1.087%,AMAZONAS,BONGARA,RECTA
PARTIDO DEMOCRATICO SOMOS PERU,3,2.000%,1.630%,AMAZONAS,BONGARA,RECTA
PARTIDO POLITICO NACIONAL PERU LIBRE,22,14.667%,11.957%,AMAZONAS,BONGARA,RECTA
DEMOCRACIA DIRECTA,0,0.000%,0.000%,AMAZONAS,BONGARA,RECTA
ALIANZA PARA EL PROGRESO,8,5.333%,4.348%,AMAZONAS,BONGARA,RECTA
PARTIDO NACIONALISTA PERUANO,15,6.383%,4.673%,AMAZONAS,BONGARA,SAN CARLOS
"EL FRENTE AMPLIO POR JUSTICIA, VIDA Y LIBERTAD",0,0.000%,0.000%,AMAZONAS,BONGARA,SAN CARLOS
PARTIDO MORADO,5,2.128%,1.558%,AMAZONAS,BONGARA,SAN CARLOS
PERU PATRIA SEGURA,1,0.426%,0.312%,AMAZONAS,BONGARA,SAN CARLOS
VICTORIA NACIONAL,6,2.553%,1.869%,AMAZONAS,BONGARA,SAN CARLOS
ACCION POPULAR,22,9.362%,6.854%,AMAZONAS,BONGARA,SAN CARLOS
AVANZA PAIS - PARTIDO DE INTEGRACION SOCIAL,7,2.979%,2.181%,AMAZONAS,BONGARA,SAN CARLOS
PODEMOS PERU,8,3.404%,2.492%,AMAZONAS,BONGARA,SAN CARLOS
JUNTOS POR EL PERU,18,7.660%,5.607%,AMAZONAS,BONGARA,SAN CARLOS
PARTIDO POPULAR CRISTIANO - PPC,0,0.000%,0.000%,AMAZONAS,BONGARA,SAN CARLOS
FUERZA POPULAR,27,11.489%,8.411%,AMAZONAS,BONGARA,SAN CARLOS
UNION POR EL PERU,6,2.553%,1.869%,AMAZONAS,BONGARA,SAN CARLOS
RENOVACION POPULAR,19,8.085%,5.919%,AMAZONAS,BONGARA,SAN CARLOS
RENACIMIENTO UNIDO NACIONAL,2,0.851%,0.623%,AMAZONAS,BONGARA,SAN CARLOS
PARTIDO DEMOCRATICO SOMOS PERU,2,0.851%,0.623%,AMAZONAS,BONGARA,SAN CARLOS
PARTIDO POLITICO NACIONAL PERU LIBRE,62,26.383%,19.315%,AMAZONAS,BONGARA,SAN CARLOS
DEMOCRACIA DIRECTA,2,0.851%,0.623%,AMAZONAS,BONGARA,SAN CARLOS
ALIANZA PARA EL PROGRESO,33,14.043%,10.280%,AMAZONAS,BONGARA,SAN CARLOS
PARTIDO NACIONALISTA PERUANO,41,7.093%,4.530%,AMAZONAS,BONGARA,SHIPASBAMBA
"EL FRENTE AMPLIO POR JUSTICIA, VIDA Y LIBERTAD",5,0.865%,0.552%,AMAZONAS,BONGARA,SHIPASBAMBA
PARTIDO MORADO,6,1.038%,0.663%,AMAZONAS,BONGARA,SHIPASBAMBA
PERU PATRIA SEGURA,1,0.173%,0.110%,AMAZONAS,BONGARA,SHIPASBAMBA
VICTORIA NACIONAL,20,3.460%,2.210%,AMAZONAS,BONGARA,SHIPASBAMBA
ACCION POPULAR,52,8.997%,5.746%,AMAZONAS,BONGARA,SHIPASBAMBA
AVANZA PAIS - PARTIDO DE INTEGRACION SOCIAL,23,3.979%,2.541%,AMAZONAS,BONGARA,SHIPASBAMBA
PODEMOS PERU,23,3.979%,2.541%,AMAZONAS,BONGARA,SHIPASBAMBA
JUNTOS POR EL PERU,56,9.689%,6.188%,AMAZONAS,BONGARA,SHIPASBAMBA
PARTIDO POPULAR CRISTIANO - PPC,2,0.346%,0.221%,AMAZONAS,BONGARA,SHIPASBAMBA
FUERZA POPULAR,74,12.803%,8.177%,AMAZONAS,BONGARA,SHIPASBAMBA
UNION POR EL PERU,10,1.730%,1.105%,AMAZONAS,BONGARA,SHIPASBAMBA
RENOVACION POPULAR,24,4.152%,2.652%,AMAZONAS,BONGARA,SHIPASBAMBA
RENACIMIENTO UNIDO NACIONAL,2,0.346%,0.221%,AMAZONAS,BONGARA,SHIPASBAMBA
PARTIDO DEMOCRATICO SOMOS PERU,6,1.038%,0.663%,AMAZONAS,BONGARA,SHIPASBAMBA
PARTIDO POLITICO NACIONAL PERU LIBRE,205,35.467%,22.652%,AMAZONAS,BONGARA,SHIPASBAMBA
DEMOCRACIA DIRECTA,2,0.346%,0.221%,AMAZONAS,BONGARA,SHIPASBAMBA
ALIANZA PARA EL PROGRESO,26,4.498%,2.873%,AMAZONAS,BONGARA,SHIPASBAMBA
PARTIDO NACIONALISTA PERUANO,33,7.383%,5.455%,AMAZONAS,BONGARA,VALERA
"EL FRENTE AMPLIO POR JUSTICIA, VIDA Y LIBERTAD",4,0.895%,0.661%,AMAZONAS,BONGARA,VALERA
PARTIDO MORADO,10,2.237%,1.653%,AMAZONAS,BONGARA,VALERA
PERU PATRIA SEGURA,0,0.000%,0.000%,AMAZONAS,BONGARA,VALERA
VICTORIA NACIONAL,17,3.803%,2.810%,AMAZONAS,BONGARA,VALERA
ACCION POPULAR,34,7.606%,5.620%,AMAZONAS,BONGARA,VALERA
AVANZA PAIS - PARTIDO DE INTEGRACION SOCIAL,10,2.237%,1.653%,AMAZONAS,BONGARA,VALERA
PODEMOS PERU,14,3.132%,2.314%,AMAZONAS,BONGARA,VALERA
JUNTOS POR EL PERU,56,12.528%,9.256%,AMAZONAS,BONGARA,VALERA
PARTIDO POPULAR CRISTIANO - PPC,1,0.224%,0.165%,AMAZONAS,BONGARA,VALERA
FUERZA POPULAR,119,26.622%,19.669%,AMAZONAS,BONGARA,VALERA
UNION POR EL PERU,2,0.447%,0.331%,AMAZONAS,BONGARA,VALERA
RENOVACION POPULAR,34,7.606%,5.620%,AMAZONAS,BONGARA,VALERA
RENACIMIENTO UNIDO NACIONAL,4,0.895%,0.661%,AMAZONAS,BONGARA,VALERA
PARTIDO DEMOCRATICO SOMOS PERU,3,0.671%,0.496%,AMAZONAS,BONGARA,VALERA
PARTIDO POLITICO NACIONAL PERU LIBRE,59,13.199%,9.752%,AMAZONAS,BONGARA,VALERA
DEMOCRACIA DIRECTA,0,0.000%,0.000%,AMAZONAS,BONGARA,VALERA
ALIANZA PARA EL PROGRESO,47,10.515%,7.769%,AMAZONAS,BONGARA,VALERA
PARTIDO NACIONALISTA PERUANO,41,2.142%,1.543%,AMAZONAS,BONGARA,YAMBRASBAMBA
"EL FRENTE AMPLIO POR JUSTICIA, VIDA Y LIBERTAD",17,0.888%,0.640%,AMAZONAS,BONGARA,YAMBRASBAMBA
PARTIDO MORADO,20,1.045%,0.752%,AMAZONAS,BONGARA,YAMBRASBAMBA
PERU PATRIA SEGURA,7,0.366%,0.263%,AMAZONAS,BONGARA,YAMBRASBAMBA
VICTORIA NACIONAL,44,2.299%,1.655%,AMAZONAS,BONGARA,YAMBRASBAMBA
ACCION POPULAR,198,10.345%,7.449%,AMAZONAS,BONGARA,YAMBRASBAMBA
AVANZA PAIS - PARTIDO DE INTEGRACION SOCIAL,52,2.717%,1.956%,AMAZONAS,BONGARA,YAMBRASBAMBA
PODEMOS PERU,22,1.149%,0.828%,AMAZONAS,BONGARA,YAMBRASBAMBA
JUNTOS POR EL PERU,95,4.963%,3.574%,AMAZONAS,BONGARA,YAMBRASBAMBA
PARTIDO POPULAR CRISTIANO - PPC,1,0.052%,0.038%,AMAZONAS,BONGARA,YAMBRASBAMBA
FUERZA POPULAR,307,16.040%,11.550%,AMAZONAS,BONGARA,YAMBRASBAMBA
UNION POR EL PERU,28,1.463%,1.053%,AMAZONAS,BONGARA,YAMBRASBAMBA
RENOVACION POPULAR,97,5.068%,3.649%,AMAZONAS,BONGARA,YAMBRASBAMBA
RENACIMIENTO UNIDO NACIONAL,9,0.470%,0.339%,AMAZONAS,BONGARA,YAMBRASBAMBA
PARTIDO DEMOCRATICO SOMOS PERU,22,1.149%,0.828%,AMAZONAS,BONGARA,YAMBRASBAMBA
PARTIDO POLITICO NACIONAL PERU LIBRE,842,43.992%,31.678%,AMAZONAS,BONGARA,YAMBRASBAMBA
DEMOCRACIA DIRECTA,2,0.104%,0.075%,AMAZONAS,BONGARA,YAMBRASBAMBA
ALIANZA PARA EL PROGRESO,110,5.747%,4.138%,AMAZONAS,BONGARA,YAMBRASBAMBA
PARTIDO NACIONALISTA PERUANO,160,8.899%,6.077%,AMAZONAS,CHACHAPOYAS,LEIMEBAMBA
"EL FRENTE AMPLIO POR JUSTICIA, VIDA Y LIBERTAD",45,2.503%,1.709%,AMAZONAS,CHACHAPOYAS,LEIMEBAMBA
PARTIDO MORADO,21,1.168%,0.798%,AMAZONAS,CHACHAPOYAS,LEIMEBAMBA
PERU PATRIA SEGURA,6,0.334%,0.228%,AMAZONAS,CHACHAPOYAS,LEIMEBAMBA
VICTORIA NACIONAL,56,3.115%,2.127%,AMAZONAS,CHACHAPOYAS,LEIMEBAMBA
ACCION POPULAR,168,9.344%,6.381%,AMAZONAS,CHACHAPOYAS,LEIMEBAMBA
AVANZA PAIS - PARTIDO DE INTEGRACION SOCIAL,36,2.002%,1.367%,AMAZONAS,CHACHAPOYAS,LEIMEBAMBA
PODEMOS PERU,38,2.113%,1.443%,AMAZONAS,CHACHAPOYAS,LEIMEBAMBA
JUNTOS POR EL PERU,287,15.962%,10.900%,AMAZONAS,CHACHAPOYAS,LEIMEBAMBA
PARTIDO POPULAR CRISTIANO - PPC,6,0.334%,0.228%,AMAZONAS,CHACHAPOYAS,LEIMEBAMBA
FUERZA POPULAR,107,5.951%,4.064%,AMAZONAS,CHACHAPOYAS,LEIMEBAMBA
UNION POR EL PERU,15,0.834%,0.570%,AMAZONAS,CHACHAPOYAS,LEIMEBAMBA
RENOVACION POPULAR,75,4.171%,2.848%,AMAZONAS,CHACHAPOYAS,LEIMEBAMBA
RENACIMIENTO UNIDO NACIONAL,15,0.834%,0.570%,AMAZONAS,CHACHAPOYAS,LEIMEBAMBA
PARTIDO DEMOCRATICO SOMOS PERU,26,1.446%,0.987%,AMAZONAS,CHACHAPOYAS,LEIMEBAMBA
PARTIDO POLITICO NACIONAL PERU LIBRE,564,31.368%,21.420%,AMAZONAS,CHACHAPOYAS,LEIMEBAMBA
DEMOCRACIA DIRECTA,0,0.000%,0.000%,AMAZONAS,CHACHAPOYAS,LEIMEBAMBA
ALIANZA PARA EL PROGRESO,173,9.622%,6.570%,AMAZONAS,CHACHAPOYAS,LEIMEBAMBA
PARTIDO NACIONALISTA PERUANO,160,8.899%,6.077%,AMAZONAS,CHACHAPOYAS,LEVANTO
"EL FRENTE AMPLIO POR JUSTICIA, VIDA Y LIBERTAD",45,2.503%,1.709%,AMAZONAS,CHACHAPOYAS,LEVANTO
PARTIDO MORADO,21,1.168%,0.798%,AMAZONAS,CHACHAPOYAS,LEVANTO
PERU PATRIA SEGURA,6,0.334%,0.228%,AMAZONAS,CHACHAPOYAS,LEVANTO
VICTORIA NACIONAL,56,3.115%,2.127%,AMAZONAS,CHACHAPOYAS,LEVANTO
ACCION POPULAR,168,9.344%,6.381%,AMAZONAS,CHACHAPOYAS,LEVANTO
AVANZA PAIS - PARTIDO DE INTEGRACION SOCIAL,36,2.002%,1.367%,AMAZONAS,CHACHAPOYAS,LEVANTO
PODEMOS PERU,38,2.113%,1.443%,AMAZONAS,CHACHAPOYAS,LEVANTO
JUNTOS POR EL PERU,287,15.962%,10.900%,AMAZONAS,CHACHAPOYAS,LEVANTO
PARTIDO POPULAR CRISTIANO - PPC,6,0.334%,0.228%,AMAZONAS,CHACHAPOYAS,LEVANTO
FUERZA POPULAR,107,5.951%,4.064%,AMAZONAS,CHACHAPOYAS,LEVANTO
UNION POR EL PERU,15,0.834%,0.570%,AMAZONAS,CHACHAPOYAS,LEVANTO
RENOVACION POPULAR,75,4.171%,2.848%,AMAZONAS,CHACHAPOYAS,LEVANTO
RENACIMIENTO UNIDO NACIONAL,15,0.834%,0.570%,AMAZONAS,CHACHAPOYAS,LEVANTO
PARTIDO DEMOCRATICO SOMOS PERU,26,1.446%,0.987%,AMAZONAS,CHACHAPOYAS,LEVANTO
PARTIDO POLITICO NACIONAL PERU LIBRE,564,31.368%,21.420%,AMAZONAS,CHACHAPOYAS,LEVANTO
DEMOCRACIA DIRECTA,0,0.000%,0.000%,AMAZONAS,CHACHAPOYAS,LEVANTO
ALIANZA PARA EL PROGRESO,173,9.622%,6.570%,AMAZONAS,CHACHAPOYAS,LEVANTO
PARTIDO NACIONALISTA PERUANO,24,4.868%,3.840%,AMAZONAS,CHACHAPOYAS,MAGDALENA
"EL FRENTE AMPLIO POR JUSTICIA, VIDA Y LIBERTAD",7,1.420%,1.120%,AMAZONAS,CHACHAPOYAS,MAGDALENA
PARTIDO MORADO,8,1.623%,1.280%,AMAZONAS,CHACHAPOYAS,MAGDALENA
PERU PATRIA SEGURA,0,0.000%,0.000%,AMAZONAS,CHACHAPOYAS,MAGDALENA
VICTORIA NACIONAL,15,3.043%,2.400%,AMAZONAS,CHACHAPOYAS,MAGDALENA
ACCION POPULAR,33,6.694%,5.280%,AMAZONAS,CHACHAPOYAS,MAGDALENA
AVANZA PAIS - PARTIDO DE INTEGRACION SOCIAL,30,6.085%,4.800%,AMAZONAS,CHACHAPOYAS,MAGDALENA
PODEMOS PERU,13,2.637%,2.080%,AMAZONAS,CHACHAPOYAS,MAGDALENA
JUNTOS POR EL PERU,54,10.953%,8.640%,AMAZONAS,CHACHAPOYAS,MAGDALENA
PARTIDO POPULAR CRISTIANO - PPC,0,0.000%,0.000%,AMAZONAS,CHACHAPOYAS,MAGDALENA
FUERZA POPULAR,110,22.312%,17.600%,AMAZONAS,CHACHAPOYAS,MAGDALENA
UNION POR EL PERU,1,0.203%,0.160%,AMAZONAS,CHACHAPOYAS,MAGDALENA
RENOVACION POPULAR,27,5.477%,4.320%,AMAZONAS,CHACHAPOYAS,MAGDALENA
RENACIMIENTO UNIDO NACIONAL,4,0.811%,0.640%,AMAZONAS,CHACHAPOYAS,MAGDALENA
PARTIDO DEMOCRATICO SOMOS PERU,4,0.811%,0.640%,AMAZONAS,CHACHAPOYAS,MAGDALENA
PARTIDO POLITICO NACIONAL PERU LIBRE,125,25.355%,20.000%,AMAZONAS,CHACHAPOYAS,MAGDALENA
DEMOCRACIA DIRECTA,0,0.000%,0.000%,AMAZONAS,CHACHAPOYAS,MAGDALENA
ALIANZA PARA EL PROGRESO,38,7.708%,6.080%,AMAZONAS,CHACHAPOYAS,MAGDALENA
PARTIDO NACIONALISTA PERUANO,35,9.259%,6.958%,AMAZONAS,CHACHAPOYAS,MARISCAL CASTILLA
"EL FRENTE AMPLIO POR JUSTICIA, VIDA Y LIBERTAD",2,0.529%,0.398%,AMAZONAS,CHACHAPOYAS,MARISCAL CASTILLA
PARTIDO MORADO,9,2.381%,1.789%,AMAZONAS,CHACHAPOYAS,MARISCAL CASTILLA
PERU PATRIA SEGURA,0,0.000%,0.000%,AMAZONAS,CHACHAPOYAS,MARISCAL CASTILLA
VICTORIA NACIONAL,19,5.026%,3.777%,AMAZONAS,CHACHAPOYAS,MARISCAL CASTILLA
ACCION POPULAR,45,11.905%,8.946%,AMAZONAS,CHACHAPOYAS,MARISCAL CASTILLA
AVANZA PAIS - PARTIDO DE INTEGRACION SOCIAL,26,6.878%,5.169%,AMAZONAS,CHACHAPOYAS,MARISCAL CASTILLA
PODEMOS PERU,3,0.794%,0.596%,AMAZONAS,CHACHAPOYAS,MARISCAL CASTILLA
JUNTOS POR EL PERU,40,10.582%,7.952%,AMAZONAS,CHACHAPOYAS,MARISCAL CASTILLA
PARTIDO POPULAR CRISTIANO - PPC,0,0.000%,0.000%,AMAZONAS,CHACHAPOYAS,MARISCAL CASTILLA
FUERZA POPULAR,45,11.905%,8.946%,AMAZONAS,CHACHAPOYAS,MARISCAL CASTILLA
UNION POR EL PERU,3,0.794%,0.596%,AMAZONAS,CHACHAPOYAS,MARISCAL CASTILLA
RENOVACION POPULAR,56,14.815%,11.133%,AMAZONAS,CHACHAPOYAS,MARISCAL CASTILLA
RENACIMIENTO UNIDO NACIONAL,3,0.794%,0.596%,AMAZONAS,CHACHAPOYAS,MARISCAL CASTILLA
PARTIDO DEMOCRATICO SOMOS PERU,5,1.323%,0.994%,AMAZONAS,CHACHAPOYAS,MARISCAL CASTILLA
PARTIDO POLITICO NACIONAL PERU LIBRE,49,12.963%,9.742%,AMAZONAS,CHACHAPOYAS,MARISCAL CASTILLA
DEMOCRACIA DIRECTA,1,0.265%,0.199%,AMAZONAS,CHACHAPOYAS,MARISCAL CASTILLA
ALIANZA PARA EL PROGRESO,37,9.788%,7.356%,AMAZONAS,CHACHAPOYAS,MARISCAL CASTILLA
PARTIDO NACIONALISTA PERUANO,35,9.259%,6.958%,AMAZONAS,CHACHAPOYAS,MOLINOPAMPA
"EL FRENTE AMPLIO POR JUSTICIA, VIDA Y LIBERTAD",2,0.529%,0.398%,AMAZONAS,CHACHAPOYAS,MOLINOPAMPA
PARTIDO MORADO,9,2.381%,1.789%,AMAZONAS,CHACHAPOYAS,MOLINOPAMPA
PERU PATRIA SEGURA,0,0.000%,0.000%,AMAZONAS,CHACHAPOYAS,MOLINOPAMPA
VICTORIA NACIONAL,19,5.026%,3.777%,AMAZONAS,CHACHAPOYAS,MOLINOPAMPA
ACCION POPULAR,45,11.905%,8.946%,AMAZONAS,CHACHAPOYAS,MOLINOPAMPA
AVANZA PAIS - PARTIDO DE INTEGRACION SOCIAL,26,6.878%,5.169%,AMAZONAS,CHACHAPOYAS,MOLINOPAMPA
PODEMOS PERU,3,0.794%,0.596%,AMAZONAS,CHACHAPOYAS,MOLINOPAMPA
JUNTOS POR EL PERU,40,10.582%,7.952%,AMAZONAS,CHACHAPOYAS,MOLINOPAMPA
PARTIDO POPULAR CRISTIANO - PPC,0,0.000%,0.000%,AMAZONAS,CHACHAPOYAS,MOLINOPAMPA
FUERZA POPULAR,45,11.905%,8.946%,AMAZONAS,CHACHAPOYAS,MOLINOPAMPA
UNION POR EL PERU,3,0.794%,0.596%,AMAZONAS,CHACHAPOYAS,MOLINOPAMPA
RENOVACION POPULAR,56,14.815%,11.133%,AMAZONAS,CHACHAPOYAS,MOLINOPAMPA
RENACIMIENTO UNIDO NACIONAL,3,0.794%,0.596%,AMAZONAS,CHACHAPOYAS,MOLINOPAMPA
PARTIDO DEMOCRATICO SOMOS PERU,5,1.323%,0.994%,AMAZONAS,CHACHAPOYAS,MOLINOPAMPA
PARTIDO POLITICO NACIONAL PERU LIBRE,49,12.963%,9.742%,AMAZONAS,CHACHAPOYAS,MOLINOPAMPA
DEMOCRACIA DIRECTA,1,0.265%,0.199%,AMAZONAS,CHACHAPOYAS,MOLINOPAMPA
ALIANZA PARA EL PROGRESO,37,9.788%,7.356%,AMAZONAS,CHACHAPOYAS,MOLINOPAMPA
PARTIDO NACIONALISTA PERUANO,5,1.475%,1.124%,AMAZONAS,CHACHAPOYAS,MONTEVIDEO
"EL FRENTE AMPLIO POR JUSTICIA, VIDA Y LIBERTAD",6,1.770%,1.348%,AMAZONAS,CHACHAPOYAS,MONTEVIDEO
PARTIDO MORADO,5,1.475%,1.124%,AMAZONAS,CHACHAPOYAS,MONTEVIDEO
PERU PATRIA SEGURA,0,0.000%,0.000%,AMAZONAS,CHACHAPOYAS,MONTEVIDEO
VICTORIA NACIONAL,15,4.425%,3.371%,AMAZONAS,CHACHAPOYAS,MONTEVIDEO
ACCION POPULAR,56,16.519%,12.584%,AMAZONAS,CHACHAPOYAS,MONTEVIDEO
AVANZA PAIS - PARTIDO DE INTEGRACION SOCIAL,12,3.540%,2.697%,AMAZONAS,CHACHAPOYAS,MONTEVIDEO
PODEMOS PERU,2,0.590%,0.449%,AMAZONAS,CHACHAPOYAS,MONTEVIDEO
JUNTOS POR EL PERU,36,10.619%,8.090%,AMAZONAS,CHACHAPOYAS,MONTEVIDEO
PARTIDO POPULAR CRISTIANO - PPC,1,0.295%,0.225%,AMAZONAS,CHACHAPOYAS,MONTEVIDEO
FUERZA POPULAR,75,22.124%,16.854%,AMAZONAS,CHACHAPOYAS,MONTEVIDEO
UNION POR EL PERU,0,0.000%,0.000%,AMAZONAS,CHACHAPOYAS,MONTEVIDEO
RENOVACION POPULAR,15,4.425%,3.371%,AMAZONAS,CHACHAPOYAS,MONTEVIDEO
RENACIMIENTO UNIDO NACIONAL,3,0.885%,0.674%,AMAZONAS,CHACHAPOYAS,MONTEVIDEO
PARTIDO DEMOCRATICO SOMOS PERU,5,1.475%,1.124%,AMAZONAS,CHACHAPOYAS,MONTEVIDEO
PARTIDO POLITICO NACIONAL PERU LIBRE,79,23.304%,17.753%,AMAZONAS,CHACHAPOYAS,MONTEVIDEO
DEMOCRACIA DIRECTA,0,0.000%,0.000%,AMAZONAS,CHACHAPOYAS,MONTEVIDEO
ALIANZA PARA EL PROGRESO,24,7.080%,5.393%,AMAZONAS,CHACHAPOYAS,MONTEVIDEO
PARTIDO NACIONALISTA PERUANO,44,4.555%,3.446%,AMAZONAS,CHACHAPOYAS,OLLEROS
"EL FRENTE AMPLIO POR JUSTICIA, VIDA Y LIBERTAD",6,0.621%,0.470%,AMAZONAS,CHACHAPOYAS,OLLEROS
PARTIDO MORADO,15,1.553%,1.175%,AMAZONAS,CHACHAPOYAS,OLLEROS
PERU PATRIA SEGURA,0,0.000%,0.000%,AMAZONAS,CHACHAPOYAS,OLLEROS
VICTORIA NACIONAL,31,3.209%,2.428%,AMAZONAS,CHACHAPOYAS,OLLEROS
ACCION POPULAR,118,12.215%,9.240%,AMAZONAS,CHACHAPOYAS,OLLEROS
AVANZA PAIS - PARTIDO DE INTEGRACION SOCIAL,60,6.211%,4.699%,AMAZONAS,CHACHAPOYAS,OLLEROS
PODEMOS PERU,22,2.277%,1.723%,AMAZONAS,CHACHAPOYAS,OLLEROS
JUNTOS POR EL PERU,139,14.389%,10.885%,AMAZONAS,CHACHAPOYAS,OLLEROS
PARTIDO POPULAR CRISTIANO - PPC,3,0.311%,0.235%,AMAZONAS,CHACHAPOYAS,OLLEROS
FUERZA POPULAR,135,13.975%,10.572%,AMAZONAS,CHACHAPOYAS,OLLEROS
UNION POR EL PERU,3,0.311%,0.235%,AMAZONAS,CHACHAPOYAS,OLLEROS
RENOVACION POPULAR,77,7.971%,6.030%,AMAZONAS,CHACHAPOYAS,OLLEROS
RENACIMIENTO UNIDO NACIONAL,3,0.311%,0.235%,AMAZONAS,CHACHAPOYAS,OLLEROS
PARTIDO DEMOCRATICO SOMOS PERU,14,1.449%,1.096%,AMAZONAS,CHACHAPOYAS,OLLEROS
PARTIDO POLITICO NACIONAL PERU LIBRE,240,24.845%,18.794%,AMAZONAS,CHACHAPOYAS,OLLEROS
DEMOCRACIA DIRECTA,1,0.104%,0.078%,AMAZONAS,CHACHAPOYAS,OLLEROS
ALIANZA PARA EL PROGRESO,55,5.694%,4.307%,AMAZONAS,CHACHAPOYAS,OLLEROS
PARTIDO NACIONALISTA PERUANO,44,4.555%,3.446%,AMAZONAS,CHACHAPOYAS,QUINJALCA
"EL FRENTE AMPLIO POR JUSTICIA, VIDA Y LIBERTAD",6,0.621%,0.470%,AMAZONAS,CHACHAPOYAS,QUINJALCA
PARTIDO MORADO,15,1.553%,1.175%,AMAZONAS,CHACHAPOYAS,QUINJALCA
PERU PATRIA SEGURA,0,0.000%,0.000%,AMAZONAS,CHACHAPOYAS,QUINJALCA
VICTORIA NACIONAL,31,3.209%,2.428%,AMAZONAS,CHACHAPOYAS,QUINJALCA
ACCION POPULAR,118,12.215%,9.240%,AMAZONAS,CHACHAPOYAS,QUINJALCA
AVANZA PAIS - PARTIDO DE INTEGRACION SOCIAL,60,6.211%,4.699%,AMAZONAS,CHACHAPOYAS,QUINJALCA
PODEMOS PERU,22,2.277%,1.723%,AMAZONAS,CHACHAPOYAS,QUINJALCA
JUNTOS POR EL PERU,139,14.389%,10.885%,AMAZONAS,CHACHAPOYAS,QUINJALCA
PARTIDO POPULAR CRISTIANO - PPC,3,0.311%,0.235%,AMAZONAS,CHACHAPOYAS,QUINJALCA
FUERZA POPULAR,135,13.975%,10.572%,AMAZONAS,CHACHAPOYAS,QUINJALCA
UNION POR EL PERU,3,0.311%,0.235%,AMAZONAS,CHACHAPOYAS,QUINJALCA
RENOVACION POPULAR,77,7.971%,6.030%,AMAZONAS,CHACHAPOYAS,QUINJALCA
RENACIMIENTO UNIDO NACIONAL,3,0.311%,0.235%,AMAZONAS,CHACHAPOYAS,QUINJALCA
PARTIDO DEMOCRATICO SOMOS PERU,14,1.449%,1.096%,AMAZONAS,CHACHAPOYAS,QUINJALCA
PARTIDO POLITICO NACIONAL PERU LIBRE,240,24.845%,18.794%,AMAZONAS,CHACHAPOYAS,QUINJALCA
DEMOCRACIA DIRECTA,1,0.104%,0.078%,AMAZONAS,CHACHAPOYAS,QUINJALCA
ALIANZA PARA EL PROGRESO,55,5.694%,4.307%,AMAZONAS,CHACHAPOYAS,QUINJALCA
PARTIDO NACIONALISTA PERUANO,9,3.309%,2.594%,AMAZONAS,CHACHAPOYAS,SAN FRANCISCO DE DAGUAS
"EL FRENTE AMPLIO POR JUSTICIA, VIDA Y LIBERTAD",5,1.838%,1.441%,AMAZONAS,CHACHAPOYAS,SAN FRANCISCO DE DAGUAS
PARTIDO MORADO,4,1.471%,1.153%,AMAZONAS,CHACHAPOYAS,SAN FRANCISCO DE DAGUAS
PERU PATRIA SEGURA,0,0.000%,0.000%,AMAZONAS,CHACHAPOYAS,SAN FRANCISCO DE DAGUAS
VICTORIA NACIONAL,9,3.309%,2.594%,AMAZONAS,CHACHAPOYAS,SAN FRANCISCO DE DAGUAS
ACCION POPULAR,34,12.500%,9.798%,AMAZONAS,CHACHAPOYAS,SAN FRANCISCO DE DAGUAS
AVANZA PAIS - PARTIDO DE INTEGRACION SOCIAL,7,2.574%,2.017%,AMAZONAS,CHACHAPOYAS,SAN FRANCISCO DE DAGUAS
PODEMOS PERU,2,0.735%,0.576%,AMAZONAS,CHACHAPOYAS,SAN FRANCISCO DE DAGUAS
JUNTOS POR EL PERU,63,23.162%,18.156%,AMAZONAS,CHACHAPOYAS,SAN FRANCISCO DE DAGUAS
PARTIDO POPULAR CRISTIANO - PPC,4,1.471%,1.153%,AMAZONAS,CHACHAPOYAS,SAN FRANCISCO DE DAGUAS
FUERZA POPULAR,29,10.662%,8.357%,AMAZONAS,CHACHAPOYAS,SAN FRANCISCO DE DAGUAS
UNION POR EL PERU,1,0.368%,0.288%,AMAZONAS,CHACHAPOYAS,SAN FRANCISCO DE DAGUAS
RENOVACION POPULAR,18,6.618%,5.187%,AMAZONAS,CHACHAPOYAS,SAN FRANCISCO DE DAGUAS
RENACIMIENTO UNIDO NACIONAL,1,0.368%,0.288%,AMAZONAS,CHACHAPOYAS,SAN FRANCISCO DE DAGUAS
PARTIDO DEMOCRATICO SOMOS PERU,5,1.838%,1.441%,AMAZONAS,CHACHAPOYAS,SAN FRANCISCO DE DAGUAS
PARTIDO POLITICO NACIONAL PERU LIBRE,51,18.750%,14.697%,AMAZONAS,CHACHAPOYAS,SAN FRANCISCO DE DAGUAS
DEMOCRACIA DIRECTA,0,0.000%,0.000%,AMAZONAS,CHACHAPOYAS,SAN FRANCISCO DE DAGUAS
ALIANZA PARA EL PROGRESO,30,11.029%,8.646%,AMAZONAS,CHACHAPOYAS,SAN FRANCISCO DE DAGUAS
PARTIDO NACIONALISTA PERUANO,14,7.292%,5.761%,AMAZONAS,CHACHAPOYAS,SAN ISIDRO DE MAINO
"EL FRENTE AMPLIO POR JUSTICIA, VIDA Y LIBERTAD",2,1.042%,0.823%,AMAZONAS,CHACHAPOYAS,SAN ISIDRO DE MAINO
PARTIDO MORADO,5,2.604%,2.058%,AMAZONAS,CHACHAPOYAS,SAN ISIDRO DE MAINO
PERU PATRIA SEGURA,1,0.521%,0.412%,AMAZONAS,CHACHAPOYAS,SAN ISIDRO DE MAINO
VICTORIA NACIONAL,8,4.167%,3.292%,AMAZONAS,CHACHAPOYAS,SAN ISIDRO DE MAINO
ACCION POPULAR,43,22.396%,17.695%,AMAZONAS,CHACHAPOYAS,SAN ISIDRO DE MAINO
AVANZA PAIS - PARTIDO DE INTEGRACION SOCIAL,21,10.938%,8.642%,AMAZONAS,CHACHAPOYAS,SAN ISIDRO DE MAINO
PODEMOS PERU,0,0.000%,0.000%,AMAZONAS,CHACHAPOYAS,SAN ISIDRO DE MAINO
JUNTOS POR EL PERU,21,10.938%,8.642%,AMAZONAS,CHACHAPOYAS,SAN ISIDRO DE MAINO
PARTIDO POPULAR CRISTIANO - PPC,0,0.000%,0.000%,AMAZONAS,CHACHAPOYAS,SAN ISIDRO DE MAINO
FUERZA POPULAR,23,11.979%,9.465%,AMAZONAS,CHACHAPOYAS,SAN ISIDRO DE MAINO
UNION POR EL PERU,0,0.000%,0.000%,AMAZONAS,CHACHAPOYAS,SAN ISIDRO DE MAINO
RENOVACION POPULAR,10,5.208%,4.115%,AMAZONAS,CHACHAPOYAS,SAN ISIDRO DE MAINO
RENACIMIENTO UNIDO NACIONAL,0,0.000%,0.000%,AMAZONAS,CHACHAPOYAS,SAN ISIDRO DE MAINO
PARTIDO DEMOCRATICO SOMOS PERU,3,1.562%,1.235%,AMAZONAS,CHACHAPOYAS,SAN ISIDRO DE MAINO
PARTIDO POLITICO NACIONAL PERU LIBRE,30,15.625%,12.346%,AMAZONAS,CHACHAPOYAS,SAN ISIDRO DE MAINO
DEMOCRACIA DIRECTA,1,0.521%,0.412%,AMAZONAS,CHACHAPOYAS,SAN ISIDRO DE MAINO
ALIANZA PARA EL PROGRESO,10,5.208%,4.115%,AMAZONAS,CHACHAPOYAS,SAN ISIDRO DE MAINO
PARTIDO NACIONALISTA PERUANO,8,4.969%,3.980%,AMAZONAS,CHACHAPOYAS,SOLOCO
"EL FRENTE AMPLIO POR JUSTICIA, VIDA Y LIBERTAD",18,11.180%,8.955%,AMAZONAS,CHACHAPOYAS,SOLOCO
PARTIDO MORADO,2,1.242%,0.995%,AMAZONAS,CHACHAPOYAS,SOLOCO
PERU PATRIA SEGURA,0,0.000%,0.000%,AMAZONAS,CHACHAPOYAS,SOLOCO
VICTORIA NACIONAL,9,5.590%,4.478%,AMAZONAS,CHACHAPOYAS,SOLOCO
ACCION POPULAR,13,8.075%,6.468%,AMAZONAS,CHACHAPOYAS,SOLOCO
AVANZA PAIS - PARTIDO DE INTEGRACION SOCIAL,20,12.422%,9.950%,AMAZONAS,CHACHAPOYAS,SOLOCO
PODEMOS PERU,2,1.242%,0.995%,AMAZONAS,CHACHAPOYAS,SOLOCO
JUNTOS POR EL PERU,16,9.938%,7.960%,AMAZONAS,CHACHAPOYAS,SOLOCO
PARTIDO POPULAR CRISTIANO - PPC,3,1.863%,1.493%,AMAZONAS,CHACHAPOYAS,SOLOCO
FUERZA POPULAR,22,13.665%,10.945%,AMAZONAS,CHACHAPOYAS,SOLOCO
UNION POR EL PERU,0,0.000%,0.000%,AMAZONAS,CHACHAPOYAS,SOLOCO
RENOVACION POPULAR,10,6.211%,4.975%,AMAZONAS,CHACHAPOYAS,SOLOCO
RENACIMIENTO UNIDO NACIONAL,1,0.621%,0.498%,AMAZONAS,CHACHAPOYAS,SOLOCO
PARTIDO DEMOCRATICO SOMOS PERU,2,1.242%,0.995%,AMAZONAS,CHACHAPOYAS,SOLOCO
PARTIDO POLITICO NACIONAL PERU LIBRE,25,15.528%,12.438%,AMAZONAS,CHACHAPOYAS,SOLOCO
DEMOCRACIA DIRECTA,0,0.000%,0.000%,AMAZONAS,CHACHAPOYAS,SOLOCO
ALIANZA PARA EL PROGRESO,10,6.211%,4.975%,AMAZONAS,CHACHAPOYAS,SOLOCO
PARTIDO NACIONALISTA PERUANO,29,10.000%,7.989%,AMAZONAS,CHACHAPOYAS,SONCHE
"EL FRENTE AMPLIO POR JUSTICIA, VIDA Y LIBERTAD",2,0.690%,0.551%,AMAZONAS,CHACHAPOYAS,SONCHE
PARTIDO MORADO,3,1.034%,0.826%,AMAZONAS,CHACHAPOYAS,SONCHE
PERU PATRIA SEGURA,0,0.000%,0.000%,AMAZONAS,CHACHAPOYAS,SONCHE
VICTORIA NACIONAL,10,3.448%,2.755%,AMAZONAS,CHACHAPOYAS,SONCHE
ACCION POPULAR,73,25.172%,20.110%,AMAZONAS,CHACHAPOYAS,SONCHE
AVANZA PAIS - PARTIDO DE INTEGRACION SOCIAL,16,5.517%,4.408%,AMAZONAS,CHACHAPOYAS,SONCHE
PODEMOS PERU,1,0.345%,0.275%,AMAZONAS,CHACHAPOYAS,SONCHE
JUNTOS POR EL PERU,44,15.172%,12.121%,AMAZONAS,CHACHAPOYAS,SONCHE
PARTIDO POPULAR CRISTIANO - PPC,0,0.000%,0.000%,AMAZONAS,CHACHAPOYAS,SONCHE
FUERZA POPULAR,50,17.241%,13.774%,AMAZONAS,CHACHAPOYAS,SONCHE
UNION POR EL PERU,2,0.690%,0.551%,AMAZONAS,CHACHAPOYAS,SONCHE
RENOVACION POPULAR,9,3.103%,2.479%,AMAZONAS,CHACHAPOYAS,SONCHE
RENACIMIENTO UNIDO NACIONAL,2,0.690%,0.551%,AMAZONAS,CHACHAPOYAS,SONCHE
PARTIDO DEMOCRATICO SOMOS PERU,4,1.379%,1.102%,AMAZONAS,CHACHAPOYAS,SONCHE
PARTIDO POLITICO NACIONAL PERU LIBRE,37,12.759%,10.193%,AMAZONAS,CHACHAPOYAS,SONCHE
DEMOCRACIA DIRECTA,1,0.345%,0.275%,AMAZONAS,CHACHAPOYAS,SONCHE
ALIANZA PARA EL PROGRESO,7,2.414%,1.928%,AMAZONAS,CHACHAPOYAS,SONCHE
PARTIDO NACIONALISTA PERUANO,38,1.712%,1.242%,AMAZONAS,LUYA,INGUILPATA
"EL FRENTE AMPLIO POR JUSTICIA, VIDA Y LIBERTAD",7,0.315%,0.229%,AMAZONAS,LUYA,INGUILPATA
PARTIDO MORADO,20,0.901%,0.654%,AMAZONAS,LUYA,INGUILPATA
PERU PATRIA SEGURA,4,0.180%,0.131%,AMAZONAS,LUYA,INGUILPATA
VICTORIA NACIONAL,48,2.163%,1.569%,AMAZONAS,LUYA,INGUILPATA
ACCION POPULAR,153,6.895%,5.002%,AMAZONAS,LUYA,INGUILPATA
AVANZA PAIS - PARTIDO DE INTEGRACION SOCIAL,36,1.622%,1.177%,AMAZONAS,LUYA,INGUILPATA
PODEMOS PERU,18,0.811%,0.588%,AMAZONAS,LUYA,INGUILPATA
JUNTOS POR EL PERU,131,5.904%,4.282%,AMAZONAS,LUYA,INGUILPATA
PARTIDO POPULAR CRISTIANO - PPC,7,0.315%,0.229%,AMAZONAS,LUYA,INGUILPATA
FUERZA POPULAR,217,9.779%,7.094%,AMAZONAS,LUYA,INGUILPATA
UNION POR EL PERU,49,2.208%,1.602%,AMAZONAS,LUYA,INGUILPATA
RENOVACION POPULAR,58,2.614%,1.896%,AMAZONAS,LUYA,INGUILPATA
RENACIMIENTO UNIDO NACIONAL,23,1.037%,0.752%,AMAZONAS,LUYA,INGUILPATA
PARTIDO DEMOCRATICO SOMOS PERU,49,2.208%,1.602%,AMAZONAS,LUYA,INGUILPATA
PARTIDO POLITICO NACIONAL PERU LIBRE,1120,50.473%,36.613%,AMAZONAS,LUYA,INGUILPATA
DEMOCRACIA DIRECTA,3,0.135%,0.098%,AMAZONAS,LUYA,INGUILPATA
ALIANZA PARA EL PROGRESO,238,10.726%,7.780%,AMAZONAS,LUYA,INGUILPATA
PARTIDO NACIONALISTA PERUANO,73,10.549%,7.565%,AMAZONAS,LUYA,LAMUD
"EL FRENTE AMPLIO POR JUSTICIA, VIDA Y LIBERTAD",3,0.434%,0.311%,AMAZONAS,LUYA,LAMUD
PARTIDO MORADO,9,1.301%,0.933%,AMAZONAS,LUYA,LAMUD
PERU PATRIA SEGURA,2,0.289%,0.207%,AMAZONAS,LUYA,LAMUD
VICTORIA NACIONAL,6,0.867%,0.622%,AMAZONAS,LUYA,LAMUD
ACCION POPULAR,35,5.058%,3.627%,AMAZONAS,LUYA,LAMUD
AVANZA PAIS - PARTIDO DE INTEGRACION SOCIAL,12,1.734%,1.244%,AMAZONAS,LUYA,LAMUD
PODEMOS PERU,10,1.445%,1.036%,AMAZONAS,LUYA,LAMUD
JUNTOS POR EL PERU,58,8.382%,6.010%,AMAZONAS,LUYA,LAMUD
PARTIDO POPULAR CRISTIANO - PPC,2,0.289%,0.207%,AMAZONAS,LUYA,LAMUD
FUERZA POPULAR,106,15.318%,10.984%,AMAZONAS,LUYA,LAMUD
UNION POR EL PERU,0,0.000%,0.000%,AMAZONAS,LUYA,LAMUD
RENOVACION POPULAR,27,3.902%,2.798%,AMAZONAS,LUYA,LAMUD
RENACIMIENTO UNIDO NACIONAL,10,1.445%,1.036%,AMAZONAS,LUYA,LAMUD
PARTIDO DEMOCRATICO SOMOS PERU,4,0.578%,0.415%,AMAZONAS,LUYA,LAMUD
PARTIDO POLITICO NACIONAL PERU LIBRE,280,40.462%,29.016%,AMAZONAS,LUYA,LAMUD
DEMOCRACIA DIRECTA,2,0.289%,0.207%,AMAZONAS,LUYA,LAMUD
ALIANZA PARA EL PROGRESO,53,7.659%,5.492%,AMAZONAS,LUYA,LAMUD
PARTIDO NACIONALISTA PERUANO,34,16.190%,11.075%,AMAZONAS,LUYA,LONGUITA
"EL FRENTE AMPLIO POR JUSTICIA, VIDA Y LIBERTAD",2,0.952%,0.651%,AMAZONAS,LUYA,LONGUITA
PARTIDO MORADO,6,2.857%,1.954%,AMAZONAS,LUYA,LONGUITA
PERU PATRIA SEGURA,3,1.429%,0.977%,AMAZONAS,LUYA,LONGUITA
VICTORIA NACIONAL,12,5.714%,3.909%,AMAZONAS,LUYA,LONGUITA
ACCION POPULAR,21,10.000%,6.840%,AMAZONAS,LUYA,LONGUITA
AVANZA PAIS - PARTIDO DE INTEGRACION SOCIAL,6,2.857%,1.954%,AMAZONAS,LUYA,LONGUITA
PODEMOS PERU,5,2.381%,1.629%,AMAZONAS,LUYA,LONGUITA
JUNTOS POR EL PERU,22,10.476%,7.166%,AMAZONAS,LUYA,LONGUITA
PARTIDO POPULAR CRISTIANO - PPC,2,0.952%,0.651%,AMAZONAS,LUYA,LONGUITA
FUERZA POPULAR,42,20.000%,13.681%,AMAZONAS,LUYA,LONGUITA
UNION POR EL PERU,0,0.000%,0.000%,AMAZONAS,LUYA,LONGUITA
RENOVACION POPULAR,9,4.286%,2.932%,AMAZONAS,LUYA,LONGUITA
RENACIMIENTO UNIDO NACIONAL,1,0.476%,0.326%,AMAZONAS,LUYA,LONGUITA
PARTIDO DEMOCRATICO SOMOS PERU,0,0.000%,0.000%,AMAZONAS,LUYA,LONGUITA
PARTIDO POLITICO NACIONAL PERU LIBRE,23,10.952%,7.492%,AMAZONAS,LUYA,LONGUITA
DEMOCRACIA DIRECTA,0,0.000%,0.000%,AMAZONAS,LUYA,LONGUITA
ALIANZA PARA EL PROGRESO,22,10.476%,7.166%,AMAZONAS,LUYA,LONGUITA
PARTIDO NACIONALISTA PERUANO,120,14.851%,11.152%,AMAZONAS,LUYA,LONYA CHICO
"EL FRENTE AMPLIO POR JUSTICIA, VIDA Y LIBERTAD",2,0.248%,0.186%,AMAZONAS,LUYA,LONYA CHICO
PARTIDO MORADO,19,2.351%,1.766%,AMAZONAS,LUYA,LONYA CHICO
PERU PATRIA SEGURA,3,0.371%,0.279%,AMAZONAS,LUYA,LONYA CHICO
VICTORIA NACIONAL,44,5.446%,4.089%,AMAZONAS,LUYA,LONYA CHICO
ACCION POPULAR,61,7.550%,5.669%,AMAZONAS,LUYA,LONYA CHICO
AVANZA PAIS - PARTIDO DE INTEGRACION SOCIAL,37,4.579%,3.439%,AMAZONAS,LUYA,LONYA CHICO
PODEMOS PERU,20,2.475%,1.859%,AMAZONAS,LUYA,LONYA CHICO
JUNTOS POR EL PERU,102,12.624%,9.480%,AMAZONAS,LUYA,LONYA CHICO
PARTIDO POPULAR CRISTIANO - PPC,4,0.495%,0.372%,AMAZONAS,LUYA,LONYA CHICO
FUERZA POPULAR,59,7.302%,5.483%,AMAZONAS,LUYA,LONYA CHICO
UNION POR EL PERU,14,1.733%,1.301%,AMAZONAS,LUYA,LONYA CHICO
RENOVACION POPULAR,106,13.119%,9.851%,AMAZONAS,LUYA,LONYA CHICO
RENACIMIENTO UNIDO NACIONAL,3,0.371%,0.279%,AMAZONAS,LUYA,LONYA CHICO
PARTIDO DEMOCRATICO SOMOS PERU,6,0.743%,0.558%,AMAZONAS,LUYA,LONYA CHICO
PARTIDO POLITICO NACIONAL PERU LIBRE,125,15.470%,11.617%,AMAZONAS,LUYA,LONYA CHICO
DEMOCRACIA DIRECTA,3,0.371%,0.279%,AMAZONAS,LUYA,LONYA CHICO
ALIANZA PARA EL PROGRESO,80,9.901%,7.435%,AMAZONAS,LUYA,LONYA CHICO
PARTIDO NACIONALISTA PERUANO,23,7.395%,5.779%,AMAZONAS,LUYA,LUYA
"EL FRENTE AMPLIO POR JUSTICIA, VIDA Y LIBERTAD",3,0.965%,0.754%,AMAZONAS,LUYA,LUYA
PARTIDO MORADO,8,2.572%,2.010%,AMAZONAS,LUYA,LUYA
PERU PATRIA SEGURA,2,0.643%,0.503%,AMAZONAS,LUYA,LUYA
VICTORIA NACIONAL,11,3.537%,2.764%,AMAZONAS,LUYA,LUYA
ACCION POPULAR,30,9.646%,7.538%,AMAZONAS,LUYA,LUYA
AVANZA PAIS - PARTIDO DE INTEGRACION SOCIAL,14,4.502%,3.518%,AMAZONAS,LUYA,LUYA
PODEMOS PERU,1,0.322%,0.251%,AMAZONAS,LUYA,LUYA
JUNTOS POR EL PERU,43,13.826%,10.804%,AMAZONAS,LUYA,LUYA
PARTIDO POPULAR CRISTIANO - PPC,1,0.322%,0.251%,AMAZONAS,LUYA,LUYA
FUERZA POPULAR,65,20.900%,16.332%,AMAZONAS,LUYA,LUYA
UNION POR EL PERU,0,0.000%,0.000%,AMAZONAS,LUYA,LUYA
RENOVACION POPULAR,3,0.965%,0.754%,AMAZONAS,LUYA,LUYA
RENACIMIENTO UNIDO NACIONAL,3,0.965%,0.754%,AMAZONAS,LUYA,LUYA
PARTIDO DEMOCRATICO SOMOS PERU,4,1.286%,1.005%,AMAZONAS,LUYA,LUYA
PARTIDO POLITICO NACIONAL PERU LIBRE,48,15.434%,12.060%,AMAZONAS,LUYA,LUYA
DEMOCRACIA DIRECTA,0,0.000%,0.000%,AMAZONAS,LUYA,LUYA
ALIANZA PARA EL PROGRESO,52,16.720%,13.065%,AMAZONAS,LUYA,LUYA
PARTIDO NACIONALISTA PERUANO,23,7.395%,5.779%,AMAZONAS,LUYA,LUYA VIEJO
"EL FRENTE AMPLIO POR JUSTICIA, VIDA Y LIBERTAD",3,0.965%,0.754%,AMAZONAS,LUYA,LUYA VIEJO
PARTIDO MORADO,8,2.572%,2.010%,AMAZONAS,LUYA,LUYA VIEJO
PERU PATRIA SEGURA,2,0.643%,0.503%,AMAZONAS,LUYA,LUYA VIEJO
VICTORIA NACIONAL,11,3.537%,2.764%,AMAZONAS,LUYA,LUYA VIEJO
ACCION POPULAR,30,9.646%,7.538%,AMAZONAS,LUYA,LUYA VIEJO
AVANZA PAIS - PARTIDO DE INTEGRACION SOCIAL,14,4.502%,3.518%,AMAZONAS,LUYA,LUYA VIEJO
PODEMOS PERU,1,0.322%,0.251%,AMAZONAS,LUYA,LUYA VIEJO
JUNTOS POR EL PERU,43,13.826%,10.804%,AMAZONAS,LUYA,LUYA VIEJO
PARTIDO POPULAR CRISTIANO - PPC,1,0.322%,0.251%,AMAZONAS,LUYA,LUYA VIEJO
FUERZA POPULAR,65,20.900%,16.332%,AMAZONAS,LUYA,LUYA VIEJO
UNION POR EL PERU,0,0.000%,0.000%,AMAZONAS,LUYA,LUYA VIEJO
RENOVACION POPULAR,3,0.965%,0.754%,AMAZONAS,LUYA,LUYA VIEJO
RENACIMIENTO UNIDO NACIONAL,3,0.965%,0.754%,AMAZONAS,LUYA,LUYA VIEJO
PARTIDO DEMOCRATICO SOMOS PERU,4,1.286%,1.005%,AMAZONAS,LUYA,LUYA VIEJO
PARTIDO POLITICO NACIONAL PERU LIBRE,48,15.434%,12.060%,AMAZONAS,LUYA,LUYA VIEJO
DEMOCRACIA DIRECTA,0,0.000%,0.000%,AMAZONAS,LUYA,LUYA VIEJO
ALIANZA PARA EL PROGRESO,52,16.720%,13.065%,AMAZONAS,LUYA,LUYA VIEJO
PARTIDO NACIONALISTA PERUANO,28,15.217%,11.814%,AMAZONAS,LUYA,MARIA
"EL FRENTE AMPLIO POR JUSTICIA, VIDA Y LIBERTAD",4,2.174%,1.688%,AMAZONAS,LUYA,MARIA
PARTIDO MORADO,5,2.717%,2.110%,AMAZONAS,LUYA,MARIA
PERU PATRIA SEGURA,0,0.000%,0.000%,AMAZONAS,LUYA,MARIA
VICTORIA NACIONAL,3,1.630%,1.266%,AMAZONAS,LUYA,MARIA
ACCION POPULAR,17,9.239%,7.173%,AMAZONAS,LUYA,MARIA
AVANZA PAIS - PARTIDO DE INTEGRACION SOCIAL,8,4.348%,3.376%,AMAZONAS,LUYA,MARIA
PODEMOS PERU,1,0.543%,0.422%,AMAZONAS,LUYA,MARIA
JUNTOS POR EL PERU,14,7.609%,5.907%,AMAZONAS,LUYA,MARIA
PARTIDO POPULAR CRISTIANO - PPC,0,0.000%,0.000%,AMAZONAS,LUYA,MARIA
FUERZA POPULAR,25,13.587%,10.549%,AMAZONAS,LUYA,MARIA
UNION POR EL PERU,1,0.543%,0.422%,AMAZONAS,LUYA,MARIA
RENOVACION POPULAR,15,8.152%,6.329%,AMAZONAS,LUYA,MARIA
RENACIMIENTO UNIDO NACIONAL,1,0.543%,0.422%,AMAZONAS,LUYA,MARIA
PARTIDO DEMOCRATICO SOMOS PERU,1,0.543%,0.422%,AMAZONAS,LUYA,MARIA
PARTIDO POLITICO NACIONAL PERU LIBRE,31,16.848%,13.080%,AMAZONAS,LUYA,MARIA
DEMOCRACIA DIRECTA,0,0.000%,0.000%,AMAZONAS,LUYA,MARIA
ALIANZA PARA EL PROGRESO,30,16.304%,12.658%,AMAZONAS,LUYA,MARIA
PARTIDO NACIONALISTA PERUANO,28,15.217%,11.814%,AMAZONAS,LUYA,OCALLI
"EL FRENTE AMPLIO POR JUSTICIA, VIDA Y LIBERTAD",4,2.174%,1.688%,AMAZONAS,LUYA,OCALLI
PARTIDO MORADO,5,2.717%,2.110%,AMAZONAS,LUYA,OCALLI
PERU PATRIA SEGURA,0,0.000%,0.000%,AMAZONAS,LUYA,OCALLI
VICTORIA NACIONAL,3,1.630%,1.266%,AMAZONAS,LUYA,OCALLI
ACCION POPULAR,17,9.239%,7.173%,AMAZONAS,LUYA,OCALLI
AVANZA PAIS - PARTIDO DE INTEGRACION SOCIAL,8,4.348%,3.376%,AMAZONAS,LUYA,OCALLI
PODEMOS PERU,1,0.543%,0.422%,AMAZONAS,LUYA,OCALLI
JUNTOS POR EL PERU,14,7.609%,5.907%,AMAZONAS,LUYA,OCALLI
PARTIDO POPULAR CRISTIANO - PPC,0,0.000%,0.000%,AMAZONAS,LUYA,OCALLI
FUERZA POPULAR,25,13.587%,10.549%,AMAZONAS,LUYA,OCALLI
UNION POR EL PERU,1,0.543%,0.422%,AMAZONAS,LUYA,OCALLI
RENOVACION POPULAR,15,8.152%,6.329%,AMAZONAS,LUYA,OCALLI
RENACIMIENTO UNIDO NACIONAL,1,0.543%,0.422%,AMAZONAS,LUYA,OCALLI
PARTIDO DEMOCRATICO SOMOS PERU,1,0.543%,0.422%,AMAZONAS,LUYA,OCALLI
PARTIDO POLITICO NACIONAL PERU LIBRE,31,16.848%,13.080%,AMAZONAS,LUYA,OCALLI
DEMOCRACIA DIRECTA,0,0.000%,0.000%,AMAZONAS,LUYA,OCALLI
ALIANZA PARA EL PROGRESO,30,16.304%,12.658%,AMAZONAS,LUYA,OCALLI
PARTIDO NACIONALISTA PERUANO,13,4.050%,2.955%,AMAZONAS,LUYA,OCUMAL
"EL FRENTE AMPLIO POR JUSTICIA, VIDA Y LIBERTAD",4,1.246%,0.909%,AMAZONAS,LUYA,OCUMAL
PARTIDO MORADO,3,0.935%,0.682%,AMAZONAS,LUYA,OCUMAL
PERU PATRIA SEGURA,0,0.000%,0.000%,AMAZONAS,LUYA,OCUMAL
VICTORIA NACIONAL,11,3.427%,2.500%,AMAZONAS,LUYA,OCUMAL
ACCION POPULAR,50,15.576%,11.364%,AMAZONAS,LUYA,OCUMAL
AVANZA PAIS - PARTIDO DE INTEGRACION SOCIAL,5,1.558%,1.136%,AMAZONAS,LUYA,OCUMAL
PODEMOS PERU,3,0.935%,0.682%,AMAZONAS,LUYA,OCUMAL
JUNTOS POR EL PERU,36,11.215%,8.182%,AMAZONAS,LUYA,OCUMAL
PARTIDO POPULAR CRISTIANO - PPC,1,0.312%,0.227%,AMAZONAS,LUYA,OCUMAL
FUERZA POPULAR,42,13.084%,9.545%,AMAZONAS,LUYA,OCUMAL
UNION POR EL PERU,0,0.000%,0.000%,AMAZONAS,LUYA,OCUMAL
RENOVACION POPULAR,22,6.854%,5.000%,AMAZONAS,LUYA,OCUMAL
RENACIMIENTO UNIDO NACIONAL,3,0.935%,0.682%,AMAZONAS,LUYA,OCUMAL
PARTIDO DEMOCRATICO SOMOS PERU,5,1.558%,1.136%,AMAZONAS,LUYA,OCUMAL
PARTIDO POLITICO NACIONAL PERU LIBRE,87,27.103%,19.773%,AMAZONAS,LUYA,OCUMAL
DEMOCRACIA DIRECTA,0,0.000%,0.000%,AMAZONAS,LUYA,OCUMAL
ALIANZA PARA EL PROGRESO,36,11.215%,8.182%,AMAZONAS,LUYA,OCUMAL
PARTIDO NACIONALISTA PERUANO,34,3.317%,2.163%,AMAZONAS,LUYA,PISUQUIA
"EL FRENTE AMPLIO POR JUSTICIA, VIDA Y LIBERTAD",11,1.073%,0.700%,AMAZONAS,LUYA,PISUQUIA
PARTIDO MORADO,13,1.268%,0.827%,AMAZONAS,LUYA,PISUQUIA
PERU PATRIA SEGURA,3,0.293%,0.191%,AMAZONAS,LUYA,PISUQUIA
VICTORIA NACIONAL,39,3.805%,2.481%,AMAZONAS,LUYA,PISUQUIA
ACCION POPULAR,108,10.537%,6.870%,AMAZONAS,LUYA,PISUQUIA
AVANZA PAIS - PARTIDO DE INTEGRACION SOCIAL,30,2.927%,1.908%,AMAZONAS,LUYA,PISUQUIA
PODEMOS PERU,13,1.268%,0.827%,AMAZONAS,LUYA,PISUQUIA
JUNTOS POR EL PERU,141,13.756%,8.969%,AMAZONAS,LUYA,PISUQUIA
PARTIDO POPULAR CRISTIANO - PPC,2,0.195%,0.127%,AMAZONAS,LUYA,PISUQUIA
FUERZA POPULAR,165,16.098%,10.496%,AMAZONAS,LUYA,PISUQUIA
UNION POR EL PERU,7,0.683%,0.445%,AMAZONAS,LUYA,PISUQUIA
RENOVACION POPULAR,27,2.634%,1.718%,AMAZONAS,LUYA,PISUQUIA
RENACIMIENTO UNIDO NACIONAL,9,0.878%,0.573%,AMAZONAS,LUYA,PISUQUIA
PARTIDO DEMOCRATICO SOMOS PERU,33,3.220%,2.099%,AMAZONAS,LUYA,PISUQUIA
PARTIDO POLITICO NACIONAL PERU LIBRE,278,27.122%,17.684%,AMAZONAS,LUYA,PISUQUIA
DEMOCRACIA DIRECTA,2,0.195%,0.127%,AMAZONAS,LUYA,PISUQUIA
ALIANZA PARA EL PROGRESO,110,10.732%,6.997%,AMAZONAS,LUYA,PISUQUIA
PARTIDO NACIONALISTA PERUANO,34,3.317%,2.163%,AMAZONAS,LUYA,PROVIDENCIA
"EL FRENTE AMPLIO POR JUSTICIA, VIDA Y LIBERTAD",11,1.073%,0.700%,AMAZONAS,LUYA,PROVIDENCIA
PARTIDO MORADO,13,1.268%,0.827%,AMAZONAS,LUYA,PROVIDENCIA
PERU PATRIA SEGURA,3,0.293%,0.191%,AMAZONAS,LUYA,PROVIDENCIA
VICTORIA NACIONAL,39,3.805%,2.481%,AMAZONAS,LUYA,PROVIDENCIA
ACCION POPULAR,108,10.537%,6.870%,AMAZONAS,LUYA,PROVIDENCIA
AVANZA PAIS - PARTIDO DE INTEGRACION SOCIAL,30,2.927%,1.908%,AMAZONAS,LUYA,PROVIDENCIA
PODEMOS PERU,13,1.268%,0.827%,AMAZONAS,LUYA,PROVIDENCIA
JUNTOS POR EL PERU,141,13.756%,8.969%,AMAZONAS,LUYA,PROVIDENCIA
PARTIDO POPULAR CRISTIANO - PPC,2,0.195%,0.127%,AMAZONAS,LUYA,PROVIDENCIA
FUERZA POPULAR,165,16.098%,10.496%,AMAZONAS,LUYA,PROVIDENCIA
UNION POR EL PERU,7,0.683%,0.445%,AMAZONAS,LUYA,PROVIDENCIA
RENOVACION POPULAR,27,2.634%,1.718%,AMAZONAS,LUYA,PROVIDENCIA
RENACIMIENTO UNIDO NACIONAL,9,0.878%,0.573%,AMAZONAS,LUYA,PROVIDENCIA
PARTIDO DEMOCRATICO SOMOS PERU,33,3.220%,2.099%,AMAZONAS,LUYA,PROVIDENCIA
PARTIDO POLITICO NACIONAL PERU LIBRE,278,27.122%,17.684%,AMAZONAS,LUYA,PROVIDENCIA
DEMOCRACIA DIRECTA,2,0.195%,0.127%,AMAZONAS,LUYA,PROVIDENCIA
ALIANZA PARA EL PROGRESO,110,10.732%,6.997%,AMAZONAS,LUYA,PROVIDENCIA
PARTIDO NACIONALISTA PERUANO,34,3.317%,2.163%,AMAZONAS,LUYA,SAN CRISTOBAL
"EL FRENTE AMPLIO POR JUSTICIA, VIDA Y LIBERTAD",11,1.073%,0.700%,AMAZONAS,LUYA,SAN CRISTOBAL
PARTIDO MORADO,13,1.268%,0.827%,AMAZONAS,LUYA,SAN CRISTOBAL
PERU PATRIA SEGURA,3,0.293%,0.191%,AMAZONAS,LUYA,SAN CRISTOBAL
VICTORIA NACIONAL,39,3.805%,2.481%,AMAZONAS,LUYA,SAN CRISTOBAL
ACCION POPULAR,108,10.537%,6.870%,AMAZONAS,LUYA,SAN CRISTOBAL
AVANZA PAIS - PARTIDO DE INTEGRACION SOCIAL,30,2.927%,1.908%,AMAZONAS,LUYA,SAN CRISTOBAL
PODEMOS PERU,13,1.268%,0.827%,AMAZONAS,LUYA,SAN CRISTOBAL
JUNTOS POR EL PERU,141,13.756%,8.969%,AMAZONAS,LUYA,SAN CRISTOBAL
PARTIDO POPULAR CRISTIANO - PPC,2,0.195%,0.127%,AMAZONAS,LUYA,SAN CRISTOBAL
FUERZA POPULAR,165,16.098%,10.496%,AMAZONAS,LUYA,SAN CRISTOBAL
UNION POR EL PERU,7,0.683%,0.445%,AMAZONAS,LUYA,SAN CRISTOBAL
RENOVACION POPULAR,27,2.634%,1.718%,AMAZONAS,LUYA,SAN CRISTOBAL
RENACIMIENTO UNIDO NACIONAL,9,0.878%,0.573%,AMAZONAS,LUYA,SAN CRISTOBAL
PARTIDO DEMOCRATICO SOMOS PERU,33,3.220%,2.099%,AMAZONAS,LUYA,SAN CRISTOBAL
PARTIDO POLITICO NACIONAL PERU LIBRE,278,27.122%,17.684%,AMAZONAS,LUYA,SAN CRISTOBAL
DEMOCRACIA DIRECTA,2,0.195%,0.127%,AMAZONAS,LUYA,SAN CRISTOBAL
ALIANZA PARA EL PROGRESO,110,10.732%,6.997%,AMAZONAS,LUYA,SAN CRISTOBAL
PARTIDO NACIONALISTA PERUANO,3,1.103%,0.773%,AMAZONAS,LUYA,SAN FRANCISCO DEL YESO
"EL FRENTE AMPLIO POR JUSTICIA, VIDA Y LIBERTAD",5,1.838%,1.289%,AMAZONAS,LUYA,SAN FRANCISCO DEL YESO
PARTIDO MORADO,5,1.838%,1.289%,AMAZONAS,LUYA,SAN FRANCISCO DEL YESO
PERU PATRIA SEGURA,2,0.735%,0.515%,AMAZONAS,LUYA,SAN FRANCISCO DEL YESO
VICTORIA NACIONAL,9,3.309%,2.320%,AMAZONAS,LUYA,SAN FRANCISCO DEL YESO
ACCION POPULAR,75,27.574%,19.330%,AMAZONAS,LUYA,SAN FRANCISCO DEL YESO
AVANZA PAIS - PARTIDO DE INTEGRACION SOCIAL,8,2.941%,2.062%,AMAZONAS,LUYA,SAN FRANCISCO DEL YESO
PODEMOS PERU,3,1.103%,0.773%,AMAZONAS,LUYA,SAN FRANCISCO DEL YESO
JUNTOS POR EL PERU,45,16.544%,11.598%,AMAZONAS,LUYA,SAN FRANCISCO DEL YESO
PARTIDO POPULAR CRISTIANO - PPC,1,0.368%,0.258%,AMAZONAS,LUYA,SAN FRANCISCO DEL YESO
FUERZA POPULAR,18,6.618%,4.639%,AMAZONAS,LUYA,SAN FRANCISCO DEL YESO
UNION POR EL PERU,3,1.103%,0.773%,AMAZONAS,LUYA,SAN FRANCISCO DEL YESO
RENOVACION POPULAR,13,4.779%,3.351%,AMAZONAS,LUYA,SAN FRANCISCO DEL YESO
RENACIMIENTO UNIDO NACIONAL,6,2.206%,1.546%,AMAZONAS,LUYA,SAN FRANCISCO DEL YESO
PARTIDO DEMOCRATICO SOMOS PERU,1,0.368%,0.258%,AMAZONAS,LUYA,SAN FRANCISCO DEL YESO
PARTIDO POLITICO NACIONAL PERU LIBRE,38,13.971%,9.794%,AMAZONAS,LUYA,SAN FRANCISCO DEL YESO
DEMOCRACIA DIRECTA,2,0.735%,0.515%,AMAZONAS,LUYA,SAN FRANCISCO DEL YESO
ALIANZA PARA EL PROGRESO,35,12.868%,9.021%,AMAZONAS,LUYA,SAN FRANCISCO DEL YESO
PARTIDO NACIONALISTA PERUANO,11,4.400%,2.957%,AMAZONAS,LUYA,SAN JERONIMO
"EL FRENTE AMPLIO POR JUSTICIA, VIDA Y LIBERTAD",3,1.200%,0.806%,AMAZONAS,LUYA,SAN JERONIMO
PARTIDO MORADO,8,3.200%,2.151%,AMAZONAS,LUYA,SAN JERONIMO
PERU PATRIA SEGURA,3,1.200%,0.806%,AMAZONAS,LUYA,SAN JERONIMO
VICTORIA NACIONAL,12,4.800%,3.226%,AMAZONAS,LUYA,SAN JERONIMO
ACCION POPULAR,37,14.800%,9.946%,AMAZONAS,LUYA,SAN JERONIMO
AVANZA PAIS - PARTIDO DE INTEGRACION SOCIAL,10,4.000%,2.688%,AMAZONAS,LUYA,SAN JERONIMO
PODEMOS PERU,5,2.000%,1.344%,AMAZONAS,LUYA,SAN JERONIMO
JUNTOS POR EL PERU,20,8.000%,5.376%,AMAZONAS,LUYA,SAN JERONIMO
PARTIDO POPULAR CRISTIANO - PPC,1,0.400%,0.269%,AMAZONAS,LUYA,SAN JERONIMO
FUERZA POPULAR,46,18.400%,12.366%,AMAZONAS,LUYA,SAN JERONIMO
UNION POR EL PERU,0,0.000%,0.000%,AMAZONAS,LUYA,SAN JERONIMO
RENOVACION POPULAR,17,6.800%,4.570%,AMAZONAS,LUYA,SAN JERONIMO
RENACIMIENTO UNIDO NACIONAL,3,1.200%,0.806%,AMAZONAS,LUYA,SAN JERONIMO
PARTIDO DEMOCRATICO SOMOS PERU,10,4.000%,2.688%,AMAZONAS,LUYA,SAN JERONIMO
PARTIDO POLITICO NACIONAL PERU LIBRE,41,16.400%,11.022%,AMAZONAS,LUYA,SAN JERONIMO
DEMOCRACIA DIRECTA,0,0.000%,0.000%,AMAZONAS,LUYA,SAN JERONIMO
ALIANZA PARA EL PROGRESO,23,9.200%,6.183%,AMAZONAS,LUYA,SAN JERONIMO
PARTIDO NACIONALISTA PERUANO,11,4.400%,2.957%,AMAZONAS,LUYA,SAN JUAN DE LOPECANCHA
"EL FRENTE AMPLIO POR JUSTICIA, VIDA Y LIBERTAD",3,1.200%,0.806%,AMAZONAS,LUYA,SAN JUAN DE LOPECANCHA
PARTIDO MORADO,8,3.200%,2.151%,AMAZONAS,LUYA,SAN JUAN DE LOPECANCHA
PERU PATRIA SEGURA,3,1.200%,0.806%,AMAZONAS,LUYA,SAN JUAN DE LOPECANCHA
VICTORIA NACIONAL,12,4.800%,3.226%,AMAZONAS,LUYA,SAN JUAN DE LOPECANCHA
ACCION POPULAR,37,14.800%,9.946%,AMAZONAS,LUYA,SAN JUAN DE LOPECANCHA
AVANZA PAIS - PARTIDO DE INTEGRACION SOCIAL,10,4.000%,2.688%,AMAZONAS,LUYA,SAN JUAN DE LOPECANCHA
PODEMOS PERU,5,2.000%,1.344%,AMAZONAS,LUYA,SAN JUAN DE LOPECANCHA
JUNTOS POR EL PERU,20,8.000%,5.376%,AMAZONAS,LUYA,SAN JUAN DE LOPECANCHA
PARTIDO POPULAR CRISTIANO - PPC,1,0.400%,0.269%,AMAZONAS,LUYA,SAN JUAN DE LOPECANCHA
FUERZA POPULAR,46,18.400%,12.366%,AMAZONAS,LUYA,SAN JUAN DE LOPECANCHA
UNION POR EL PERU,0,0.000%,0.000%,AMAZONAS,LUYA,SAN JUAN DE LOPECANCHA
RENOVACION POPULAR,17,6.800%,4.570%,AMAZONAS,LUYA,SAN JUAN DE LOPECANCHA
RENACIMIENTO UNIDO NACIONAL,3,1.200%,0.806%,AMAZONAS,LUYA,SAN JUAN DE LOPECANCHA
PARTIDO DEMOCRATICO SOMOS PERU,10,4.000%,2.688%,AMAZONAS,LUYA,SAN JUAN DE LOPECANCHA
PARTIDO POLITICO NACIONAL PERU LIBRE,41,16.400%,11.022%,AMAZONAS,LUYA,SAN JUAN DE LOPECANCHA
DEMOCRACIA DIRECTA,0,0.000%,0.000%,AMAZONAS,LUYA,SAN JUAN DE LOPECANCHA
ALIANZA PARA EL PROGRESO,23,9.200%,6.183%,AMAZONAS,LUYA,SAN JUAN DE LOPECANCHA
PARTIDO NACIONALISTA PERUANO,8,4.301%,3.213%,AMAZONAS,LUYA,SANTA CATALINA
"EL FRENTE AMPLIO POR JUSTICIA, VIDA Y LIBERTAD",1,0.538%,0.402%,AMAZONAS,LUYA,SANTA CATALINA
PARTIDO MORADO,19,10.215%,7.631%,AMAZONAS,LUYA,SANTA CATALINA
PERU PATRIA SEGURA,1,0.538%,0.402%,AMAZONAS,LUYA,SANTA CATALINA
VICTORIA NACIONAL,9,4.839%,3.614%,AMAZONAS,LUYA,SANTA CATALINA
ACCION POPULAR,12,6.452%,4.819%,AMAZONAS,LUYA,SANTA CATALINA
AVANZA PAIS - PARTIDO DE INTEGRACION SOCIAL,2,1.075%,0.803%,AMAZONAS,LUYA,SANTA CATALINA
PODEMOS PERU,5,2.688%,2.008%,AMAZONAS,LUYA,SANTA CATALINA
JUNTOS POR EL PERU,15,8.065%,6.024%,AMAZONAS,LUYA,SANTA CATALINA
PARTIDO POPULAR CRISTIANO - PPC,1,0.538%,0.402%,AMAZONAS,LUYA,SANTA CATALINA
FUERZA POPULAR,58,31.183%,23.293%,AMAZONAS,LUYA,SANTA CATALINA
UNION POR EL PERU,0,0.000%,0.000%,AMAZONAS,LUYA,SANTA CATALINA
RENOVACION POPULAR,8,4.301%,3.213%,AMAZONAS,LUYA,SANTA CATALINA
RENACIMIENTO UNIDO NACIONAL,1,0.538%,0.402%,AMAZONAS,LUYA,SANTA CATALINA
PARTIDO DEMOCRATICO SOMOS PERU,1,0.538%,0.402%,AMAZONAS,LUYA,SANTA CATALINA
PARTIDO POLITICO NACIONAL PERU LIBRE,28,15.054%,11.245%,AMAZONAS,LUYA,SANTA CATALINA
DEMOCRACIA DIRECTA,1,0.538%,0.402%,AMAZONAS,LUYA,SANTA CATALINA
ALIANZA PARA EL PROGRESO,16,8.602%,6.426%,AMAZONAS,LUYA,SANTA CATALINA
PARTIDO NACIONALISTA PERUANO,7,5.738%,3.286%,AMAZONAS,LUYA,SANTO TOMAS
"EL FRENTE AMPLIO POR JUSTICIA, VIDA Y LIBERTAD",5,4.098%,2.347%,AMAZONAS,LUYA,SANTO TOMAS
PARTIDO MORADO,2,1.639%,0.939%,AMAZONAS,LUYA,SANTO TOMAS
PERU PATRIA SEGURA,0,0.000%,0.000%,AMAZONAS,LUYA,SANTO TOMAS
VICTORIA NACIONAL,0,0.000%,0.000%,AMAZONAS,LUYA,SANTO TOMAS
ACCION POPULAR,20,16.393%,9.390%,AMAZONAS,LUYA,SANTO TOMAS
AVANZA PAIS - PARTIDO DE INTEGRACION SOCIAL,6,4.918%,2.817%,AMAZONAS,LUYA,SANTO TOMAS
PODEMOS PERU,0,0.000%,0.000%,AMAZONAS,LUYA,SANTO TOMAS
JUNTOS POR EL PERU,14,11.475%,6.573%,AMAZONAS,LUYA,SANTO TOMAS
PARTIDO POPULAR CRISTIANO - PPC,0,0.000%,0.000%,AMAZONAS,LUYA,SANTO TOMAS
FUERZA POPULAR,30,24.590%,14.085%,AMAZONAS,LUYA,SANTO TOMAS
UNION POR EL PERU,0,0.000%,0.000%,AMAZONAS,LUYA,SANTO TOMAS
RENOVACION POPULAR,5,4.098%,2.347%,AMAZONAS,LUYA,SANTO TOMAS
RENACIMIENTO UNIDO NACIONAL,2,1.639%,0.939%,AMAZONAS,LUYA,SANTO TOMAS
PARTIDO DEMOCRATICO SOMOS PERU,1,0.820%,0.469%,AMAZONAS,LUYA,SANTO TOMAS
PARTIDO POLITICO NACIONAL PERU LIBRE,18,14.754%,8.451%,AMAZONAS,LUYA,SANTO TOMAS
DEMOCRACIA DIRECTA,0,0.000%,0.000%,AMAZONAS,LUYA,SANTO TOMAS
ALIANZA PARA EL PROGRESO,12,9.836%,5.634%,AMAZONAS,LUYA,SANTO TOMAS
PARTIDO NACIONALISTA PERUANO,24,5.010%,3.620%,AMAZONAS,LUYA,TINGO
"EL FRENTE AMPLIO POR JUSTICIA, VIDA Y LIBERTAD",4,0.835%,0.603%,AMAZONAS,LUYA,TINGO
PARTIDO MORADO,10,2.088%,1.508%,AMAZONAS,LUYA,TINGO
PERU PATRIA SEGURA,0,0.000%,0.000%,AMAZONAS,LUYA,TINGO
VICTORIA NACIONAL,8,1.670%,1.207%,AMAZONAS,LUYA,TINGO
ACCION POPULAR,46,9.603%,6.938%,AMAZONAS,LUYA,TINGO
AVANZA PAIS - PARTIDO DE INTEGRACION SOCIAL,2,0.418%,0.302%,AMAZONAS,LUYA,TINGO
PODEMOS PERU,29,6.054%,4.374%,AMAZONAS,LUYA,TINGO
JUNTOS POR EL PERU,48,10.021%,7.240%,AMAZONAS,LUYA,TINGO
PARTIDO POPULAR CRISTIANO - PPC,1,0.209%,0.151%,AMAZONAS,LUYA,TINGO
FUERZA POPULAR,129,26.931%,19.457%,AMAZONAS,LUYA,TINGO
UNION POR EL PERU,15,3.132%,2.262%,AMAZONAS,LUYA,TINGO
RENOVACION POPULAR,17,3.549%,2.564%,AMAZONAS,LUYA,TINGO
RENACIMIENTO UNIDO NACIONAL,12,2.505%,1.810%,AMAZONAS,LUYA,TINGO
PARTIDO DEMOCRATICO SOMOS PERU,17,3.549%,2.564%,AMAZONAS,LUYA,TINGO
PARTIDO POLITICO NACIONAL PERU LIBRE,84,17.537%,12.670%,AMAZONAS,LUYA,TINGO
DEMOCRACIA DIRECTA,0,0.000%,0.000%,AMAZONAS,LUYA,TINGO
ALIANZA PARA EL PROGRESO,33,6.889%,4.977%,AMAZONAS,LUYA,TINGO
PARTIDO NACIONALISTA PERUANO,30,3.584%,2.459%,AMAZONAS,LUYA,TRITA
"EL FRENTE AMPLIO POR JUSTICIA, VIDA Y LIBERTAD",19,2.270%,1.557%,AMAZONAS,LUYA,TRITA
PARTIDO MORADO,4,0.478%,0.328%,AMAZONAS,LUYA,TRITA
PERU PATRIA SEGURA,2,0.239%,0.164%,AMAZONAS,LUYA,TRITA
VICTORIA NACIONAL,43,5.137%,3.525%,AMAZONAS,LUYA,TRITA
ACCION POPULAR,75,8.961%,6.148%,AMAZONAS,LUYA,TRITA
AVANZA PAIS - PARTIDO DE INTEGRACION SOCIAL,29,3.465%,2.377%,AMAZONAS,LUYA,TRITA
PODEMOS PERU,17,2.031%,1.393%,AMAZONAS,LUYA,TRITA
JUNTOS POR EL PERU,66,7.885%,5.410%,AMAZONAS,LUYA,TRITA
PARTIDO POPULAR CRISTIANO - PPC,5,0.597%,0.410%,AMAZONAS,LUYA,TRITA
FUERZA POPULAR,156,18.638%,12.787%,AMAZONAS,LUYA,TRITA
UNION POR EL PERU,5,0.597%,0.410%,AMAZONAS,LUYA,TRITA
RENOVACION POPULAR,49,5.854%,4.016%,AMAZONAS,LUYA,TRITA
RENACIMIENTO UNIDO NACIONAL,7,0.836%,0.574%,AMAZONAS,LUYA,TRITA
PARTIDO DEMOCRATICO SOMOS PERU,8,0.956%,0.656%,AMAZONAS,LUYA,TRITA
PARTIDO POLITICO NACIONAL PERU LIBRE,210,25.090%,17.213%,AMAZONAS,LUYA,TRITA
DEMOCRACIA DIRECTA,3,0.358%,0.246%,AMAZONAS,LUYA,TRITA
ALIANZA PARA EL PROGRESO,109,13.023%,8.934%,AMAZONAS,LUYA,TRITA
PARTIDO NACIONALISTA PERUANO,26,2.592%,1.711%,AMAZONAS,RODRIGUEZ DE MENDOZA,LONGAR
"EL FRENTE AMPLIO POR JUSTICIA, VIDA Y LIBERTAD",9,0.897%,0.592%,AMAZONAS,RODRIGUEZ DE MENDOZA,LONGAR
PARTIDO MORADO,29,2.891%,1.908%,AMAZONAS,RODRIGUEZ DE MENDOZA,LONGAR
PERU PATRIA SEGURA,0,0.000%,0.000%,AMAZONAS,RODRIGUEZ DE MENDOZA,LONGAR
VICTORIA NACIONAL,123,12.263%,8.092%,AMAZONAS,RODRIGUEZ DE MENDOZA,LONGAR
ACCION POPULAR,211,21.037%,13.882%,AMAZONAS,RODRIGUEZ DE MENDOZA,LONGAR
AVANZA PAIS - PARTIDO DE INTEGRACION SOCIAL,72,7.178%,4.737%,AMAZONAS,RODRIGUEZ DE MENDOZA,LONGAR
PODEMOS PERU,11,1.097%,0.724%,AMAZONAS,RODRIGUEZ DE MENDOZA,LONGAR
JUNTOS POR EL PERU,84,8.375%,5.526%,AMAZONAS,RODRIGUEZ DE MENDOZA,LONGAR
PARTIDO POPULAR CRISTIANO - PPC,1,0.100%,0.066%,AMAZONAS,RODRIGUEZ DE MENDOZA,LONGAR
FUERZA POPULAR,135,13.460%,8.882%,AMAZONAS,RODRIGUEZ DE MENDOZA,LONGAR
UNION POR EL PERU,4,0.399%,0.263%,AMAZONAS,RODRIGUEZ DE MENDOZA,LONGAR
RENOVACION POPULAR,61,6.082%,4.013%,AMAZONAS,RODRIGUEZ DE MENDOZA,LONGAR
RENACIMIENTO UNIDO NACIONAL,5,0.499%,0.329%,AMAZONAS,RODRIGUEZ DE MENDOZA,LONGAR
PARTIDO DEMOCRATICO SOMOS PERU,76,7.577%,5.000%,AMAZONAS,RODRIGUEZ DE MENDOZA,LONGAR
PARTIDO POLITICO NACIONAL PERU LIBRE,80,7.976%,5.263%,AMAZONAS,RODRIGUEZ DE MENDOZA,LONGAR
DEMOCRACIA DIRECTA,2,0.199%,0.132%,AMAZONAS,RODRIGUEZ DE MENDOZA,LONGAR
ALIANZA PARA EL PROGRESO,74,7.378%,4.868%,AMAZONAS,RODRIGUEZ DE MENDOZA,LONGAR
PARTIDO NACIONALISTA PERUANO,26,2.592%,1.711%,AMAZONAS,RODRIGUEZ DE MENDOZA,MARISCAL BENAVIDES
"EL FRENTE AMPLIO POR JUSTICIA, VIDA Y LIBERTAD",9,0.897%,0.592%,AMAZONAS,RODRIGUEZ DE MENDOZA,MARISCAL BENAVIDES
PARTIDO MORADO,29,2.891%,1.908%,AMAZONAS,RODRIGUEZ DE MENDOZA,MARISCAL BENAVIDES
PERU PATRIA SEGURA,0,0.000%,0.000%,AMAZONAS,RODRIGUEZ DE MENDOZA,MARISCAL BENAVIDES
VICTORIA NACIONAL,123,12.263%,8.092%,AMAZONAS,RODRIGUEZ DE MENDOZA,MARISCAL BENAVIDES
ACCION POPULAR,211,21.037%,13.882%,AMAZONAS,RODRIGUEZ DE MENDOZA,MARISCAL BENAVIDES
AVANZA PAIS - PARTIDO DE INTEGRACION SOCIAL,72,7.178%,4.737%,AMAZONAS,RODRIGUEZ DE MENDOZA,MARISCAL BENAVIDES
PODEMOS PERU,11,1.097%,0.724%,AMAZONAS,RODRIGUEZ DE MENDOZA,MARISCAL BENAVIDES
JUNTOS POR EL PERU,84,8.375%,5.526%,AMAZONAS,RODRIGUEZ DE MENDOZA,MARISCAL BENAVIDES
PARTIDO POPULAR CRISTIANO - PPC,1,0.100%,0.066%,AMAZONAS,RODRIGUEZ DE MENDOZA,MARISCAL BENAVIDES
FUERZA POPULAR,135,13.460%,8.882%,AMAZONAS,RODRIGUEZ DE MENDOZA,MARISCAL BENAVIDES
UNION POR EL PERU,4,0.399%,0.263%,AMAZONAS,RODRIGUEZ DE MENDOZA,MARISCAL BENAVIDES
RENOVACION POPULAR,61,6.082%,4.013%,AMAZONAS,RODRIGUEZ DE MENDOZA,MARISCAL BENAVIDES
RENACIMIENTO UNIDO NACIONAL,5,0.499%,0.329%,AMAZONAS,RODRIGUEZ DE MENDOZA,MARISCAL BENAVIDES
PARTIDO DEMOCRATICO SOMOS PERU,76,7.577%,5.000%,AMAZONAS,RODRIGUEZ DE MENDOZA,MARISCAL BENAVIDES
PARTIDO POLITICO NACIONAL PERU LIBRE,80,7.976%,5.263%,AMAZONAS,RODRIGUEZ DE MENDOZA,MARISCAL BENAVIDES
DEMOCRACIA DIRECTA,2,0.199%,0.132%,AMAZONAS,RODRIGUEZ DE MENDOZA,MARISCAL BENAVIDES
ALIANZA PARA EL PROGRESO,74,7.378%,4.868%,AMAZONAS,RODRIGUEZ DE MENDOZA,MARISCAL BENAVIDES
PARTIDO NACIONALISTA PERUANO,25,3.666%,2.668%,AMAZONAS,RODRIGUEZ DE MENDOZA,MILPUCC
"EL FRENTE AMPLIO POR JUSTICIA, VIDA Y LIBERTAD",7,1.026%,0.747%,AMAZONAS,RODRIGUEZ DE MENDOZA,MILPUCC
PARTIDO MORADO,11,1.613%,1.174%,AMAZONAS,RODRIGUEZ DE MENDOZA,MILPUCC
PERU PATRIA SEGURA,0,0.000%,0.000%,AMAZONAS,RODRIGUEZ DE MENDOZA,MILPUCC
VICTORIA NACIONAL,27,3.959%,2.882%,AMAZONAS,RODRIGUEZ DE MENDOZA,MILPUCC
ACCION POPULAR,188,27.566%,20.064%,AMAZONAS,RODRIGUEZ DE MENDOZA,MILPUCC
AVANZA PAIS - PARTIDO DE INTEGRACION SOCIAL,72,10.557%,7.684%,AMAZONAS,RODRIGUEZ DE MENDOZA,MILPUCC
PODEMOS PERU,11,1.613%,1.174%,AMAZONAS,RODRIGUEZ DE MENDOZA,MILPUCC
JUNTOS POR EL PERU,78,11.437%,8.324%,AMAZONAS,RODRIGUEZ DE MENDOZA,MILPUCC
PARTIDO POPULAR CRISTIANO - PPC,3,0.440%,0.320%,AMAZONAS,RODRIGUEZ DE MENDOZA,MILPUCC
FUERZA POPULAR,51,7.478%,5.443%,AMAZONAS,RODRIGUEZ DE MENDOZA,MILPUCC
UNION POR EL PERU,1,0.147%,0.107%,AMAZONAS,RODRIGUEZ DE MENDOZA,MILPUCC
RENOVACION POPULAR,58,8.504%,6.190%,AMAZONAS,RODRIGUEZ DE MENDOZA,MILPUCC
RENACIMIENTO UNIDO NACIONAL,5,0.733%,0.534%,AMAZONAS,RODRIGUEZ DE MENDOZA,MILPUCC
PARTIDO DEMOCRATICO SOMOS PERU,23,3.372%,2.455%,AMAZONAS,RODRIGUEZ DE MENDOZA,MILPUCC
PARTIDO POLITICO NACIONAL PERU LIBRE,82,12.023%,8.751%,AMAZONAS,RODRIGUEZ DE MENDOZA,MILPUCC
DEMOCRACIA DIRECTA,1,0.147%,0.107%,AMAZONAS,RODRIGUEZ DE MENDOZA,MILPUCC
ALIANZA PARA EL PROGRESO,39,5.718%,4.162%,AMAZONAS,RODRIGUEZ DE MENDOZA,MILPUCC
PARTIDO NACIONALISTA PERUANO,22,2.799%,2.081%,AMAZONAS,RODRIGUEZ DE MENDOZA,OMIA
"EL FRENTE AMPLIO POR JUSTICIA, VIDA Y LIBERTAD",11,1.399%,1.041%,AMAZONAS,RODRIGUEZ DE MENDOZA,OMIA
PARTIDO MORADO,18,2.290%,1.703%,AMAZONAS,RODRIGUEZ DE MENDOZA,OMIA
PERU PATRIA SEGURA,2,0.254%,0.189%,AMAZONAS,RODRIGUEZ DE MENDOZA,OMIA
VICTORIA NACIONAL,36,4.580%,3.406%,AMAZONAS,RODRIGUEZ DE MENDOZA,OMIA
ACCION POPULAR,284,36.132%,26.868%,AMAZONAS,RODRIGUEZ DE MENDOZA,OMIA
AVANZA PAIS - PARTIDO DE INTEGRACION SOCIAL,68,8.651%,6.433%,AMAZONAS,RODRIGUEZ DE MENDOZA,OMIA
PODEMOS PERU,6,0.763%,0.568%,AMAZONAS,RODRIGUEZ DE MENDOZA,OMIA
JUNTOS POR EL PERU,58,7.379%,5.487%,AMAZONAS,RODRIGUEZ DE MENDOZA,OMIA
PARTIDO POPULAR CRISTIANO - PPC,2,0.254%,0.189%,AMAZONAS,RODRIGUEZ DE MENDOZA,OMIA
FUERZA POPULAR,81,10.305%,7.663%,AMAZONAS,RODRIGUEZ DE MENDOZA,OMIA
UNION POR EL PERU,4,0.509%,0.378%,AMAZONAS,RODRIGUEZ DE MENDOZA,OMIA
RENOVACION POPULAR,38,4.835%,3.595%,AMAZONAS,RODRIGUEZ DE MENDOZA,OMIA
RENACIMIENTO UNIDO NACIONAL,1,0.127%,0.095%,AMAZONAS,RODRIGUEZ DE MENDOZA,OMIA
PARTIDO DEMOCRATICO SOMOS PERU,33,4.198%,3.122%,AMAZONAS,RODRIGUEZ DE MENDOZA,OMIA
PARTIDO POLITICO NACIONAL PERU LIBRE,73,9.288%,6.906%,AMAZONAS,RODRIGUEZ DE MENDOZA,OMIA
DEMOCRACIA DIRECTA,1,0.127%,0.095%,AMAZONAS,RODRIGUEZ DE MENDOZA,OMIA
ALIANZA PARA EL PROGRESO,48,6.107%,4.541%,AMAZONAS,RODRIGUEZ DE MENDOZA,OMIA
PARTIDO NACIONALISTA PERUANO,13,5.652%,3.988%,AMAZONAS,RODRIGUEZ DE MENDOZA,SAN NICOLAS
"EL FRENTE AMPLIO POR JUSTICIA, VIDA Y LIBERTAD",1,0.435%,0.307%,AMAZONAS,RODRIGUEZ DE MENDOZA,SAN NICOLAS
PARTIDO MORADO,5,2.174%,1.534%,AMAZONAS,RODRIGUEZ DE MENDOZA,SAN NICOLAS
PERU PATRIA SEGURA,1,0.435%,0.307%,AMAZONAS,RODRIGUEZ DE MENDOZA,SAN NICOLAS
VICTORIA NACIONAL,24,10.435%,7.362%,AMAZONAS,RODRIGUEZ DE MENDOZA,SAN NICOLAS
ACCION POPULAR,88,38.261%,26.994%,AMAZONAS,RODRIGUEZ DE MENDOZA,SAN NICOLAS
AVANZA PAIS - PARTIDO DE INTEGRACION SOCIAL,9,3.913%,2.761%,AMAZONAS,RODRIGUEZ DE MENDOZA,SAN NICOLAS
PODEMOS PERU,4,1.739%,1.227%,AMAZONAS,RODRIGUEZ DE MENDOZA,SAN NICOLAS
JUNTOS POR EL PERU,18,7.826%,5.521%,AMAZONAS,RODRIGUEZ DE MENDOZA,SAN NICOLAS
PARTIDO POPULAR CRISTIANO - PPC,0,0.000%,0.000%,AMAZONAS,RODRIGUEZ DE MENDOZA,SAN NICOLAS
FUERZA POPULAR,13,5.652%,3.988%,AMAZONAS,RODRIGUEZ DE MENDOZA,SAN NICOLAS
UNION POR EL PERU,2,0.870%,0.613%,AMAZONAS,RODRIGUEZ DE MENDOZA,SAN NICOLAS
RENOVACION POPULAR,16,6.957%,4.908%,AMAZONAS,RODRIGUEZ DE MENDOZA,SAN NICOLAS
RENACIMIENTO UNIDO NACIONAL,3,1.304%,0.920%,AMAZONAS,RODRIGUEZ DE MENDOZA,SAN NICOLAS
PARTIDO DEMOCRATICO SOMOS PERU,15,6.522%,4.601%,AMAZONAS,RODRIGUEZ DE MENDOZA,SAN NICOLAS
PARTIDO POLITICO NACIONAL PERU LIBRE,11,4.783%,3.374%,AMAZONAS,RODRIGUEZ DE MENDOZA,SAN NICOLAS
DEMOCRACIA DIRECTA,0,0.000%,0.000%,AMAZONAS,RODRIGUEZ DE MENDOZA,SAN NICOLAS
ALIANZA PARA EL PROGRESO,7,3.043%,2.147%,AMAZONAS,RODRIGUEZ DE MENDOZA,SAN NICOLAS
PARTIDO NACIONALISTA PERUANO,176,7.082%,4.878%,AMAZONAS,RODRIGUEZ DE MENDOZA,SANTA ROSA
"EL FRENTE AMPLIO POR JUSTICIA, VIDA Y LIBERTAD",58,2.334%,1.608%,AMAZONAS,RODRIGUEZ DE MENDOZA,SANTA ROSA
PARTIDO MORADO,30,1.207%,0.831%,AMAZONAS,RODRIGUEZ DE MENDOZA,SANTA ROSA
PERU PATRIA SEGURA,6,0.241%,0.166%,AMAZONAS,RODRIGUEZ DE MENDOZA,SANTA ROSA
VICTORIA NACIONAL,118,4.748%,3.271%,AMAZONAS,RODRIGUEZ DE MENDOZA,SANTA ROSA
ACCION POPULAR,403,16.217%,11.170%,AMAZONAS,RODRIGUEZ DE MENDOZA,SANTA ROSA
AVANZA PAIS - PARTIDO DE INTEGRACION SOCIAL,63,2.535%,1.746%,AMAZONAS,RODRIGUEZ DE MENDOZA,SANTA ROSA
PODEMOS PERU,30,1.207%,0.831%,AMAZONAS,RODRIGUEZ DE MENDOZA,SANTA ROSA
JUNTOS POR EL PERU,236,9.497%,6.541%,AMAZONAS,RODRIGUEZ DE MENDOZA,SANTA ROSA
PARTIDO POPULAR CRISTIANO - PPC,4,0.161%,0.111%,AMAZONAS,RODRIGUEZ DE MENDOZA,SANTA ROSA
FUERZA POPULAR,261,10.503%,7.234%,AMAZONAS,RODRIGUEZ DE MENDOZA,SANTA ROSA
UNION POR EL PERU,19,0.765%,0.527%,AMAZONAS,RODRIGUEZ DE MENDOZA,SANTA ROSA
RENOVACION POPULAR,98,3.944%,2.716%,AMAZONAS,RODRIGUEZ DE MENDOZA,SANTA ROSA
RENACIMIENTO UNIDO NACIONAL,10,0.402%,0.277%,AMAZONAS,RODRIGUEZ DE MENDOZA,SANTA ROSA
PARTIDO DEMOCRATICO SOMOS PERU,168,6.761%,4.656%,AMAZONAS,RODRIGUEZ DE MENDOZA,SANTA ROSA
PARTIDO POLITICO NACIONAL PERU LIBRE,593,23.863%,16.436%,AMAZONAS,RODRIGUEZ DE MENDOZA,SANTA ROSA
DEMOCRACIA DIRECTA,5,0.201%,0.139%,AMAZONAS,RODRIGUEZ DE MENDOZA,SANTA ROSA
ALIANZA PARA EL PROGRESO,207,8.330%,5.737%,AMAZONAS,RODRIGUEZ DE MENDOZA,SANTA ROSA
PARTIDO NACIONALISTA PERUANO,36,2.059%,1.491%,AMAZONAS,RODRIGUEZ DE MENDOZA,TOTORA
"EL FRENTE AMPLIO POR JUSTICIA, VIDA Y LIBERTAD",12,0.686%,0.497%,AMAZONAS,RODRIGUEZ DE MENDOZA,TOTORA
PARTIDO MORADO,24,1.373%,0.994%,AMAZONAS,RODRIGUEZ DE MENDOZA,TOTORA
PERU PATRIA SEGURA,3,0.172%,0.124%,AMAZONAS,RODRIGUEZ DE MENDOZA,TOTORA
VICTORIA NACIONAL,120,6.865%,4.969%,AMAZONAS,RODRIGUEZ DE MENDOZA,TOTORA
ACCION POPULAR,392,22.426%,16.232%,AMAZONAS,RODRIGUEZ DE MENDOZA,TOTORA
AVANZA PAIS - PARTIDO DE INTEGRACION SOCIAL,146,8.352%,6.046%,AMAZONAS,RODRIGUEZ DE MENDOZA,TOTORA
PODEMOS PERU,26,1.487%,1.077%,AMAZONAS,RODRIGUEZ DE MENDOZA,TOTORA
JUNTOS POR EL PERU,131,7.494%,5.424%,AMAZONAS,RODRIGUEZ DE MENDOZA,TOTORA
PARTIDO POPULAR CRISTIANO - PPC,9,0.515%,0.373%,AMAZONAS,RODRIGUEZ DE MENDOZA,TOTORA
FUERZA POPULAR,142,8.124%,5.880%,AMAZONAS,RODRIGUEZ DE MENDOZA,TOTORA
UNION POR EL PERU,16,0.915%,0.663%,AMAZONAS,RODRIGUEZ DE MENDOZA,TOTORA
RENOVACION POPULAR,141,8.066%,5.839%,AMAZONAS,RODRIGUEZ DE MENDOZA,TOTORA
RENACIMIENTO UNIDO NACIONAL,4,0.229%,0.166%,AMAZONAS,RODRIGUEZ DE MENDOZA,TOTORA
PARTIDO DEMOCRATICO SOMOS PERU,134,7.666%,5.549%,AMAZONAS,RODRIGUEZ DE MENDOZA,TOTORA
PARTIDO POLITICO NACIONAL PERU LIBRE,214,12.243%,8.861%,AMAZONAS,RODRIGUEZ DE MENDOZA,TOTORA
DEMOCRACIA DIRECTA,4,0.229%,0.166%,AMAZONAS,RODRIGUEZ DE MENDOZA,TOTORA
ALIANZA PARA EL PROGRESO,194,11.098%,8.033%,AMAZONAS,RODRIGUEZ DE MENDOZA,TOTORA
PARTIDO NACIONALISTA PERUANO,48,20.339%,14.724%,AMAZONAS,RODRIGUEZ DE MENDOZA,VISTA ALEGRE
"EL FRENTE AMPLIO POR JUSTICIA, VIDA Y LIBERTAD",6,2.542%,1.840%,AMAZONAS,RODRIGUEZ DE MENDOZA,VISTA ALEGRE
PARTIDO MORADO,4,1.695%,1.227%,AMAZONAS,RODRIGUEZ DE MENDOZA,VISTA ALEGRE
PERU PATRIA SEGURA,0,0.000%,0.000%,AMAZONAS,RODRIGUEZ DE MENDOZA,VISTA ALEGRE
VICTORIA NACIONAL,18,7.627%,5.521%,AMAZONAS,RODRIGUEZ DE MENDOZA,VISTA ALEGRE
ACCION POPULAR,63,26.695%,19.325%,AMAZONAS,RODRIGUEZ DE MENDOZA,VISTA ALEGRE
AVANZA PAIS - PARTIDO DE INTEGRACION SOCIAL,16,6.780%,4.908%,AMAZONAS,RODRIGUEZ DE MENDOZA,VISTA ALEGRE
PODEMOS PERU,1,0.424%,0.307%,AMAZONAS,RODRIGUEZ DE MENDOZA,VISTA ALEGRE
JUNTOS POR EL PERU,18,7.627%,5.521%,AMAZONAS,RODRIGUEZ DE MENDOZA,VISTA ALEGRE
PARTIDO POPULAR CRISTIANO - PPC,0,0.000%,0.000%,AMAZONAS,RODRIGUEZ DE MENDOZA,VISTA ALEGRE
FUERZA POPULAR,12,5.085%,3.681%,AMAZONAS,RODRIGUEZ DE MENDOZA,VISTA ALEGRE
UNION POR EL PERU,2,0.847%,0.613%,AMAZONAS,RODRIGUEZ DE MENDOZA,VISTA ALEGRE
RENOVACION POPULAR,7,2.966%,2.147%,AMAZONAS,RODRIGUEZ DE MENDOZA,VISTA ALEGRE
RENACIMIENTO UNIDO NACIONAL,1,0.424%,0.307%,AMAZONAS,RODRIGUEZ DE MENDOZA,VISTA ALEGRE
PARTIDO DEMOCRATICO SOMOS PERU,11,4.661%,3.374%,AMAZONAS,RODRIGUEZ DE MENDOZA,VISTA ALEGRE
PARTIDO POLITICO NACIONAL PERU LIBRE,10,4.237%,3.067%,AMAZONAS,RODRIGUEZ DE MENDOZA,VISTA ALEGRE
DEMOCRACIA DIRECTA,0,0.000%,0.000%,AMAZONAS,RODRIGUEZ DE MENDOZA,VISTA ALEGRE
ALIANZA PARA EL PROGRESO,19,8.051%,5.828%,AMAZONAS,RODRIGUEZ DE MENDOZA,VISTA ALEGRE
PARTIDO NACIONALISTA PERUANO,1519,16.066%,11.360%,AMAZONAS,UTCUBAMBA,CUMBA
"EL FRENTE AMPLIO POR JUSTICIA, VIDA Y LIBERTAD",146,1.544%,1.092%,AMAZONAS,UTCUBAMBA,CUMBA
PARTIDO MORADO,74,0.783%,0.553%,AMAZONAS,UTCUBAMBA,CUMBA
PERU PATRIA SEGURA,18,0.190%,0.135%,AMAZONAS,UTCUBAMBA,CUMBA
VICTORIA NACIONAL,115,1.216%,0.860%,AMAZONAS,UTCUBAMBA,CUMBA
ACCION POPULAR,569,6.018%,4.255%,AMAZONAS,UTCUBAMBA,CUMBA
AVANZA PAIS - PARTIDO DE INTEGRACION SOCIAL,132,1.396%,0.987%,AMAZONAS,UTCUBAMBA,CUMBA
PODEMOS PERU,106,1.121%,0.793%,AMAZONAS,UTCUBAMBA,CUMBA
JUNTOS POR EL PERU,476,5.034%,3.560%,AMAZONAS,UTCUBAMBA,CUMBA
PARTIDO POPULAR CRISTIANO - PPC,40,0.423%,0.299%,AMAZONAS,UTCUBAMBA,CUMBA
FUERZA POPULAR,1268,13.411%,9.483%,AMAZONAS,UTCUBAMBA,CUMBA
UNION POR EL PERU,97,1.026%,0.725%,AMAZONAS,UTCUBAMBA,CUMBA
RENOVACION POPULAR,504,5.331%,3.769%,AMAZONAS,UTCUBAMBA,CUMBA
RENACIMIENTO UNIDO NACIONAL,66,0.698%,0.494%,AMAZONAS,UTCUBAMBA,CUMBA
PARTIDO DEMOCRATICO SOMOS PERU,63,0.666%,0.471%,AMAZONAS,UTCUBAMBA,CUMBA
PARTIDO POLITICO NACIONAL PERU LIBRE,3366,35.600%,25.174%,AMAZONAS,UTCUBAMBA,CUMBA
DEMOCRACIA DIRECTA,5,0.053%,0.037%,AMAZONAS,UTCUBAMBA,CUMBA
ALIANZA PARA EL PROGRESO,891,9.424%,6.664%,AMAZONAS,UTCUBAMBA,CUMBA
PARTIDO NACIONALISTA PERUANO,1519,16.066%,11.360%,AMAZONAS,UTCUBAMBA,EL MILAGRO
"EL FRENTE AMPLIO POR JUSTICIA, VIDA Y LIBERTAD",146,1.544%,1.092%,AMAZONAS,UTCUBAMBA,EL MILAGRO
PARTIDO MORADO,74,0.783%,0.553%,AMAZONAS,UTCUBAMBA,EL MILAGRO
PERU PATRIA SEGURA,18,0.190%,0.135%,AMAZONAS,UTCUBAMBA,EL MILAGRO
VICTORIA NACIONAL,115,1.216%,0.860%,AMAZONAS,UTCUBAMBA,EL MILAGRO
ACCION POPULAR,569,6.018%,4.255%,AMAZONAS,UTCUBAMBA,EL MILAGRO
AVANZA PAIS - PARTIDO DE INTEGRACION SOCIAL,132,1.396%,0.987%,AMAZONAS,UTCUBAMBA,EL MILAGRO
PODEMOS PERU,106,1.121%,0.793%,AMAZONAS,UTCUBAMBA,EL MILAGRO
JUNTOS POR EL PERU,476,5.034%,3.560%,AMAZONAS,UTCUBAMBA,EL MILAGRO
PARTIDO POPULAR CRISTIANO - PPC,40,0.423%,0.299%,AMAZONAS,UTCUBAMBA,EL MILAGRO
FUERZA POPULAR,1268,13.411%,9.483%,AMAZONAS,UTCUBAMBA,EL MILAGRO
UNION POR EL PERU,97,1.026%,0.725%,AMAZONAS,UTCUBAMBA,EL MILAGRO
RENOVACION POPULAR,504,5.331%,3.769%,AMAZONAS,UTCUBAMBA,EL MILAGRO
RENACIMIENTO UNIDO NACIONAL,66,0.698%,0.494%,AMAZONAS,UTCUBAMBA,EL MILAGRO
PARTIDO DEMOCRATICO SOMOS PERU,63,0.666%,0.471%,AMAZONAS,UTCUBAMBA,EL MILAGRO
PARTIDO POLITICO NACIONAL PERU LIBRE,3366,35.600%,25.174%,AMAZONAS,UTCUBAMBA,EL MILAGRO
DEMOCRACIA DIRECTA,5,0.053%,0.037%,AMAZONAS,UTCUBAMBA,EL MILAGRO
ALIANZA PARA EL PROGRESO,891,9.424%,6.664%,AMAZONAS,UTCUBAMBA,EL MILAGRO
PARTIDO NACIONALISTA PERUANO,273,9.401%,6.094%,AMAZONAS,UTCUBAMBA,JAMALCA
"EL FRENTE AMPLIO POR JUSTICIA, VIDA Y LIBERTAD",13,0.448%,0.290%,AMAZONAS,UTCUBAMBA,JAMALCA
PARTIDO MORADO,36,1.240%,0.804%,AMAZONAS,UTCUBAMBA,JAMALCA
PERU PATRIA SEGURA,2,0.069%,0.045%,AMAZONAS,UTCUBAMBA,JAMALCA
VICTORIA NACIONAL,96,3.306%,2.143%,AMAZONAS,UTCUBAMBA,JAMALCA
ACCION POPULAR,373,12.844%,8.326%,AMAZONAS,UTCUBAMBA,JAMALCA
AVANZA PAIS - PARTIDO DE INTEGRACION SOCIAL,78,2.686%,1.741%,AMAZONAS,UTCUBAMBA,JAMALCA
PODEMOS PERU,63,2.169%,1.406%,AMAZONAS,UTCUBAMBA,JAMALCA
JUNTOS POR EL PERU,133,4.580%,2.969%,AMAZONAS,UTCUBAMBA,JAMALCA
PARTIDO POPULAR CRISTIANO - PPC,2,0.069%,0.045%,AMAZONAS,UTCUBAMBA,JAMALCA
FUERZA POPULAR,576,19.835%,12.857%,AMAZONAS,UTCUBAMBA,JAMALCA
UNION POR EL PERU,47,1.618%,1.049%,AMAZONAS,UTCUBAMBA,JAMALCA
RENOVACION POPULAR,196,6.749%,4.375%,AMAZONAS,UTCUBAMBA,JAMALCA
RENACIMIENTO UNIDO NACIONAL,18,0.620%,0.402%,AMAZONAS,UTCUBAMBA,JAMALCA
PARTIDO DEMOCRATICO SOMOS PERU,43,1.481%,0.960%,AMAZONAS,UTCUBAMBA,JAMALCA
PARTIDO POLITICO NACIONAL PERU LIBRE,709,24.415%,15.826%,AMAZONAS,UTCUBAMBA,JAMALCA
DEMOCRACIA DIRECTA,9,0.310%,0.201%,AMAZONAS,UTCUBAMBA,JAMALCA
ALIANZA PARA EL PROGRESO,237,8.161%,5.290%,AMAZONAS,UTCUBAMBA,JAMALCA
PARTIDO NACIONALISTA PERUANO,232,12.466%,8.109%,AMAZONAS,UTCUBAMBA,LONYA GRANDE
"EL FRENTE AMPLIO POR JUSTICIA, VIDA Y LIBERTAD",8,0.430%,0.280%,AMAZONAS,UTCUBAMBA,LONYA GRANDE
PARTIDO MORADO,18,0.967%,0.629%,AMAZONAS,UTCUBAMBA,LONYA GRANDE
PERU PATRIA SEGURA,3,0.161%,0.105%,AMAZONAS,UTCUBAMBA,LONYA GRANDE
VICTORIA NACIONAL,72,3.869%,2.517%,AMAZONAS,UTCUBAMBA,LONYA GRANDE
ACCION POPULAR,134,7.200%,4.684%,AMAZONAS,UTCUBAMBA,LONYA GRANDE
AVANZA PAIS - PARTIDO DE INTEGRACION SOCIAL,21,1.128%,0.734%,AMAZONAS,UTCUBAMBA,LONYA GRANDE
PODEMOS PERU,59,3.170%,2.062%,AMAZONAS,UTCUBAMBA,LONYA GRANDE
JUNTOS POR EL PERU,55,2.955%,1.922%,AMAZONAS,UTCUBAMBA,LONYA GRANDE
PARTIDO POPULAR CRISTIANO - PPC,6,0.322%,0.210%,AMAZONAS,UTCUBAMBA,LONYA GRANDE
FUERZA POPULAR,475,25.524%,16.603%,AMAZONAS,UTCUBAMBA,LONYA GRANDE
UNION POR EL PERU,46,2.472%,1.608%,AMAZONAS,UTCUBAMBA,LONYA GRANDE
RENOVACION POPULAR,110,5.911%,3.845%,AMAZONAS,UTCUBAMBA,LONYA GRANDE
RENACIMIENTO UNIDO NACIONAL,8,0.430%,0.280%,AMAZONAS,UTCUBAMBA,LONYA GRANDE
PARTIDO DEMOCRATICO SOMOS PERU,17,0.913%,0.594%,AMAZONAS,UTCUBAMBA,LONYA GRANDE
PARTIDO POLITICO NACIONAL PERU LIBRE,419,22.515%,14.645%,AMAZONAS,UTCUBAMBA,LONYA GRANDE
DEMOCRACIA DIRECTA,5,0.269%,0.175%,AMAZONAS,UTCUBAMBA,LONYA GRANDE
ALIANZA PARA EL PROGRESO,173,9.296%,6.047%,AMAZONAS,UTCUBAMBA,LONYA GRANDE
PARTIDO NACIONALISTA PERUANO,148,6.360%,4.343%,AMAZONAS,UTCUBAMBA,YAMON
"EL FRENTE AMPLIO POR JUSTICIA, VIDA Y LIBERTAD",16,0.688%,0.469%,AMAZONAS,UTCUBAMBA,YAMON
PARTIDO MORADO,28,1.203%,0.822%,AMAZONAS,UTCUBAMBA,YAMON
PERU PATRIA SEGURA,5,0.215%,0.147%,AMAZONAS,UTCUBAMBA,YAMON
VICTORIA NACIONAL,43,1.848%,1.262%,AMAZONAS,UTCUBAMBA,YAMON
ACCION POPULAR,194,8.337%,5.692%,AMAZONAS,UTCUBAMBA,YAMON
AVANZA PAIS - PARTIDO DE INTEGRACION SOCIAL,47,2.020%,1.379%,AMAZONAS,UTCUBAMBA,YAMON
PODEMOS PERU,35,1.504%,1.027%,AMAZONAS,UTCUBAMBA,YAMON
JUNTOS POR EL PERU,136,5.844%,3.991%,AMAZONAS,UTCUBAMBA,YAMON
PARTIDO POPULAR CRISTIANO - PPC,2,0.086%,0.059%,AMAZONAS,UTCUBAMBA,YAMON
FUERZA POPULAR,322,13.838%,9.448%,AMAZONAS,UTCUBAMBA,YAMON
UNION POR EL PERU,212,9.110%,6.221%,AMAZONAS,UTCUBAMBA,YAMON
RENOVACION POPULAR,68,2.922%,1.995%,AMAZONAS,UTCUBAMBA,YAMON
RENACIMIENTO UNIDO NACIONAL,9,0.387%,0.264%,AMAZONAS,UTCUBAMBA,YAMON
PARTIDO DEMOCRATICO SOMOS PERU,23,0.988%,0.675%,AMAZONAS,UTCUBAMBA,YAMON
PARTIDO POLITICO NACIONAL PERU LIBRE,862,37.043%,25.293%,AMAZONAS,UTCUBAMBA,YAMON
DEMOCRACIA DIRECTA,2,0.086%,0.059%,AMAZONAS,UTCUBAMBA,YAMON
ALIANZA PARA EL PROGRESO,175,7.520%,5.135%,AMAZONAS,UTCUBAMBA,YAMON
PARTIDO NACIONALISTA PERUANO,7,0.894%,0.741%,ANCASH,AIJA,SUCCHA
"EL FRENTE AMPLIO POR JUSTICIA, VIDA Y LIBERTAD",4,0.511%,0.423%,ANCASH,AIJA,SUCCHA
PARTIDO MORADO,23,2.937%,2.434%,ANCASH,AIJA,SUCCHA
PERU PATRIA SEGURA,2,0.255%,0.212%,ANCASH,AIJA,SUCCHA
VICTORIA NACIONAL,36,4.598%,3.810%,ANCASH,AIJA,SUCCHA
ACCION POPULAR,86,10.983%,9.101%,ANCASH,AIJA,SUCCHA
AVANZA PAIS - PARTIDO DE INTEGRACION SOCIAL,21,2.682%,2.222%,ANCASH,AIJA,SUCCHA
PODEMOS PERU,15,1.916%,1.587%,ANCASH,AIJA,SUCCHA
JUNTOS POR EL PERU,126,16.092%,13.333%,ANCASH,AIJA,SUCCHA
PARTIDO POPULAR CRISTIANO - PPC,3,0.383%,0.317%,ANCASH,AIJA,SUCCHA
FUERZA POPULAR,102,13.027%,10.794%,ANCASH,AIJA,SUCCHA
UNION POR EL PERU,6,0.766%,0.635%,ANCASH,AIJA,SUCCHA
RENOVACION POPULAR,20,2.554%,2.116%,ANCASH,AIJA,SUCCHA
RENACIMIENTO UNIDO NACIONAL,2,0.255%,0.212%,ANCASH,AIJA,SUCCHA
PARTIDO DEMOCRATICO SOMOS PERU,8,1.022%,0.847%,ANCASH,AIJA,SUCCHA
PARTIDO POLITICO NACIONAL PERU LIBRE,291,37.165%,30.794%,ANCASH,AIJA,SUCCHA
DEMOCRACIA DIRECTA,4,0.511%,0.423%,ANCASH,AIJA,SUCCHA
ALIANZA PARA EL PROGRESO,27,3.448%,2.857%,ANCASH,AIJA,SUCCHA
PARTIDO NACIONALISTA PERUANO,24,3.550%,2.578%,ANCASH,ANTONIO RAIMONDI,MIRGAS
"EL FRENTE AMPLIO POR JUSTICIA, VIDA Y LIBERTAD",3,0.444%,0.322%,ANCASH,ANTONIO RAIMONDI,MIRGAS
PARTIDO MORADO,4,0.592%,0.430%,ANCASH,ANTONIO RAIMONDI,MIRGAS
PERU PATRIA SEGURA,2,0.296%,0.215%,ANCASH,ANTONIO RAIMONDI,MIRGAS
VICTORIA NACIONAL,12,1.775%,1.289%,ANCASH,ANTONIO RAIMONDI,MIRGAS
ACCION POPULAR,82,12.130%,8.808%,ANCASH,ANTONIO RAIMONDI,MIRGAS
AVANZA PAIS - PARTIDO DE INTEGRACION SOCIAL,11,1.627%,1.182%,ANCASH,ANTONIO RAIMONDI,MIRGAS
PODEMOS PERU,9,1.331%,0.967%,ANCASH,ANTONIO RAIMONDI,MIRGAS
JUNTOS POR EL PERU,141,20.858%,15.145%,ANCASH,ANTONIO RAIMONDI,MIRGAS
PARTIDO POPULAR CRISTIANO - PPC,3,0.444%,0.322%,ANCASH,ANTONIO RAIMONDI,MIRGAS
FUERZA POPULAR,42,6.213%,4.511%,ANCASH,ANTONIO RAIMONDI,MIRGAS
UNION POR EL PERU,7,1.036%,0.752%,ANCASH,ANTONIO RAIMONDI,MIRGAS
RENOVACION POPULAR,43,6.361%,4.619%,ANCASH,ANTONIO RAIMONDI,MIRGAS
RENACIMIENTO UNIDO NACIONAL,4,0.592%,0.430%,ANCASH,ANTONIO RAIMONDI,MIRGAS
PARTIDO DEMOCRATICO SOMOS PERU,36,5.325%,3.867%,ANCASH,ANTONIO RAIMONDI,MIRGAS
PARTIDO POLITICO NACIONAL PERU LIBRE,237,35.059%,25.456%,ANCASH,ANTONIO RAIMONDI,MIRGAS
DEMOCRACIA DIRECTA,2,0.296%,0.215%,ANCASH,ANTONIO RAIMONDI,MIRGAS
ALIANZA PARA EL PROGRESO,14,2.071%,1.504%,ANCASH,ANTONIO RAIMONDI,MIRGAS
PARTIDO NACIONALISTA PERUANO,14,1.102%,0.719%,ANCASH,ANTONIO RAIMONDI,SAN JUAN DE RONTOY
"EL FRENTE AMPLIO POR JUSTICIA, VIDA Y LIBERTAD",10,0.787%,0.514%,ANCASH,ANTONIO RAIMONDI,SAN JUAN DE RONTOY
PARTIDO MORADO,8,0.630%,0.411%,ANCASH,ANTONIO RAIMONDI,SAN JUAN DE RONTOY
PERU PATRIA SEGURA,6,0.472%,0.308%,ANCASH,ANTONIO RAIMONDI,SAN JUAN DE RONTOY
VICTORIA NACIONAL,14,1.102%,0.719%,ANCASH,ANTONIO RAIMONDI,SAN JUAN DE RONTOY
ACCION POPULAR,132,10.394%,6.780%,ANCASH,ANTONIO RAIMONDI,SAN JUAN DE RONTOY
AVANZA PAIS - PARTIDO DE INTEGRACION SOCIAL,18,1.417%,0.924%,ANCASH,ANTONIO RAIMONDI,SAN JUAN DE RONTOY
PODEMOS PERU,19,1.496%,0.976%,ANCASH,ANTONIO RAIMONDI,SAN JUAN DE RONTOY
JUNTOS POR EL PERU,242,19.055%,12.429%,ANCASH,ANTONIO RAIMONDI,SAN JUAN DE RONTOY
PARTIDO POPULAR CRISTIANO - PPC,5,0.394%,0.257%,ANCASH,ANTONIO RAIMONDI,SAN JUAN DE RONTOY
FUERZA POPULAR,59,4.646%,3.030%,ANCASH,ANTONIO RAIMONDI,SAN JUAN DE RONTOY
UNION POR EL PERU,12,0.945%,0.616%,ANCASH,ANTONIO RAIMONDI,SAN JUAN DE RONTOY
RENOVACION POPULAR,34,2.677%,1.746%,ANCASH,ANTONIO RAIMONDI,SAN JUAN DE RONTOY
RENACIMIENTO UNIDO NACIONAL,8,0.630%,0.411%,ANCASH,ANTONIO RAIMONDI,SAN JUAN DE RONTOY
PARTIDO DEMOCRATICO SOMOS PERU,85,6.693%,4.366%,ANCASH,ANTONIO RAIMONDI,SAN JUAN DE RONTOY
PARTIDO POLITICO NACIONAL PERU LIBRE,577,45.433%,29.635%,ANCASH,ANTONIO RAIMONDI,SAN JUAN DE RONTOY
DEMOCRACIA DIRECTA,1,0.079%,0.051%,ANCASH,ANTONIO RAIMONDI,SAN JUAN DE RONTOY
ALIANZA PARA EL PROGRESO,26,2.047%,1.335%,ANCASH,ANTONIO RAIMONDI,SAN JUAN DE RONTOY
PARTIDO NACIONALISTA PERUANO,18,2.133%,1.549%,ANCASH,BOLOGNESI,CHIQUIAN
"EL FRENTE AMPLIO POR JUSTICIA, VIDA Y LIBERTAD",12,1.422%,1.033%,ANCASH,BOLOGNESI,CHIQUIAN
PARTIDO MORADO,11,1.303%,0.947%,ANCASH,BOLOGNESI,CHIQUIAN
PERU PATRIA SEGURA,2,0.237%,0.172%,ANCASH,BOLOGNESI,CHIQUIAN
VICTORIA NACIONAL,26,3.081%,2.238%,ANCASH,BOLOGNESI,CHIQUIAN
ACCION POPULAR,75,8.886%,6.454%,ANCASH,BOLOGNESI,CHIQUIAN
AVANZA PAIS - PARTIDO DE INTEGRACION SOCIAL,48,5.687%,4.131%,ANCASH,BOLOGNESI,CHIQUIAN
PODEMOS PERU,41,4.858%,3.528%,ANCASH,BOLOGNESI,CHIQUIAN
JUNTOS POR EL PERU,75,8.886%,6.454%,ANCASH,BOLOGNESI,CHIQUIAN
PARTIDO POPULAR CRISTIANO - PPC,3,0.355%,0.258%,ANCASH,BOLOGNESI,CHIQUIAN
FUERZA POPULAR,164,19.431%,14.114%,ANCASH,BOLOGNESI,CHIQUIAN
UNION POR EL PERU,8,0.948%,0.688%,ANCASH,BOLOGNESI,CHIQUIAN
RENOVACION POPULAR,50,5.924%,4.303%,ANCASH,BOLOGNESI,CHIQUIAN
RENACIMIENTO UNIDO NACIONAL,3,0.355%,0.258%,ANCASH,BOLOGNESI,CHIQUIAN
PARTIDO DEMOCRATICO SOMOS PERU,18,2.133%,1.549%,ANCASH,BOLOGNESI,CHIQUIAN
PARTIDO POLITICO NACIONAL PERU LIBRE,263,31.161%,22.633%,ANCASH,BOLOGNESI,CHIQUIAN
DEMOCRACIA DIRECTA,2,0.237%,0.172%,ANCASH,BOLOGNESI,CHIQUIAN
ALIANZA PARA EL PROGRESO,25,2.962%,2.151%,ANCASH,BOLOGNESI,CHIQUIAN
PARTIDO NACIONALISTA PERUANO,5,4.673%,4.032%,ANCASH,BOLOGNESI,COLQUIOC
"EL FRENTE AMPLIO POR JUSTICIA, VIDA Y LIBERTAD",0,0.000%,0.000%,ANCASH,BOLOGNESI,COLQUIOC
PARTIDO MORADO,0,0.000%,0.000%,ANCASH,BOLOGNESI,COLQUIOC
PERU PATRIA SEGURA,0,0.000%,0.000%,ANCASH,BOLOGNESI,COLQUIOC
VICTORIA NACIONAL,4,3.738%,3.226%,ANCASH,BOLOGNESI,COLQUIOC
ACCION POPULAR,24,22.430%,19.355%,ANCASH,BOLOGNESI,COLQUIOC
AVANZA PAIS - PARTIDO DE INTEGRACION SOCIAL,3,2.804%,2.419%,ANCASH,BOLOGNESI,COLQUIOC
PODEMOS PERU,3,2.804%,2.419%,ANCASH,BOLOGNESI,COLQUIOC
JUNTOS POR EL PERU,42,39.252%,33.871%,ANCASH,BOLOGNESI,COLQUIOC
PARTIDO POPULAR CRISTIANO - PPC,0,0.000%,0.000%,ANCASH,BOLOGNESI,COLQUIOC
FUERZA POPULAR,8,7.477%,6.452%,ANCASH,BOLOGNESI,COLQUIOC
UNION POR EL PERU,0,0.000%,0.000%,ANCASH,BOLOGNESI,COLQUIOC
RENOVACION POPULAR,3,2.804%,2.419%,ANCASH,BOLOGNESI,COLQUIOC
RENACIMIENTO UNIDO NACIONAL,1,0.935%,0.806%,ANCASH,BOLOGNESI,COLQUIOC
PARTIDO DEMOCRATICO SOMOS PERU,1,0.935%,0.806%,ANCASH,BOLOGNESI,COLQUIOC
PARTIDO POLITICO NACIONAL PERU LIBRE,11,10.280%,8.871%,ANCASH,BOLOGNESI,COLQUIOC
DEMOCRACIA DIRECTA,0,0.000%,0.000%,ANCASH,BOLOGNESI,COLQUIOC
ALIANZA PARA EL PROGRESO,2,1.869%,1.613%,ANCASH,BOLOGNESI,COLQUIOC
PARTIDO NACIONALISTA PERUANO,47,3.379%,2.617%,ANCASH,BOLOGNESI,HUALLANCA
"EL FRENTE AMPLIO POR JUSTICIA, VIDA Y LIBERTAD",13,0.935%,0.724%,ANCASH,BOLOGNESI,HUALLANCA
PARTIDO MORADO,34,2.444%,1.893%,ANCASH,BOLOGNESI,HUALLANCA
PERU PATRIA SEGURA,2,0.144%,0.111%,ANCASH,BOLOGNESI,HUALLANCA
VICTORIA NACIONAL,51,3.666%,2.840%,ANCASH,BOLOGNESI,HUALLANCA
ACCION POPULAR,124,8.914%,6.904%,ANCASH,BOLOGNESI,HUALLANCA
AVANZA PAIS - PARTIDO DE INTEGRACION SOCIAL,74,5.320%,4.120%,ANCASH,BOLOGNESI,HUALLANCA
PODEMOS PERU,30,2.157%,1.670%,ANCASH,BOLOGNESI,HUALLANCA
JUNTOS POR EL PERU,216,15.528%,12.027%,ANCASH,BOLOGNESI,HUALLANCA
PARTIDO POPULAR CRISTIANO - PPC,6,0.431%,0.334%,ANCASH,BOLOGNESI,HUALLANCA
FUERZA POPULAR,121,8.699%,6.737%,ANCASH,BOLOGNESI,HUALLANCA
UNION POR EL PERU,2,0.144%,0.111%,ANCASH,BOLOGNESI,HUALLANCA
RENOVACION POPULAR,76,5.464%,4.232%,ANCASH,BOLOGNESI,HUALLANCA
RENACIMIENTO UNIDO NACIONAL,10,0.719%,0.557%,ANCASH,BOLOGNESI,HUALLANCA
PARTIDO DEMOCRATICO SOMOS PERU,30,2.157%,1.670%,ANCASH,BOLOGNESI,HUALLANCA
PARTIDO POLITICO NACIONAL PERU LIBRE,497,35.730%,27.673%,ANCASH,BOLOGNESI,HUALLANCA
DEMOCRACIA DIRECTA,2,0.144%,0.111%,ANCASH,BOLOGNESI,HUALLANCA
ALIANZA PARA EL PROGRESO,56,4.026%,3.118%,ANCASH,BOLOGNESI,HUALLANCA
PARTIDO NACIONALISTA PERUANO,11,1.207%,0.986%,ANCASH,BOLOGNESI,HUASTA
"EL FRENTE AMPLIO POR JUSTICIA, VIDA Y LIBERTAD",6,0.659%,0.538%,ANCASH,BOLOGNESI,HUASTA
PARTIDO MORADO,15,1.647%,1.344%,ANCASH,BOLOGNESI,HUASTA
PERU PATRIA SEGURA,4,0.439%,0.358%,ANCASH,BOLOGNESI,HUASTA
VICTORIA NACIONAL,36,3.952%,3.226%,ANCASH,BOLOGNESI,HUASTA
ACCION POPULAR,58,6.367%,5.197%,ANCASH,BOLOGNESI,HUASTA
AVANZA PAIS - PARTIDO DE INTEGRACION SOCIAL,88,9.660%,7.885%,ANCASH,BOLOGNESI,HUASTA
PODEMOS PERU,39,4.281%,3.495%,ANCASH,BOLOGNESI,HUASTA
JUNTOS POR EL PERU,84,9.221%,7.527%,ANCASH,BOLOGNESI,HUASTA
PARTIDO POPULAR CRISTIANO - PPC,2,0.220%,0.179%,ANCASH,BOLOGNESI,HUASTA
FUERZA POPULAR,207,22.722%,18.548%,ANCASH,BOLOGNESI,HUASTA
UNION POR EL PERU,6,0.659%,0.538%,ANCASH,BOLOGNESI,HUASTA
RENOVACION POPULAR,118,12.953%,10.573%,ANCASH,BOLOGNESI,HUASTA
RENACIMIENTO UNIDO NACIONAL,1,0.110%,0.090%,ANCASH,BOLOGNESI,HUASTA
PARTIDO DEMOCRATICO SOMOS PERU,18,1.976%,1.613%,ANCASH,BOLOGNESI,HUASTA
PARTIDO POLITICO NACIONAL PERU LIBRE,184,20.198%,16.487%,ANCASH,BOLOGNESI,HUASTA
DEMOCRACIA DIRECTA,1,0.110%,0.090%,ANCASH,BOLOGNESI,HUASTA
ALIANZA PARA EL PROGRESO,33,3.622%,2.957%,ANCASH,BOLOGNESI,HUASTA
PARTIDO NACIONALISTA PERUANO,28,1.297%,0.912%,ANCASH,BOLOGNESI,HUAYLLACAYAN
"EL FRENTE AMPLIO POR JUSTICIA, VIDA Y LIBERTAD",10,0.463%,0.326%,ANCASH,BOLOGNESI,HUAYLLACAYAN
PARTIDO MORADO,18,0.834%,0.586%,ANCASH,BOLOGNESI,HUAYLLACAYAN
PERU PATRIA SEGURA,7,0.324%,0.228%,ANCASH,BOLOGNESI,HUAYLLACAYAN
VICTORIA NACIONAL,62,2.873%,2.020%,ANCASH,BOLOGNESI,HUAYLLACAYAN
ACCION POPULAR,188,8.712%,6.124%,ANCASH,BOLOGNESI,HUAYLLACAYAN
AVANZA PAIS - PARTIDO DE INTEGRACION SOCIAL,137,6.348%,4.463%,ANCASH,BOLOGNESI,HUAYLLACAYAN
PODEMOS PERU,64,2.966%,2.085%,ANCASH,BOLOGNESI,HUAYLLACAYAN
JUNTOS POR EL PERU,175,8.109%,5.700%,ANCASH,BOLOGNESI,HUAYLLACAYAN
PARTIDO POPULAR CRISTIANO - PPC,5,0.232%,0.163%,ANCASH,BOLOGNESI,HUAYLLACAYAN
FUERZA POPULAR,326,15.107%,10.619%,ANCASH,BOLOGNESI,HUAYLLACAYAN
UNION POR EL PERU,10,0.463%,0.326%,ANCASH,BOLOGNESI,HUAYLLACAYAN
RENOVACION POPULAR,118,5.468%,3.844%,ANCASH,BOLOGNESI,HUAYLLACAYAN
RENACIMIENTO UNIDO NACIONAL,6,0.278%,0.195%,ANCASH,BOLOGNESI,HUAYLLACAYAN
PARTIDO DEMOCRATICO SOMOS PERU,141,6.534%,4.593%,ANCASH,BOLOGNESI,HUAYLLACAYAN
PARTIDO POLITICO NACIONAL PERU LIBRE,767,35.542%,24.984%,ANCASH,BOLOGNESI,HUAYLLACAYAN
DEMOCRACIA DIRECTA,2,0.093%,0.065%,ANCASH,BOLOGNESI,HUAYLLACAYAN
ALIANZA PARA EL PROGRESO,94,4.356%,3.062%,ANCASH,BOLOGNESI,HUAYLLACAYAN
PARTIDO NACIONALISTA PERUANO,8,1.735%,1.246%,ANCASH,BOLOGNESI,LA PRIMAVERA
"EL FRENTE AMPLIO POR JUSTICIA, VIDA Y LIBERTAD",2,0.434%,0.312%,ANCASH,BOLOGNESI,LA PRIMAVERA
PARTIDO MORADO,12,2.603%,1.869%,ANCASH,BOLOGNESI,LA PRIMAVERA
PERU PATRIA SEGURA,4,0.868%,0.623%,ANCASH,BOLOGNESI,LA PRIMAVERA
VICTORIA NACIONAL,24,5.206%,3.738%,ANCASH,BOLOGNESI,LA PRIMAVERA
ACCION POPULAR,61,13.232%,9.502%,ANCASH,BOLOGNESI,LA PRIMAVERA
AVANZA PAIS - PARTIDO DE INTEGRACION SOCIAL,9,1.952%,1.402%,ANCASH,BOLOGNESI,LA PRIMAVERA
PODEMOS PERU,15,3.254%,2.336%,ANCASH,BOLOGNESI,LA PRIMAVERA
JUNTOS POR EL PERU,88,19.089%,13.707%,ANCASH,BOLOGNESI,LA PRIMAVERA
PARTIDO POPULAR CRISTIANO - PPC,2,0.434%,0.312%,ANCASH,BOLOGNESI,LA PRIMAVERA
FUERZA POPULAR,39,8.460%,6.075%,ANCASH,BOLOGNESI,LA PRIMAVERA
UNION POR EL PERU,0,0.000%,0.000%,ANCASH,BOLOGNESI,LA PRIMAVERA
RENOVACION POPULAR,36,7.809%,5.607%,ANCASH,BOLOGNESI,LA PRIMAVERA
RENACIMIENTO UNIDO NACIONAL,3,0.651%,0.467%,ANCASH,BOLOGNESI,LA PRIMAVERA
PARTIDO DEMOCRATICO SOMOS PERU,21,4.555%,3.271%,ANCASH,BOLOGNESI,LA PRIMAVERA
PARTIDO POLITICO NACIONAL PERU LIBRE,98,21.258%,15.265%,ANCASH,BOLOGNESI,LA PRIMAVERA
DEMOCRACIA DIRECTA,1,0.217%,0.156%,ANCASH,BOLOGNESI,LA PRIMAVERA
ALIANZA PARA EL PROGRESO,38,8.243%,5.919%,ANCASH,BOLOGNESI,LA PRIMAVERA
PARTIDO NACIONALISTA PERUANO,8,1.735%,1.246%,ANCASH,BOLOGNESI,MANGAS
"EL FRENTE AMPLIO POR JUSTICIA, VIDA Y LIBERTAD",2,0.434%,0.312%,ANCASH,BOLOGNESI,MANGAS
PARTIDO MORADO,12,2.603%,1.869%,ANCASH,BOLOGNESI,MANGAS
PERU PATRIA SEGURA,4,0.868%,0.623%,ANCASH,BOLOGNESI,MANGAS
VICTORIA NACIONAL,24,5.206%,3.738%,ANCASH,BOLOGNESI,MANGAS
ACCION POPULAR,61,13.232%,9.502%,ANCASH,BOLOGNESI,MANGAS
AVANZA PAIS - PARTIDO DE INTEGRACION SOCIAL,9,1.952%,1.402%,ANCASH,BOLOGNESI,MANGAS
PODEMOS PERU,15,3.254%,2.336%,ANCASH,BOLOGNESI,MANGAS
JUNTOS POR EL PERU,88,19.089%,13.707%,ANCASH,BOLOGNESI,MANGAS
PARTIDO POPULAR CRISTIANO - PPC,2,0.434%,0.312%,ANCASH,BOLOGNESI,MANGAS
FUERZA POPULAR,39,8.460%,6.075%,ANCASH,BOLOGNESI,MANGAS
UNION POR EL PERU,0,0.000%,0.000%,ANCASH,BOLOGNESI,MANGAS
RENOVACION POPULAR,36,7.809%,5.607%,ANCASH,BOLOGNESI,MANGAS
RENACIMIENTO UNIDO NACIONAL,3,0.651%,0.467%,ANCASH,BOLOGNESI,MANGAS
PARTIDO DEMOCRATICO SOMOS PERU,21,4.555%,3.271%,ANCASH,BOLOGNESI,MANGAS
PARTIDO POLITICO NACIONAL PERU LIBRE,98,21.258%,15.265%,ANCASH,BOLOGNESI,MANGAS
DEMOCRACIA DIRECTA,1,0.217%,0.156%,ANCASH,BOLOGNESI,MANGAS
ALIANZA PARA EL PROGRESO,38,8.243%,5.919%,ANCASH,BOLOGNESI,MANGAS
PARTIDO NACIONALISTA PERUANO,11,7.006%,5.392%,ANCASH,BOLOGNESI,PACLLON
"EL FRENTE AMPLIO POR JUSTICIA, VIDA Y LIBERTAD",0,0.000%,0.000%,ANCASH,BOLOGNESI,PACLLON
PARTIDO MORADO,0,0.000%,0.000%,ANCASH,BOLOGNESI,PACLLON
PERU PATRIA SEGURA,0,0.000%,0.000%,ANCASH,BOLOGNESI,PACLLON
VICTORIA NACIONAL,6,3.822%,2.941%,ANCASH,BOLOGNESI,PACLLON
ACCION POPULAR,37,23.567%,18.137%,ANCASH,BOLOGNESI,PACLLON
AVANZA PAIS - PARTIDO DE INTEGRACION SOCIAL,4,2.548%,1.961%,ANCASH,BOLOGNESI,PACLLON
PODEMOS PERU,5,3.185%,2.451%,ANCASH,BOLOGNESI,PACLLON
JUNTOS POR EL PERU,8,5.096%,3.922%,ANCASH,BOLOGNESI,PACLLON
PARTIDO POPULAR CRISTIANO - PPC,0,0.000%,0.000%,ANCASH,BOLOGNESI,PACLLON
FUERZA POPULAR,26,16.561%,12.745%,ANCASH,BOLOGNESI,PACLLON
UNION POR EL PERU,0,0.000%,0.000%,ANCASH,BOLOGNESI,PACLLON
RENOVACION POPULAR,4,2.548%,1.961%,ANCASH,BOLOGNESI,PACLLON
RENACIMIENTO UNIDO NACIONAL,1,0.637%,0.490%,ANCASH,BOLOGNESI,PACLLON
PARTIDO DEMOCRATICO SOMOS PERU,0,0.000%,0.000%,ANCASH,BOLOGNESI,PACLLON
PARTIDO POLITICO NACIONAL PERU LIBRE,53,33.758%,25.980%,ANCASH,BOLOGNESI,PACLLON
DEMOCRACIA DIRECTA,0,0.000%,0.000%,ANCASH,BOLOGNESI,PACLLON
ALIANZA PARA EL PROGRESO,2,1.274%,0.980%,ANCASH,BOLOGNESI,PACLLON
PARTIDO NACIONALISTA PERUANO,11,7.006%,5.392%,ANCASH,BOLOGNESI,SAN MIGUEL DE CORPANQUI
"EL FRENTE AMPLIO POR JUSTICIA, VIDA Y LIBERTAD",0,0.000%,0.000%,ANCASH,BOLOGNESI,SAN MIGUEL DE CORPANQUI
PARTIDO MORADO,0,0.000%,0.000%,ANCASH,BOLOGNESI,SAN MIGUEL DE CORPANQUI
PERU PATRIA SEGURA,0,0.000%,0.000%,ANCASH,BOLOGNESI,SAN MIGUEL DE CORPANQUI
VICTORIA NACIONAL,6,3.822%,2.941%,ANCASH,BOLOGNESI,SAN MIGUEL DE CORPANQUI
ACCION POPULAR,37,23.567%,18.137%,ANCASH,BOLOGNESI,SAN MIGUEL DE CORPANQUI
AVANZA PAIS - PARTIDO DE INTEGRACION SOCIAL,4,2.548%,1.961%,ANCASH,BOLOGNESI,SAN MIGUEL DE CORPANQUI
PODEMOS PERU,5,3.185%,2.451%,ANCASH,BOLOGNESI,SAN MIGUEL DE CORPANQUI
JUNTOS POR EL PERU,8,5.096%,3.922%,ANCASH,BOLOGNESI,SAN MIGUEL DE CORPANQUI
PARTIDO POPULAR CRISTIANO - PPC,0,0.000%,0.000%,ANCASH,BOLOGNESI,SAN MIGUEL DE CORPANQUI
FUERZA POPULAR,26,16.561%,12.745%,ANCASH,BOLOGNESI,SAN MIGUEL DE CORPANQUI
UNION POR EL PERU,0,0.000%,0.000%,ANCASH,BOLOGNESI,SAN MIGUEL DE CORPANQUI
RENOVACION POPULAR,4,2.548%,1.961%,ANCASH,BOLOGNESI,SAN MIGUEL DE CORPANQUI
RENACIMIENTO UNIDO NACIONAL,1,0.637%,0.490%,ANCASH,BOLOGNESI,SAN MIGUEL DE CORPANQUI
PARTIDO DEMOCRATICO SOMOS PERU,0,0.000%,0.000%,ANCASH,BOLOGNESI,SAN MIGUEL DE CORPANQUI
PARTIDO POLITICO NACIONAL PERU LIBRE,53,33.758%,25.980%,ANCASH,BOLOGNESI,SAN MIGUEL DE CORPANQUI
DEMOCRACIA DIRECTA,0,0.000%,0.000%,ANCASH,BOLOGNESI,SAN MIGUEL DE CORPANQUI
ALIANZA PARA EL PROGRESO,2,1.274%,0.980%,ANCASH,BOLOGNESI,SAN MIGUEL DE CORPANQUI
PARTIDO NACIONALISTA PERUANO,8,1.770%,1.389%,ANCASH,BOLOGNESI,TICLLOS
"EL FRENTE AMPLIO POR JUSTICIA, VIDA Y LIBERTAD",6,1.327%,1.042%,ANCASH,BOLOGNESI,TICLLOS
PARTIDO MORADO,8,1.770%,1.389%,ANCASH,BOLOGNESI,TICLLOS
PERU PATRIA SEGURA,2,0.442%,0.347%,ANCASH,BOLOGNESI,TICLLOS
VICTORIA NACIONAL,5,1.106%,0.868%,ANCASH,BOLOGNESI,TICLLOS
ACCION POPULAR,25,5.531%,4.340%,ANCASH,BOLOGNESI,TICLLOS
AVANZA PAIS - PARTIDO DE INTEGRACION SOCIAL,18,3.982%,3.125%,ANCASH,BOLOGNESI,TICLLOS
PODEMOS PERU,11,2.434%,1.910%,ANCASH,BOLOGNESI,TICLLOS
JUNTOS POR EL PERU,167,36.947%,28.993%,ANCASH,BOLOGNESI,TICLLOS
PARTIDO POPULAR CRISTIANO - PPC,1,0.221%,0.174%,ANCASH,BOLOGNESI,TICLLOS
FUERZA POPULAR,33,7.301%,5.729%,ANCASH,BOLOGNESI,TICLLOS
UNION POR EL PERU,0,0.000%,0.000%,ANCASH,BOLOGNESI,TICLLOS
RENOVACION POPULAR,16,3.540%,2.778%,ANCASH,BOLOGNESI,TICLLOS
RENACIMIENTO UNIDO NACIONAL,2,0.442%,0.347%,ANCASH,BOLOGNESI,TICLLOS
PARTIDO DEMOCRATICO SOMOS PERU,4,0.885%,0.694%,ANCASH,BOLOGNESI,TICLLOS
PARTIDO POLITICO NACIONAL PERU LIBRE,134,29.646%,23.264%,ANCASH,BOLOGNESI,TICLLOS
DEMOCRACIA DIRECTA,2,0.442%,0.347%,ANCASH,BOLOGNESI,TICLLOS
ALIANZA PARA EL PROGRESO,10,2.212%,1.736%,ANCASH,BOLOGNESI,TICLLOS
