id,texto,departamento
1,El puesto de salud de Castilla no tiene pruebas de dengue desde hace tres semanas. Vine dos veces y me mandaron a Piura.,Piura
2,"Solicito fumigacion en el AAHH Nueva Esperanza, hay agua estancada en la calle principal y varios vecinos con fiebre.",Piura
3,"La posta de Tarapoto atiende solo hasta las 2pm, mi hija tuvo fiebre alta el sabado y estaba cerrada.",San Martin
4,Reclamo por cobro indebido de 50 soles por consulta que deberia ser gratuita en el centro de salud.,Loreto
5,Hace un mes reporte criaderos de zancudos frente al colegio y nadie ha venido a revisar.,Tumbes
6,"El hospital regional no tiene camas disponibles, mi padre esta en el pasillo desde ayer con dengue grave.",Madre de Dios
7,"Felicito al personal del puesto de salud de Yurimaguas, me atendieron rapido y con amabilidad.",Loreto
8,"No hay medicamentos para el dolor, me dieron receta para comprar afuera y no tengo dinero.",Ucayali
9,"Pido que amplien el horario de atencion los fines de semana, trabajo toda la semana y no puedo ir.",Ica
10,"El personal me trato mal cuando pregunte por los resultados de mi analisis, me dijo que volviera otro dia.",Piura
11,"Denuncio que el tanque de agua del mercado lleva destapado dos meses, es un criadero de zancudos.",Tumbes
12,"Mi comunidad esta a 4 horas del centro de salud mas cercano, necesitamos una posta.",Amazonas
13,"Vine por la vacuna y me dijeron que no habia, que regrese la proxima semana. Es la tercera vez.",Cusco
14,"La ambulancia tardo mas de dos horas en llegar, mi vecina llego muy grave al hospital.",Loreto
15,"Quiero agradecer la campana de fumigacion, en mi barrio bajaron mucho los casos.",San Martin
16,"El bano del centro de salud esta inutilizable y huele muy mal, es un riesgo sanitario.",Ica
17,"Solicito informacion sobre como acceder al SIS, nadie me supo explicar en la posta.",Ancash
18,Reporto que el laboratorio no procesa muestras desde hace 10 dias por falta de reactivos.,Piura
19,Mi hijo espero 6 horas en emergencia con fiebre de 39 grados. Es inaceptable.,Ucayali
20,"Pedimos capacitacion para promotores de salud en la comunidad, hay muchos casos de dengue.",Madre de Dios
