ubigeo,departamento,provincia,distrito,casos_dengue,n_establecimientos,camas,casos_por_establecimiento
010101,Amazonas,CHACHAPOYAS,CHACHAPOYAS,6.0,12.0,140.0,0.5
010201,Amazonas,BAGUA,BAGUA,949.0,11.0,103.0,86.27272727272727
010202,Amazonas,BAGUA,ARAMANGO,49.0,19.0,0.0,2.5789473684210527
010203,Amazonas,BAGUA,COPALLIN,47.0,6.0,0.0,7.833333333333333
010204,Amazonas,BAGUA,EL PARCO,10.0,3.0,0.0,3.3333333333333335
010205,Amazonas,BAGUA,IMAZA,155.0,40.0,0.0,3.875
010206,Amazonas,BAGUA,LA PECA,43.0,6.0,0.0,7.166666666666667
010306,Amazonas,BONGARA,FLORIDA,1.0,4.0,12.0,0.25
010307,Amazonas,BONGARA,JAZAN,3.0,6.0,12.0,0.5
010401,Amazonas,CONDORCANQUI,NIEVA,581.0,29.0,12.0,20.03448275862069
010403,Amazonas,CONDORCANQUI,RIO SANTIAGO,61.0,24.0,0.0,2.5416666666666665
010701,Amazonas,UTCUBAMBA,BAGUA GRANDE,1020.0,34.0,57.0,30.0
010702,Amazonas,UTCUBAMBA,CAJARURO,115.0,32.0,0.0,3.59375
010703,Amazonas,UTCUBAMBA,CUMBA,26.0,10.0,0.0,2.6
010704,Amazonas,UTCUBAMBA,EL MILAGRO,117.0,7.0,0.0,16.714285714285715
010705,Amazonas,UTCUBAMBA,JAMALCA,31.0,11.0,0.0,2.8181818181818183
010706,Amazonas,UTCUBAMBA,LONYA GRANDE,2.0,11.0,0.0,0.18181818181818182
010707,Amazonas,UTCUBAMBA,YAMON,1.0,6.0,0.0,0.16666666666666666
020801,Ancash,CASMA,CASMA,523.0,5.0,31.0,104.6
020802,Ancash,CASMA,BUENA VISTA ALTA,27.0,3.0,0.0,9.0
020803,Ancash,CASMA,COMANDANTE NOEL,3.0,2.0,0.0,1.5
021101,Ancash,HUARMEY,HUARMEY,4.0,5.0,0.0,0.8
021801,Ancash,SANTA,CHIMBOTE,957.0,19.0,262.0,50.36842105263158
021803,Ancash,SANTA,COISHCO,637.0,2.0,0.0,318.5
021806,Ancash,SANTA,NEPEÑA,43.0,3.0,0.0,14.333333333333334
021808,Ancash,SANTA,SANTA,17.0,6.0,0.0,2.8333333333333335
021809,Ancash,SANTA,NUEVO CHIMBOTE,133.0,7.0,155.0,19.0
050101,Ayacucho,HUAMANGA,AYACUCHO,12.0,12.0,211.0,1.0
050110,Ayacucho,HUAMANGA,SAN JUAN BAUTISTA,3.0,5.0,66.0,0.6
050401,Ayacucho,HUANTA,HUANTA,2.0,7.0,56.0,0.2857142857142857
050407,Ayacucho,HUANTA,SIVIA,1046.0,8.0,14.0,130.75
050408,Ayacucho,HUANTA,LLOCHEGUA,2308.0,9.0,0.0,256.44444444444446
050409,Ayacucho,HUANTA,CANAYRE,375.0,3.0,0.0,125.0
050501,Ayacucho,LA MAR,SAN MIGUEL,3.0,6.0,30.0,0.5
050502,Ayacucho,LA MAR,ANCO,212.0,8.0,0.0,26.5
050503,Ayacucho,LA MAR,AYNA,1560.0,4.0,26.0,390.0
050505,Ayacucho,LA MAR,CHUNGUI,3.0,9.0,0.0,0.3333333333333333
050507,Ayacucho,LA MAR,SANTA ROSA,2160.0,5.0,0.0,432.0
050509,Ayacucho,LA MAR,SAMUGARI,1034.0,4.0,0.0,258.5
050510,Ayacucho,LA MAR,ANCHIHUAY,98.0,2.0,0.0,49.0
050611,Ayacucho,LUCANAS,LUCANAS,1.0,4.0,0.0,0.25
050808,Ayacucho,PAUCAR DEL SARA SARA,SAN JAVIER DE ALPABAMBA,1.0,1.0,0.0,1.0
060101,Cajamarca,CAJAMARCA,CAJAMARCA,7.0,24.0,184.0,0.2916666666666667
060109,Cajamarca,CAJAMARCA,MAGDALENA,1.0,4.0,0.0,0.25
060401,Cajamarca,CHOTA,CHOTA,4.0,32.0,65.0,0.125
060409,Cajamarca,CHOTA,HUAMBOS,1.0,8.0,0.0,0.125
060501,Cajamarca,CONTUMAZA,CONTUMAZA,34.0,6.0,0.0,5.666666666666667
060502,Cajamarca,CONTUMAZA,CHILETE,189.0,2.0,0.0,94.5
060507,Cajamarca,CONTUMAZA,TANTARICA,79.0,1.0,0.0,79.0
060508,Cajamarca,CONTUMAZA,YONAN,102.0,5.0,0.0,20.4
060602,Cajamarca,CUTERVO,CALLAYUC,9.0,18.0,0.0,0.5
060607,Cajamarca,CUTERVO,QUEROCOTILLO,10.0,23.0,0.0,0.43478260869565216
060608,Cajamarca,CUTERVO,SAN ANDRES DE CUTERVO,0.0,5.0,0.0,0.0
060613,Cajamarca,CUTERVO,SANTO TOMAS,1.0,12.0,0.0,0.08333333333333333
060703,Cajamarca,HUALGAYOC,HUALGAYOC,1.0,13.0,0.0,0.07692307692307693
060801,Cajamarca,JAEN,JAEN,3275.0,22.0,110.0,148.86363636363637
060802,Cajamarca,JAEN,BELLAVISTA,130.0,9.0,15.0,14.444444444444445
060805,Cajamarca,JAEN,HUABAL,2.0,8.0,0.0,0.25
060808,Cajamarca,JAEN,PUCARA,108.0,2.0,0.0,54.0
060811,Cajamarca,JAEN,SAN JOSE DEL ALTO,6.0,8.0,0.0,0.75
060812,Cajamarca,JAEN,SANTA ROSA,7.0,6.0,0.0,1.1666666666666667
060901,Cajamarca,SAN IGNACIO,SAN IGNACIO,48.0,18.0,21.0,2.6666666666666665
060902,Cajamarca,SAN IGNACIO,CHIRINOS,3.0,8.0,0.0,0.375
060903,Cajamarca,SAN IGNACIO,HUARANGO,37.0,13.0,0.0,2.8461538461538463
060904,Cajamarca,SAN IGNACIO,LA COIPA,1.0,17.0,0.0,0.058823529411764705
060905,Cajamarca,SAN IGNACIO,NAMBALLE,69.0,6.0,0.0,11.5
060906,Cajamarca,SAN IGNACIO,SAN JOSE DE LOURDES,19.0,15.0,0.0,1.2666666666666666
061306,Cajamarca,SANTA CRUZ,NINABAMBA,1.0,3.0,0.0,0.3333333333333333
070101,Callao,CALLAO,CALLAO,2.0,32.0,325.0,0.0625
070106,Callao,CALLAO,VENTANILLA,9.0,17.0,84.0,0.5294117647058824
080101,Cusco,CUSCO,CUSCO,2.0,7.0,310.0,0.2857142857142857
080408,Cusco,CALCA,YANATILE,2.0,11.0,0.0,0.18181818181818182
080901,Cusco,LA CONVENCION,SANTA ANA,1146.0,7.0,128.0,163.71428571428572
080902,Cusco,LA CONVENCION,ECHARATE,258.0,20.0,0.0,12.9
080903,Cusco,LA CONVENCION,HUAYOPATA,1.0,6.0,0.0,0.16666666666666666
080904,Cusco,LA CONVENCION,MARANURA,43.0,3.0,0.0,14.333333333333334
080906,Cusco,LA CONVENCION,QUELLOUNO,74.0,8.0,0.0,9.25
080907,Cusco,LA CONVENCION,KIMBIRI,1369.0,10.0,43.0,136.9
080908,Cusco,LA CONVENCION,SANTA TERESA,2.0,3.0,0.0,0.6666666666666666
080909,Cusco,LA CONVENCION,VILCABAMBA,2.0,11.0,0.0,0.18181818181818182
080910,Cusco,LA CONVENCION,PICHARI,2781.0,10.0,0.0,278.1
080912,Cusco,LA CONVENCION,VILLA VIRGEN,33.0,0.0,0.0,
080913,Cusco,LA CONVENCION,VILLA KINTIARINA,6.0,0.0,0.0,
080914,Cusco,LA CONVENCION,MEGANTONI,87.0,16.0,0.0,5.4375
081106,Cusco,PAUCARTAMBO,KOSÑIPATA,7.0,2.0,0.0,3.5
081203,Cusco,QUISPICANCHI,CAMANTI,103.0,1.0,0.0,103.0
100101,Huanuco,HUANUCO,HUANUCO,15.0,8.0,136.0,1.875
100102,Huanuco,HUANUCO,AMARILIS,16.0,7.0,88.0,2.2857142857142856
100103,Huanuco,HUANUCO,CHINCHAO,1.0,4.0,0.0,0.25
100111,Huanuco,HUANUCO,PILLCO MARCA,8.0,1.0,0.0,8.0
100201,Huanuco,AMBO,AMBO,2.0,7.0,0.0,0.2857142857142857
100507,Huanuco,HUAMALIES,MONZON,164.0,10.0,0.0,16.4
100601,Huanuco,LEONCIO PRADO,RUPA-RUPA,3296.0,3.0,19.0,1098.6666666666667
100602,Huanuco,LEONCIO PRADO,DANIEL ALOMIA ROBLES,55.0,4.0,0.0,13.75
100603,Huanuco,LEONCIO PRADO,HERMILIO VALDIZAN,10.0,6.0,0.0,1.6666666666666667
100604,Huanuco,LEONCIO PRADO,JOSE CRESPO Y CASTILLO,285.0,6.0,0.0,47.5
100605,Huanuco,LEONCIO PRADO,LUYANDO,277.0,7.0,75.0,39.57142857142857
100606,Huanuco,LEONCIO PRADO,MARIANO DAMASO BERAUN,125.0,5.0,0.0,25.0
100608,Huanuco,LEONCIO PRADO,CASTILLO GRANDE,562.0,1.0,0.0,562.0
100609,Huanuco,LEONCIO PRADO,PUEBLO NUEVO,22.0,1.0,0.0,22.0
100702,Huanuco,MARAÑON,CHOLON,7.0,5.0,0.0,1.4
100704,Huanuco,MARAÑON,LA MORADA,28.0,1.0,0.0,28.0
100801,Huanuco,PACHITEA,PANAO,1.0,5.0,0.0,0.2
100802,Huanuco,PACHITEA,CHAGLLA,4.0,4.0,0.0,1.0
100901,Huanuco,PUERTO INCA,PUERTO INCA,554.0,10.0,0.0,55.4
100902,Huanuco,PUERTO INCA,CODO DEL POZUZO,49.0,8.0,0.0,6.125
100903,Huanuco,PUERTO INCA,HONORIA,56.0,6.0,0.0,9.333333333333334
100904,Huanuco,PUERTO INCA,TOURNAVISTA,56.0,4.0,0.0,14.0
100905,Huanuco,PUERTO INCA,YUYAPICHIS,102.0,6.0,0.0,17.0
110101,Ica,ICA,ICA,4291.0,11.0,326.0,390.09090909090907
110102,Ica,ICA,LA TINGUIÑA,1111.0,3.0,0.0,370.3333333333333
110103,Ica,ICA,LOS AQUIJES,545.0,5.0,3.0,109.0
110104,Ica,ICA,OCUCAJE,91.0,4.0,0.0,22.75
110105,Ica,ICA,PACHACUTEC,251.0,2.0,0.0,125.5
110106,Ica,ICA,PARCONA,1341.0,3.0,6.0,447.0
110107,Ica,ICA,PUEBLO NUEVO,150.0,4.0,0.0,37.5
110108,Ica,ICA,SALAS,273.0,4.0,3.0,68.25
110109,Ica,ICA,SAN JOSE DE LOS MOLINOS,206.0,4.0,0.0,51.5
110110,Ica,ICA,SAN JUAN BAUTISTA,154.0,3.0,0.0,51.333333333333336
110111,Ica,ICA,SANTIAGO,165.0,5.0,4.0,33.0
110112,Ica,ICA,SUBTANJALLA,1131.0,6.0,0.0,188.5
110113,Ica,ICA,TATE,109.0,4.0,0.0,27.25
110201,Ica,CHINCHA,CHINCHA ALTA,457.0,5.0,181.0,91.4
110202,Ica,CHINCHA,ALTO LARAN,25.0,3.0,0.0,8.333333333333334
110204,Ica,CHINCHA,CHINCHA BAJA,16.0,3.0,0.0,5.333333333333333
110205,Ica,CHINCHA,EL CARMEN,28.0,4.0,0.0,7.0
110206,Ica,CHINCHA,GROCIO PRADO,245.0,3.0,0.0,81.66666666666667
110207,Ica,CHINCHA,PUEBLO NUEVO,400.0,5.0,8.0,80.0
110210,Ica,CHINCHA,SUNAMPE,140.0,1.0,0.0,140.0
110211,Ica,CHINCHA,TAMBO DE MORA,9.0,2.0,0.0,4.5
110301,Ica,NASCA,NASCA,1047.0,4.0,19.0,261.75
110302,Ica,NASCA,CHANGUILLO,20.0,4.0,0.0,5.0
110303,Ica,NASCA,EL INGENIO,20.0,3.0,0.0,6.666666666666667
110304,Ica,NASCA,MARCONA,9.0,3.0,11.0,3.0
110305,Ica,NASCA,VISTA ALEGRE,917.0,5.0,0.0,183.4
110401,Ica,PALPA,PALPA,949.0,6.0,22.0,158.16666666666666
110402,Ica,PALPA,LLIPATA,262.0,1.0,0.0,262.0
110403,Ica,PALPA,RIO GRANDE,191.0,4.0,0.0,47.75
110404,Ica,PALPA,SANTA CRUZ,23.0,3.0,0.0,7.666666666666667
110501,Ica,PISCO,PISCO,412.0,5.0,145.0,82.4
110503,Ica,PISCO,HUMAY,11.0,4.0,0.0,2.75
110504,Ica,PISCO,INDEPENDENCIA,18.0,6.0,0.0,3.0
110505,Ica,PISCO,PARACAS,60.0,3.0,0.0,20.0
110506,Ica,PISCO,SAN ANDRES,74.0,2.0,0.0,37.0
110507,Ica,PISCO,SAN CLEMENTE,790.0,3.0,0.0,263.3333333333333
110508,Ica,PISCO,TUPAC AMARU INCA,647.0,3.0,0.0,215.66666666666666
120114,Junin,HUANCAYO,EL TAMBO,1.0,20.0,268.0,0.05
120301,Junin,CHANCHAMAYO,CHANCHAMAYO,1248.0,5.0,114.0,249.6
120302,Junin,CHANCHAMAYO,PERENE,2125.0,27.0,9.0,78.70370370370371
120303,Junin,CHANCHAMAYO,PICHANAQUI,1254.0,20.0,43.0,62.7
120305,Junin,CHANCHAMAYO,SAN RAMON,928.0,4.0,0.0,232.0
120501,Junin,JUNIN,JUNIN,2.0,4.0,50.0,0.5
120601,Junin,SATIPO,SATIPO,1516.0,11.0,18.0,137.8181818181818
120602,Junin,SATIPO,COVIRIALI,68.0,6.0,0.0,11.333333333333334
120604,Junin,SATIPO,MAZAMARI,687.0,8.0,0.0,85.875
120606,Junin,SATIPO,PANGOA,1276.0,39.0,18.0,32.717948717948715
120607,Junin,SATIPO,RIO NEGRO,453.0,16.0,0.0,28.3125
120608,Junin,SATIPO,RIO TAMBO,257.0,24.0,0.0,10.708333333333334
120609,Junin,SATIPO,VIZCATAN DEL ENE,26.0,0.0,0.0,
130101,La Libertad,TRUJILLO,TRUJILLO,356.0,22.0,844.0,16.181818181818183
130102,La Libertad,TRUJILLO,EL PORVENIR,2849.0,13.0,26.0,219.15384615384616
130103,La Libertad,TRUJILLO,FLORENCIA DE MORA,747.0,6.0,26.0,124.5
130104,La Libertad,TRUJILLO,HUANCHACO,393.0,8.0,0.0,49.125
130105,La Libertad,TRUJILLO,LA ESPERANZA,1186.0,9.0,29.0,131.77777777777777
130106,La Libertad,TRUJILLO,LAREDO,1897.0,4.0,10.0,474.25
130107,La Libertad,TRUJILLO,MOCHE,225.0,7.0,21.0,32.142857142857146
130109,La Libertad,TRUJILLO,SALAVERRY,63.0,3.0,0.0,21.0
130111,La Libertad,TRUJILLO,VICTOR LARCO HERRERA,6.0,6.0,14.0,1.0
130201,La Libertad,ASCOPE,ASCOPE,240.0,2.0,9.0,120.0
130202,La Libertad,ASCOPE,CHICAMA,109.0,4.0,9.0,27.25
130203,La Libertad,ASCOPE,CHOCOPE,70.0,3.0,74.0,23.333333333333332
130205,La Libertad,ASCOPE,PAIJAN,1290.0,3.0,0.0,430.0
130207,La Libertad,ASCOPE,SANTIAGO DE CAO,1.0,4.0,0.0,0.25
130208,La Libertad,ASCOPE,CASA GRANDE,1266.0,4.0,13.0,316.5
130401,La Libertad,CHEPEN,CHEPEN,2054.0,3.0,123.0,684.6666666666666
130402,La Libertad,CHEPEN,PACANGA,106.0,2.0,0.0,53.0
130403,La Libertad,CHEPEN,PUEBLO NUEVO,2.0,3.0,0.0,0.6666666666666666
130701,La Libertad,PACASMAYO,SAN PEDRO DE LLOC,51.0,4.0,19.0,12.75
130702,La Libertad,PACASMAYO,GUADALUPE,158.0,6.0,12.0,26.333333333333332
130703,La Libertad,PACASMAYO,JEQUETEPEQUE,1.0,2.0,4.0,0.5
130704,La Libertad,PACASMAYO,PACASMAYO,8.0,2.0,20.0,4.0
130705,La Libertad,PACASMAYO,SAN JOSE,3.0,3.0,2.0,1.0
130809,La Libertad,PATAZ,PATAZ,189.0,4.0,0.0,47.25
131101,La Libertad,GRAN CHIMU,CASCAS,10.0,5.0,12.0,2.0
131201,La Libertad,VIRU,VIRU,361.0,12.0,24.0,30.083333333333332
131202,La Libertad,VIRU,CHAO,200.0,7.0,4.0,28.571428571428573
131203,La Libertad,VIRU,GUADALUPITO,3.0,1.0,0.0,3.0
140101,Lambayeque,CHICLAYO,CHICLAYO,448.0,15.0,781.0,29.866666666666667
140102,Lambayeque,CHICLAYO,CHONGOYAPE,18.0,4.0,8.0,4.5
140105,Lambayeque,CHICLAYO,JOSE LEONARDO ORTIZ,119.0,7.0,16.0,17.0
140106,Lambayeque,CHICLAYO,LA VICTORIA,182.0,6.0,6.0,30.333333333333332
140107,Lambayeque,CHICLAYO,LAGUNAS,1.0,6.0,0.0,0.16666666666666666
140108,Lambayeque,CHICLAYO,MONSEFU,12.0,4.0,0.0,3.0
140110,Lambayeque,CHICLAYO,OYOTUN,3.0,5.0,0.0,0.6
140111,Lambayeque,CHICLAYO,PICSI,1.0,2.0,0.0,0.5
140112,Lambayeque,CHICLAYO,PIMENTEL,16.0,3.0,117.0,5.333333333333333
140113,Lambayeque,CHICLAYO,REQUE,13.0,3.0,0.0,4.333333333333333
140115,Lambayeque,CHICLAYO,SAÑA,233.0,5.0,0.0,46.6
140116,Lambayeque,CHICLAYO,CAYALTI,74.0,3.0,0.0,24.666666666666668
140117,Lambayeque,CHICLAYO,PATAPO,458.0,3.0,0.0,152.66666666666666
140118,Lambayeque,CHICLAYO,POMALCA,27.0,3.0,0.0,9.0
140119,Lambayeque,CHICLAYO,PUCALA,384.0,1.0,0.0,384.0
140120,Lambayeque,CHICLAYO,TUMAN,1464.0,1.0,0.0,1464.0
140201,Lambayeque,FERREÑAFE,FERREÑAFE,652.0,2.0,40.0,326.0
140204,Lambayeque,FERREÑAFE,MANUEL ANTONIO MESONES MURO,1.0,1.0,0.0,1.0
140205,Lambayeque,FERREÑAFE,PITIPO,317.0,10.0,0.0,31.7
140206,Lambayeque,FERREÑAFE,PUEBLO NUEVO,20.0,3.0,17.0,6.666666666666667
140301,Lambayeque,LAMBAYEQUE,LAMBAYEQUE,14.0,6.0,6.0,2.3333333333333335
140302,Lambayeque,LAMBAYEQUE,CHOCHOPE,2.0,1.0,0.0,2.0
140303,Lambayeque,LAMBAYEQUE,ILLIMO,152.0,3.0,0.0,50.666666666666664
140304,Lambayeque,LAMBAYEQUE,JAYANCA,133.0,3.0,0.0,44.333333333333336
140305,Lambayeque,LAMBAYEQUE,MOCHUMI,51.0,4.0,0.0,12.75
140306,Lambayeque,LAMBAYEQUE,MORROPE,7.0,21.0,6.0,0.3333333333333333
140307,Lambayeque,LAMBAYEQUE,MOTUPE,780.0,6.0,0.0,130.0
140308,Lambayeque,LAMBAYEQUE,OLMOS,843.0,20.0,0.0,42.15
140309,Lambayeque,LAMBAYEQUE,PACORA,7.0,2.0,0.0,3.5
140310,Lambayeque,LAMBAYEQUE,SALAS,72.0,10.0,0.0,7.2
140311,Lambayeque,LAMBAYEQUE,SAN JOSE,1.0,4.0,0.0,0.25
140312,Lambayeque,LAMBAYEQUE,TUCUME,5.0,7.0,0.0,0.7142857142857143
150101,Lima,LIMA,LIMA,139.0,24.0,2364.0,5.791666666666667
150103,Lima,LIMA,ATE,119.0,22.0,236.0,5.409090909090909
150106,Lima,LIMA,CARABAYLLO,76.0,13.0,0.0,5.846153846153846
150108,Lima,LIMA,CHORRILLOS,12.0,19.0,36.0,0.631578947368421
150110,Lima,LIMA,COMAS,509.0,26.0,459.0,19.576923076923077
150111,Lima,LIMA,EL AGUSTINO,1.0,12.0,637.0,0.08333333333333333
150112,Lima,LIMA,INDEPENDENCIA,40.0,12.0,0.0,3.3333333333333335
150115,Lima,LIMA,LA VICTORIA,4.0,9.0,983.0,0.4444444444444444
150117,Lima,LIMA,LOS OLIVOS,15.0,11.0,0.0,1.3636363636363635
150118,Lima,LIMA,LURIGANCHO,625.0,23.0,70.0,27.17391304347826
150121,Lima,LIMA,PUEBLO LIBRE,1.0,1.0,193.0,1.0
150124,Lima,LIMA,PUCUSANA,5.0,2.0,0.0,2.5
150125,Lima,LIMA,PUENTE PIEDRA,211.0,10.0,102.0,21.1
150127,Lima,LIMA,PUNTA NEGRA,0.0,1.0,0.0,0.0
150128,Lima,LIMA,RIMAC,3.0,10.0,0.0,0.3
150131,Lima,LIMA,SAN ISIDRO,2.0,4.0,0.0,0.5
150132,Lima,LIMA,SAN JUAN DE LURIGANCHO,56.0,36.0,204.0,1.5555555555555556
150133,Lima,LIMA,SAN JUAN DE MIRAFLORES,9.0,27.0,374.0,0.3333333333333333
150135,Lima,LIMA,SAN MARTIN DE PORRES,8.0,19.0,468.0,0.42105263157894735
150140,Lima,LIMA,SANTIAGO DE SURCO,8.0,7.0,0.0,1.1428571428571428
150143,Lima,LIMA,VILLA MARIA DEL TRIUNFO,60.0,28.0,199.0,2.142857142857143
150501,Lima,CAÑETE,SAN VICENTE DE CAÑETE,1.0,5.0,154.0,0.2
160101,Loreto,MAYNAS,IQUITOS,4386.0,17.0,126.0,258.0
160102,Loreto,MAYNAS,ALTO NANAY,40.0,4.0,0.0,10.0
160103,Loreto,MAYNAS,FERNANDO LORES,437.0,12.0,0.0,36.416666666666664
160104,Loreto,MAYNAS,INDIANA,217.0,7.0,0.0,31.0
160105,Loreto,MAYNAS,LAS AMAZONAS,17.0,4.0,0.0,4.25
160106,Loreto,MAYNAS,MAZAN,152.0,7.0,0.0,21.714285714285715
160107,Loreto,MAYNAS,NAPO,33.0,9.0,0.0,3.6666666666666665
160108,Loreto,MAYNAS,PUNCHANA,2469.0,14.0,219.0,176.35714285714286
160110,Loreto,MAYNAS,TORRES CAUSANA,5.0,5.0,0.0,1.0
160112,Loreto,MAYNAS,BELEN,1218.0,9.0,0.0,135.33333333333334
160113,Loreto,MAYNAS,SAN JUAN BAUTISTA,3775.0,20.0,10.0,188.75
160201,Loreto,ALTO AMAZONAS,YURIMAGUAS,5474.0,39.0,137.0,140.35897435897436
160202,Loreto,ALTO AMAZONAS,BALSAPUERTO,27.0,18.0,10.0,1.5
160206,Loreto,ALTO AMAZONAS,LAGUNAS,214.0,11.0,10.0,19.454545454545453
160210,Loreto,ALTO AMAZONAS,SANTA CRUZ,2.0,7.0,0.0,0.2857142857142857
160211,Loreto,ALTO AMAZONAS,TENIENTE CESAR LOPEZ ROJAS,64.0,8.0,0.0,8.0
160301,Loreto,LORETO,NAUTA,559.0,10.0,20.0,55.9
160302,Loreto,LORETO,PARINARI,12.0,4.0,0.0,3.0
160303,Loreto,LORETO,TIGRE,63.0,7.0,0.0,9.0
160304,Loreto,LORETO,TROMPETEROS,101.0,12.0,17.0,8.416666666666666
160305,Loreto,LORETO,URARINAS,297.0,7.0,0.0,42.42857142857143
160401,Loreto,MARISCAL RAMON CASTILLA,RAMON CASTILLA,402.0,8.0,22.0,50.25
160402,Loreto,MARISCAL RAMON CASTILLA,PEBAS,63.0,8.0,0.0,7.875
160403,Loreto,MARISCAL RAMON CASTILLA,YAVARI,19.0,5.0,0.0,3.8
160404,Loreto,MARISCAL RAMON CASTILLA,SAN PABLO,36.0,5.0,0.0,7.2
160501,Loreto,REQUENA,REQUENA,188.0,5.0,31.0,37.6
160502,Loreto,REQUENA,ALTO TAPICHE,3.0,3.0,0.0,1.0
160503,Loreto,REQUENA,CAPELO,42.0,2.0,0.0,21.0
160504,Loreto,REQUENA,EMILIO SAN MARTIN,73.0,2.0,0.0,36.5
160505,Loreto,REQUENA,MAQUIA,20.0,10.0,0.0,2.0
160506,Loreto,REQUENA,PUINAHUA,1.0,4.0,0.0,0.25
160507,Loreto,REQUENA,SAQUENA,7.0,4.0,0.0,1.75
160508,Loreto,REQUENA,SOPLIN,1.0,2.0,0.0,0.5
160509,Loreto,REQUENA,TAPICHE,4.0,2.0,0.0,2.0
160510,Loreto,REQUENA,JENARO HERRERA,250.0,1.0,0.0,250.0
160511,Loreto,REQUENA,YAQUERANA,7.0,2.0,0.0,3.5
160601,Loreto,UCAYALI,CONTAMANA,1483.0,12.0,17.0,123.58333333333333
160602,Loreto,UCAYALI,INAHUAYA,84.0,2.0,0.0,42.0
160603,Loreto,UCAYALI,PADRE MARQUEZ,59.0,6.0,0.0,9.833333333333334
160604,Loreto,UCAYALI,PAMPA HERMOSA,12.0,3.0,0.0,4.0
160605,Loreto,UCAYALI,SARAYACU,339.0,13.0,0.0,26.076923076923077
160606,Loreto,UCAYALI,VARGAS GUERRA,27.0,1.0,0.0,27.0
160701,Loreto,DATEM DEL MARAÑON,BARRANCA,467.0,7.0,19.0,66.71428571428571
160703,Loreto,DATEM DEL MARAÑON,MANSERICHE,128.0,9.0,0.0,14.222222222222221
160705,Loreto,DATEM DEL MARAÑON,PASTAZA,8.0,9.0,0.0,0.8888888888888888
160706,Loreto,DATEM DEL MARAÑON,ANDOAS,28.0,7.0,0.0,4.0
160801,Loreto,PUTUMAYO,PUTUMAYO,65.0,12.0,0.0,5.416666666666667
160803,Loreto,PUTUMAYO,TENIENTE MANUEL CLAVERO,192.0,5.0,0.0,38.4
170101,Madre De Dios,TAMBOPATA,TAMBOPATA,8684.0,24.0,131.0,361.8333333333333
170102,Madre De Dios,TAMBOPATA,INAMBARI,1724.0,13.0,0.0,132.6153846153846
170103,Madre De Dios,TAMBOPATA,LAS PIEDRAS,1586.0,11.0,0.0,144.1818181818182
170104,Madre De Dios,TAMBOPATA,LABERINTO,559.0,8.0,0.0,69.875
170201,Madre De Dios,MANU,MANU,30.0,7.0,0.0,4.285714285714286
170203,Madre De Dios,MANU,MADRE DE DIOS,530.0,9.0,0.0,58.888888888888886
170204,Madre De Dios,MANU,HUEPETUHE,612.0,6.0,0.0,102.0
170301,Madre De Dios,TAHUAMANU,IÑAPARI,300.0,4.0,0.0,75.0
170302,Madre De Dios,TAHUAMANU,IBERIA,605.0,7.0,25.0,86.42857142857143
170303,Madre De Dios,TAHUAMANU,TAHUAMANU,248.0,8.0,0.0,31.0
180101,Moquegua,MARISCAL NIETO,MOQUEGUA,1.0,14.0,95.0,0.07142857142857142
190301,Pasco,OXAPAMPA,OXAPAMPA,14.0,10.0,11.0,1.4
190304,Pasco,OXAPAMPA,PALCAZU,37.0,27.0,0.0,1.3703703703703705
190305,Pasco,OXAPAMPA,POZUZO,26.0,14.0,0.0,1.8571428571428572
190306,Pasco,OXAPAMPA,PUERTO BERMUDEZ,210.0,23.0,0.0,9.130434782608695
190307,Pasco,OXAPAMPA,VILLA RICA,28.0,17.0,0.0,1.6470588235294117
190308,Pasco,OXAPAMPA,CONSTITUCION,550.0,13.0,0.0,42.30769230769231
200101,Piura,PIURA,PIURA,8847.0,7.0,103.0,1263.857142857143
200104,Piura,PIURA,CASTILLA,9327.0,14.0,195.0,666.2142857142857
200105,Piura,PIURA,CATACAOS,1779.0,12.0,0.0,148.25
200107,Piura,PIURA,CURA MORI,698.0,4.0,0.0,174.5
200108,Piura,PIURA,EL TALLAN,14.0,2.0,0.0,7.0
200109,Piura,PIURA,LA ARENA,655.0,8.0,0.0,81.875
200110,Piura,PIURA,LA UNION,458.0,6.0,15.0,76.33333333333333
200111,Piura,PIURA,LAS LOMAS,575.0,15.0,0.0,38.333333333333336
200114,Piura,PIURA,TAMBO GRANDE,4395.0,25.0,0.0,175.8
200115,Piura,PIURA,VEINTISEIS DE OCTUBRE,5194.0,9.0,102.0,577.1111111111111
200201,Piura,AYABACA,AYABACA,29.0,30.0,0.0,0.9666666666666667
200202,Piura,AYABACA,FRIAS,6.0,9.0,0.0,0.6666666666666666
200203,Piura,AYABACA,JILILI,2.0,3.0,0.0,0.6666666666666666
200206,Piura,AYABACA,PACAIPAMPA,3.0,8.0,0.0,0.375
200207,Piura,AYABACA,PAIMAS,260.0,4.0,0.0,65.0
200208,Piura,AYABACA,SAPILLICA,4.0,4.0,0.0,1.0
200210,Piura,AYABACA,SUYO,104.0,10.0,0.0,10.4
200301,Piura,HUANCABAMBA,HUANCABAMBA,18.0,9.0,0.0,2.0
200302,Piura,HUANCABAMBA,CANCHAQUE,12.0,7.0,7.0,1.7142857142857142
200303,Piura,HUANCABAMBA,EL CARMEN DE LA FRONTERA,2.0,9.0,0.0,0.2222222222222222
200304,Piura,HUANCABAMBA,HUARMACA,13.0,21.0,0.0,0.6190476190476191
200305,Piura,HUANCABAMBA,LALAQUIZ,1.0,4.0,0.0,0.25
200306,Piura,HUANCABAMBA,SAN MIGUEL DE EL FAIQUE,71.0,9.0,0.0,7.888888888888889
200307,Piura,HUANCABAMBA,SONDOR,2.0,4.0,0.0,0.5
200308,Piura,HUANCABAMBA,SONDORILLO,3.0,6.0,0.0,0.5
200401,Piura,MORROPON,CHULUCANAS,4552.0,11.0,68.0,413.8181818181818
200402,Piura,MORROPON,BUENOS AIRES,360.0,5.0,0.0,72.0
200403,Piura,MORROPON,CHALACO,6.0,7.0,0.0,0.8571428571428571
200404,Piura,MORROPON,LA MATANZA,691.0,6.0,0.0,115.16666666666667
200405,Piura,MORROPON,MORROPON,933.0,5.0,8.0,186.6
200406,Piura,MORROPON,SALITRAL,1534.0,5.0,0.0,306.8
200407,Piura,MORROPON,SAN JUAN DE BIGOTE,799.0,3.0,0.0,266.3333333333333
200408,Piura,MORROPON,SANTA CATALINA DE MOSSA,7.0,5.0,0.0,1.4
200409,Piura,MORROPON,SANTO DOMINGO,4.0,5.0,0.0,0.8
200410,Piura,MORROPON,YAMANGO,5.0,7.0,0.0,0.7142857142857143
200501,Piura,PAITA,PAITA,507.0,6.0,91.0,84.5
200502,Piura,PAITA,AMOTAPE,1.0,2.0,0.0,0.5
200503,Piura,PAITA,ARENAL,1.0,1.0,0.0,1.0
200504,Piura,PAITA,COLAN,663.0,1.0,0.0,663.0
200505,Piura,PAITA,LA HUACA,197.0,4.0,0.0,49.25
200506,Piura,PAITA,TAMARINDO,2.0,1.0,0.0,2.0
200507,Piura,PAITA,VICHAYAL,26.0,3.0,0.0,8.666666666666666
200601,Piura,SULLANA,SULLANA,10989.0,12.0,204.0,915.75
200602,Piura,SULLANA,BELLAVISTA,3005.0,11.0,0.0,273.1818181818182
200603,Piura,SULLANA,IGNACIO ESCUDERO,26.0,6.0,0.0,4.333333333333333
200604,Piura,SULLANA,LANCONES,153.0,16.0,0.0,9.5625
200605,Piura,SULLANA,MARCAVELICA,1093.0,10.0,0.0,109.3
200606,Piura,SULLANA,MIGUEL CHECA,444.0,2.0,0.0,222.0
200607,Piura,SULLANA,QUERECOTILLO,446.0,8.0,0.0,55.75
200608,Piura,SULLANA,SALITRAL,307.0,2.0,0.0,153.5
200701,Piura,TALARA,PARIÑAS,3997.0,4.0,35.0,999.25
200702,Piura,TALARA,EL ALTO,506.0,3.0,0.0,168.66666666666666
200703,Piura,TALARA,LA BREA,166.0,3.0,0.0,55.333333333333336
200704,Piura,TALARA,LOBITOS,40.0,1.0,0.0,40.0
200705,Piura,TALARA,LOS ORGANOS,701.0,3.0,0.0,233.66666666666666
200706,Piura,TALARA,MANCORA,785.0,1.0,0.0,785.0
200801,Piura,SECHURA,SECHURA,526.0,8.0,0.0,65.75
200802,Piura,SECHURA,BELLAVISTA DE LA UNION,56.0,2.0,0.0,28.0
200803,Piura,SECHURA,BERNAL,76.0,1.0,0.0,76.0
200804,Piura,SECHURA,CRISTO NOS VALGA,12.0,2.0,0.0,6.0
200805,Piura,SECHURA,VICE,196.0,5.0,0.0,39.2
200806,Piura,SECHURA,RINCONADA LLICUAR,25.0,1.0,0.0,25.0
210303,Puno,CARABAYA,AYAPATA,12.0,4.0,9.0,3.0
210309,Puno,CARABAYA,SAN GABAN,72.0,5.0,0.0,14.4
220101,San Martin,MOYOBAMBA,MOYOBAMBA,757.0,23.0,30.0,32.91304347826087
220102,San Martin,MOYOBAMBA,CALZADA,13.0,2.0,0.0,6.5
220103,San Martin,MOYOBAMBA,HABANA,4.0,1.0,0.0,4.0
220104,San Martin,MOYOBAMBA,JEPELACIO,20.0,10.0,0.0,2.0
220105,San Martin,MOYOBAMBA,SORITOR,59.0,5.0,0.0,11.8
220106,San Martin,MOYOBAMBA,YANTALO,25.0,1.0,0.0,25.0
220201,San Martin,BELLAVISTA,BELLAVISTA,483.0,8.0,10.0,60.375
220202,San Martin,BELLAVISTA,ALTO BIAVO,82.0,6.0,0.0,13.666666666666666
220203,San Martin,BELLAVISTA,BAJO BIAVO,85.0,10.0,4.0,8.5
220204,San Martin,BELLAVISTA,HUALLAGA,54.0,2.0,0.0,27.0
220205,San Martin,BELLAVISTA,SAN PABLO,29.0,6.0,6.0,4.833333333333333
220206,San Martin,BELLAVISTA,SAN RAFAEL,127.0,5.0,0.0,25.4
220301,San Martin,EL DORADO,SAN JOSE DE SISA,273.0,5.0,0.0,54.6
220303,San Martin,EL DORADO,SAN MARTIN,40.0,5.0,0.0,8.0
220304,San Martin,EL DORADO,SANTA ROSA,37.0,6.0,0.0,6.166666666666667
220305,San Martin,EL DORADO,SHATOJA,13.0,2.0,0.0,6.5
220401,San Martin,HUALLAGA,SAPOSOA,134.0,11.0,17.0,12.181818181818182
220402,San Martin,HUALLAGA,ALTO SAPOSOA,26.0,3.0,0.0,8.666666666666666
220403,San Martin,HUALLAGA,EL ESLABON,14.0,2.0,0.0,7.0
220404,San Martin,HUALLAGA,PISCOYACU,11.0,2.0,0.0,5.5
220405,San Martin,HUALLAGA,SACANCHE,31.0,1.0,0.0,31.0
220406,San Martin,HUALLAGA,TINGO DE SAPOSOA,37.0,1.0,0.0,37.0
220501,San Martin,LAMAS,LAMAS,213.0,5.0,16.0,42.6
220502,San Martin,LAMAS,ALONSO DE ALVARADO,13.0,5.0,0.0,2.6
220503,San Martin,LAMAS,BARRANQUITA,97.0,7.0,0.0,13.857142857142858
220504,San Martin,LAMAS,CAYNARACHI,238.0,9.0,0.0,26.444444444444443
220505,San Martin,LAMAS,CUÑUMBUQUI,39.0,6.0,0.0,6.5
220506,San Martin,LAMAS,PINTO RECODO,29.0,8.0,0.0,3.625
220507,San Martin,LAMAS,RUMISAPA,54.0,5.0,0.0,10.8
220508,San Martin,LAMAS,SAN ROQUE DE CUMBAZA,15.0,5.0,0.0,3.0
220509,San Martin,LAMAS,SHANAO,75.0,1.0,0.0,75.0
220510,San Martin,LAMAS,TABALOSOS,132.0,4.0,4.0,33.0
220511,San Martin,LAMAS,ZAPATERO,17.0,11.0,0.0,1.5454545454545454
220601,San Martin,MARISCAL CACERES,JUANJUI,1498.0,8.0,39.0,187.25
220602,San Martin,MARISCAL CACERES,CAMPANILLA,337.0,7.0,0.0,48.142857142857146
220603,San Martin,MARISCAL CACERES,HUICUNGO,115.0,6.0,0.0,19.166666666666668
220604,San Martin,MARISCAL CACERES,PACHIZA,41.0,7.0,0.0,5.857142857142857
220605,San Martin,MARISCAL CACERES,PAJARILLO,208.0,5.0,0.0,41.6
220701,San Martin,PICOTA,PICOTA,320.0,4.0,15.0,80.0
220702,San Martin,PICOTA,BUENOS AIRES,27.0,4.0,0.0,6.75
220703,San Martin,PICOTA,CASPISAPA,50.0,1.0,0.0,50.0
220704,San Martin,PICOTA,PILLUANA,4.0,2.0,0.0,2.0
220705,San Martin,PICOTA,PUCACACA,30.0,2.0,0.0,15.0
220706,San Martin,PICOTA,SAN CRISTOBAL,24.0,1.0,0.0,24.0
220707,San Martin,PICOTA,SAN HILARION,43.0,3.0,0.0,14.333333333333334
220708,San Martin,PICOTA,SHAMBOYACU,37.0,5.0,0.0,7.4
220709,San Martin,PICOTA,TINGO DE PONASA,86.0,5.0,0.0,17.2
220710,San Martin,PICOTA,TRES UNIDOS,8.0,1.0,0.0,8.0
220801,San Martin,RIOJA,RIOJA,130.0,7.0,50.0,18.571428571428573
220802,San Martin,RIOJA,AWAJUN,3.0,4.0,0.0,0.75
220803,San Martin,RIOJA,ELIAS SOPLIN VARGAS,130.0,6.0,0.0,21.666666666666668
220804,San Martin,RIOJA,NUEVA CAJAMARCA,219.0,12.0,0.0,18.25
220805,San Martin,RIOJA,PARDO MIGUEL,6.0,8.0,0.0,0.75
220806,San Martin,RIOJA,POSIC,6.0,1.0,0.0,6.0
220807,San Martin,RIOJA,SAN FERNANDO,17.0,2.0,3.0,8.5
220808,San Martin,RIOJA,YORONGOS,3.0,2.0,0.0,1.5
220809,San Martin,RIOJA,YURACYACU,10.0,1.0,4.0,10.0
220901,San Martin,SAN MARTIN,TARAPOTO,2401.0,8.0,212.0,300.125
220902,San Martin,SAN MARTIN,ALBERTO LEVEAU,1.0,2.0,0.0,0.5
220903,San Martin,SAN MARTIN,CACATACHI,85.0,1.0,0.0,85.0
220904,San Martin,SAN MARTIN,CHAZUTA,99.0,8.0,4.0,12.375
220905,San Martin,SAN MARTIN,CHIPURANA,8.0,3.0,0.0,2.6666666666666665
220906,San Martin,SAN MARTIN,EL PORVENIR,11.0,2.0,0.0,5.5
220908,San Martin,SAN MARTIN,JUAN GUERRA,137.0,2.0,1.0,68.5
220909,San Martin,SAN MARTIN,LA BANDA DE SHILCAYO,1550.0,9.0,6.0,172.22222222222223
220910,San Martin,SAN MARTIN,MORALES,1391.0,2.0,12.0,695.5
220911,San Martin,SAN MARTIN,PAPAPLAYA,10.0,6.0,4.0,1.6666666666666667
220912,San Martin,SAN MARTIN,SAN ANTONIO,25.0,3.0,0.0,8.333333333333334
220913,San Martin,SAN MARTIN,SAUCE,57.0,2.0,4.0,28.5
220914,San Martin,SAN MARTIN,SHAPAJA,45.0,1.0,0.0,45.0
221001,San Martin,TOCACHE,TOCACHE,767.0,10.0,49.0,76.7
221002,San Martin,TOCACHE,NUEVO PROGRESO,140.0,6.0,0.0,23.333333333333332
221003,San Martin,TOCACHE,POLVORA,162.0,7.0,0.0,23.142857142857142
221004,San Martin,TOCACHE,SHUNTE,4.0,1.0,0.0,4.0
221005,San Martin,TOCACHE,UCHIZA,156.0,13.0,0.0,12.0
240101,Tumbes,TUMBES,TUMBES,7684.0,8.0,294.0,960.5
240102,Tumbes,TUMBES,CORRALES,1081.0,3.0,12.0,360.3333333333333
240103,Tumbes,TUMBES,LA CRUZ,567.0,2.0,0.0,283.5
240104,Tumbes,TUMBES,PAMPAS DE HOSPITAL,1048.0,4.0,0.0,262.0
240105,Tumbes,TUMBES,SAN JACINTO,767.0,6.0,0.0,127.83333333333333
240106,Tumbes,TUMBES,SAN JUAN DE LA VIRGEN,913.0,3.0,0.0,304.3333333333333
240201,Tumbes,CONTRALMIRANTE VILLAR,ZORRITOS,934.0,5.0,18.0,186.8
240202,Tumbes,CONTRALMIRANTE VILLAR,CASITAS,174.0,3.0,0.0,58.0
240203,Tumbes,CONTRALMIRANTE VILLAR,CANOAS DE PUNTA SAL,850.0,3.0,0.0,283.3333333333333
240301,Tumbes,ZARUMILLA,ZARUMILLA,1428.0,2.0,20.0,714.0
240302,Tumbes,ZARUMILLA,AGUAS VERDES,1051.0,4.0,0.0,262.75
240303,Tumbes,ZARUMILLA,MATAPALO,290.0,1.0,0.0,290.0
240304,Tumbes,ZARUMILLA,PAPAYAL,905.0,5.0,0.0,181.0
250101,Ucayali,CORONEL PORTILLO,CALLERIA,6212.0,32.0,263.0,194.125
250102,Ucayali,CORONEL PORTILLO,CAMPOVERDE,259.0,24.0,0.0,10.791666666666666
250103,Ucayali,CORONEL PORTILLO,IPARIA,3.0,17.0,0.0,0.17647058823529413
250104,Ucayali,CORONEL PORTILLO,MASISEA,59.0,21.0,0.0,2.8095238095238093
250105,Ucayali,CORONEL PORTILLO,YARINACOCHA,3115.0,24.0,25.0,129.79166666666666
250106,Ucayali,CORONEL PORTILLO,NUEVA REQUENA,149.0,8.0,0.0,18.625
250107,Ucayali,CORONEL PORTILLO,MANANTAY,3249.0,13.0,0.0,249.92307692307693
250201,Ucayali,ATALAYA,RAYMONDI,870.0,16.0,0.0,54.375
250202,Ucayali,ATALAYA,SEPAHUA,87.0,4.0,0.0,21.75
250203,Ucayali,ATALAYA,TAHUANIA,88.0,6.0,0.0,14.666666666666666
250204,Ucayali,ATALAYA,YURUA,3.0,3.0,0.0,1.0
250301,Ucayali,PADRE ABAD,PADRE ABAD,754.0,15.0,0.0,50.266666666666666
250302,Ucayali,PADRE ABAD,IRAZOLA,125.0,7.0,16.0,17.857142857142858
250303,Ucayali,PADRE ABAD,CURIMANA,187.0,6.0,0.0,31.166666666666668
250304,Ucayali,PADRE ABAD,NESHUYA,45.0,8.0,0.0,5.625
250305,Ucayali,PADRE ABAD,ALEXANDER VON HUMBOLDT,8.0,2.0,0.0,4.0
250401,Ucayali,PURUS,PURUS,1.0,8.0,0.0,0.125
